Loan_ID,Gender,Married,Dependents,Education,Self_Employed,ApplicantIncome,CoapplicantIncome,LoanAmount,Loan_Amount_Term,Credit_History,Property_Area,Loan_Status
LP001002,Male,No,0,Graduate,No,5849,0.0,,360.0,1.0,Urban,Y
LP001003,Male,Yes,1,Graduate,No,4583,1508.0,128.0,360.0,1.0,Rural,N
LP001005,Male,Yes,0,Graduate,Yes,3000,0.0,66.0,360.0,1.0,Urban,Y
LP001006,Male,Yes,0,Not Graduate,No,2583,2358.0,120.0,360.0,1.0,Urban,Y
LP001008,Male,No,0,Graduate,No,6000,0.0,141.0,360.0,1.0,Urban,Y
LP001011,Male,Yes,2,Graduate,Yes,5417,4196.0,267.0,360.0,1.0,Urban,Y
LP001013,Male,Yes,0,Not Graduate,No,2333,1516.0,95.0,360.0,1.0,Urban,Y
LP001014,Male,Yes,3+,Graduate,No,3036,2504.0,158.0,360.0,0.0,Semiurban,N
LP001018,Male,Yes,2,Graduate,No,4006,1526.0,168.0,360.0,1.0,Urban,Y
LP001020,Male,Yes,1,Graduate,No,12841,10968.0,349.0,360.0,1.0,Semiurban,Y
LP001024,Male,Yes,2,Graduate,No,3200,700.0,70.0,360.0,1.0,Urban,Y
LP001027,Male,Yes,2,Graduate,,2500,1840.0,109.0,360.0,1.0,Urban,Y
LP001028,Male,Yes,2,Graduate,No,3073,8106.0,200.0,360.0,1.0,Urban,Y
LP001029,Male,No,0,Graduate,No,1853,2840.0,114.0,360.0,1.0,Rural,N
LP001030,Male,Yes,2,Graduate,No,1299,1086.0,17.0,120.0,1.0,Urban,Y
LP001032,Male,No,0,Graduate,No,4950,0.0,125.0,360.0,1.0,Urban,Y
LP001034,Male,No,1,Not Graduate,No,3596,0.0,100.0,240.0,,Urban,Y
LP001036,Female,No,0,Graduate,No,3510,0.0,76.0,360.0,0.0,Urban,N
LP001038,Male,Yes,0,Not Graduate,No,4887,0.0,133.0,360.0,1.0,Rural,N
LP001041,Male,Yes,0,Graduate,,2600,3500.0,115.0,,1.0,Urban,Y
LP001043,Male,Yes,0,Not Graduate,No,7660,0.0,104.0,360.0,0.0,Urban,Y
LP001046,Male,Yes,1,Graduate,No,5955,5625.0,315.0,360.0,1.0,Urban,Y
LP001047,Male,Yes,0,Not Graduate,No,2600,1911.0,116.0,360.0,0.0,Semiurban,N
LP001050,,Yes,2,Not Graduate,No,3365,1917.0,112.0,360.0,0.0,Rural,N
LP001052,Male,Yes,1,Graduate,,3717,2925.0,151.0,360.0,,Semiurban,N
LP001066,Male,Yes,0,Graduate,Yes,9560,0.0,191.0,360.0,1.0,Semiurban,Y
LP001068,Male,Yes,0,Graduate,No,2799,2253.0,122.0,360.0,1.0,Semiurban,Y
LP001073,Male,Yes,2,Not Graduate,No,4226,1040.0,110.0,360.0,1.0,Urban,Y
LP001086,Male,No,0,Not Graduate,No,1442,0.0,35.0,360.0,1.0,Urban,N
LP001087,Female,No,2,Graduate,,3750,2083.0,120.0,360.0,1.0,Semiurban,Y
LP001091,Male,Yes,1,Graduate,,4166,3369.0,201.0,360.0,,Urban,N
LP001095,Male,No,0,Graduate,No,3167,0.0,74.0,360.0,1.0,Urban,N
LP001097,Male,No,1,Graduate,Yes,4692,0.0,106.0,360.0,1.0,Rural,N
LP001098,Male,Yes,0,Graduate,No,3500,1667.0,114.0,360.0,1.0,Semiurban,Y
LP001100,Male,No,3+,Graduate,No,12500,3000.0,320.0,360.0,1.0,Rural,N
LP001106,Male,Yes,0,Graduate,No,2275,2067.0,,360.0,1.0,Urban,Y
LP001109,Male,Yes,0,Graduate,No,1828,1330.0,100.0,,0.0,Urban,N
LP001112,Female,Yes,0,Graduate,No,3667,1459.0,144.0,360.0,1.0,Semiurban,Y
LP001114,Male,No,0,Graduate,No,4166,7210.0,184.0,360.0,1.0,Urban,Y
LP001116,Male,No,0,Not Graduate,No,3748,1668.0,110.0,360.0,1.0,Semiurban,Y
LP001119,Male,No,0,Graduate,No,3600,0.0,80.0,360.0,1.0,Urban,N
LP001120,Male,No,0,Graduate,No,1800,1213.0,47.0,360.0,1.0,Urban,Y
LP001123,Male,Yes,0,Graduate,No,2400,0.0,75.0,360.0,,Urban,Y
LP001131,Male,Yes,0,Graduate,No,3941,2336.0,134.0,360.0,1.0,Semiurban,Y
LP001136,Male,Yes,0,Not Graduate,Yes,4695,0.0,96.0,,1.0,Urban,Y
LP001137,Female,No,0,Graduate,No,3410,0.0,88.0,,1.0,Urban,Y
LP001138,Male,Yes,1,Graduate,No,5649,0.0,44.0,360.0,1.0,Urban,Y
LP001144,Male,Yes,0,Graduate,No,5821,0.0,144.0,360.0,1.0,Urban,Y
LP001146,Female,Yes,0,Graduate,No,2645,3440.0,120.0,360.0,0.0,Urban,N
LP001151,Female,No,0,Graduate,No,4000,2275.0,144.0,360.0,1.0,Semiurban,Y
LP001155,Female,Yes,0,Not Graduate,No,1928,1644.0,100.0,360.0,1.0,Semiurban,Y
LP001157,Female,No,0,Graduate,No,3086,0.0,120.0,360.0,1.0,Semiurban,Y
LP001164,Female,No,0,Graduate,No,4230,0.0,112.0,360.0,1.0,Semiurban,N
LP001179,Male,Yes,2,Graduate,No,4616,0.0,134.0,360.0,1.0,Urban,N
LP001186,Female,Yes,1,Graduate,Yes,11500,0.0,286.0,360.0,0.0,Urban,Y
LP001194,Male,Yes,2,Graduate,No,2708,1167.0,97.0,360.0,1.0,Semiurban,Y
LP001195,Male,Yes,0,Graduate,No,2132,1591.0,96.0,360.0,1.0,Semiurban,Y
LP001197,Male,Yes,0,Graduate,No,3366,2200.0,135.0,360.0,1.0,Rural,N
LP001198,Male,Yes,1,Graduate,No,8080,2250.0,180.0,360.0,1.0,Urban,Y
LP001199,Male,Yes,2,Not Graduate,No,3357,2859.0,144.0,360.0,1.0,Urban,Y
LP001205,Male,Yes,0,Graduate,No,2500,3796.0,120.0,360.0,1.0,Urban,Y
LP001206,Male,Yes,3+,Graduate,No,3029,0.0,99.0,360.0,1.0,Urban,Y
LP001207,Male,Yes,0,Not Graduate,Yes,2609,3449.0,165.0,180.0,0.0,Rural,N
LP001213,Male,Yes,1,Graduate,No,4945,0.0,,360.0,0.0,Rural,N
LP001222,Female,No,0,Graduate,No,4166,0.0,116.0,360.0,0.0,Semiurban,N
LP001225,Male,Yes,0,Graduate,No,5726,4595.0,258.0,360.0,1.0,Semiurban,Y
LP001228,Male,No,0,Not Graduate,No,3200,2254.0,126.0,180.0,0.0,Urban,N
LP001233,Male,Yes,1,Graduate,No,10750,0.0,312.0,360.0,1.0,Urban,Y
LP001238,Male,Yes,3+,Not Graduate,Yes,7100,0.0,125.0,60.0,1.0,Urban,Y
LP001241,Female,No,0,Graduate,No,4300,0.0,136.0,360.0,0.0,Semiurban,N
LP001243,Male,Yes,0,Graduate,No,3208,3066.0,172.0,360.0,1.0,Urban,Y
LP001245,Male,Yes,2,Not Graduate,Yes,1875,1875.0,97.0,360.0,1.0,Semiurban,Y
LP001248,Male,No,0,Graduate,No,3500,0.0,81.0,300.0,1.0,Semiurban,Y
LP001250,Male,Yes,3+,Not Graduate,No,4755,0.0,95.0,,0.0,Semiurban,N
LP001253,Male,Yes,3+,Graduate,Yes,5266,1774.0,187.0,360.0,1.0,Semiurban,Y
LP001255,Male,No,0,Graduate,No,3750,0.0,113.0,480.0,1.0,Urban,N
LP001256,Male,No,0,Graduate,No,3750,4750.0,176.0,360.0,1.0,Urban,Y
LP001259,Male,Yes,1,Graduate,Yes,1000,3022.0,110.0,360.0,1.0,Urban,N
LP001263,Male,Yes,3+,Graduate,No,3167,4000.0,180.0,300.0,0.0,Semiurban,N
LP001264,Male,Yes,3+,Not Graduate,Yes,3333,2166.0,130.0,360.0,,Semiurban,Y
LP001265,Female,No,0,Graduate,No,3846,0.0,111.0,360.0,1.0,Semiurban,Y
LP001266,Male,Yes,1,Graduate,Yes,2395,0.0,,360.0,1.0,Semiurban,Y
LP001267,Female,Yes,2,Graduate,No,1378,1881.0,167.0,360.0,1.0,Urban,N
LP001273,Male,Yes,0,Graduate,No,6000,2250.0,265.0,360.0,,Semiurban,N
LP001275,Male,Yes,1,Graduate,No,3988,0.0,50.0,240.0,1.0,Urban,Y
LP001279,Male,No,0,Graduate,No,2366,2531.0,136.0,360.0,1.0,Semiurban,Y
LP001280,Male,Yes,2,Not Graduate,No,3333,2000.0,99.0,360.0,,Semiurban,Y
LP001282,Male,Yes,0,Graduate,No,2500,2118.0,104.0,360.0,1.0,Semiurban,Y
LP001289,Male,No,0,Graduate,No,8566,0.0,210.0,360.0,1.0,Urban,Y
LP001310,Male,Yes,0,Graduate,No,5695,4167.0,175.0,360.0,1.0,Semiurban,Y
LP001316,Male,Yes,0,Graduate,No,2958,2900.0,131.0,360.0,1.0,Semiurban,Y
LP001318,Male,Yes,2,Graduate,No,6250,5654.0,188.0,180.0,1.0,Semiurban,Y
LP001319,Male,Yes,2,Not Graduate,No,3273,1820.0,81.0,360.0,1.0,Urban,Y
LP001322,Male,No,0,Graduate,No,4133,0.0,122.0,360.0,1.0,Semiurban,Y
LP001325,Male,No,0,Not Graduate,No,3620,0.0,25.0,120.0,1.0,Semiurban,Y
LP001326,Male,No,0,Graduate,,6782,0.0,,360.0,,Urban,N
LP001327,Female,Yes,0,Graduate,No,2484,2302.0,137.0,360.0,1.0,Semiurban,Y
LP001333,Male,Yes,0,Graduate,No,1977,997.0,50.0,360.0,1.0,Semiurban,Y
LP001334,Male,Yes,0,Not Graduate,No,4188,0.0,115.0,180.0,1.0,Semiurban,Y
LP001343,Male,Yes,0,Graduate,No,1759,3541.0,131.0,360.0,1.0,Semiurban,Y
LP001345,Male,Yes,2,Not Graduate,No,4288,3263.0,133.0,180.0,1.0,Urban,Y
LP001349,Male,No,0,Graduate,No,4843,3806.0,151.0,360.0,1.0,Semiurban,Y
LP001350,Male,Yes,,Graduate,No,13650,0.0,,360.0,1.0,Urban,Y
LP001356,Male,Yes,0,Graduate,No,4652,3583.0,,360.0,1.0,Semiurban,Y
LP001357,Male,,,Graduate,No,3816,754.0,160.0,360.0,1.0,Urban,Y
LP001367,Male,Yes,1,Graduate,No,3052,1030.0,100.0,360.0,1.0,Urban,Y
LP001369,Male,Yes,2,Graduate,No,11417,1126.0,225.0,360.0,1.0,Urban,Y
LP001370,Male,No,0,Not Graduate,,7333,0.0,120.0,360.0,1.0,Rural,N
LP001379,Male,Yes,2,Graduate,No,3800,3600.0,216.0,360.0,0.0,Urban,N
LP001384,Male,Yes,3+,Not Graduate,No,2071,754.0,94.0,480.0,1.0,Semiurban,Y
LP001385,Male,No,0,Graduate,No,5316,0.0,136.0,360.0,1.0,Urban,Y
LP001387,Female,Yes,0,Graduate,,2929,2333.0,139.0,360.0,1.0,Semiurban,Y
LP001391,Male,Yes,0,Not Graduate,No,3572,4114.0,152.0,,0.0,Rural,Y
LP001392,Female,No,1,Graduate,Yes,7451,0.0,,360.0,1.0,Semiurban,Y
LP001398,Male,No,0,Graduate,,5050,0.0,118.0,360.0,1.0,Semiurban,Y
LP001401,Male,Yes,1,Graduate,No,14583,0.0,185.0,180.0,1.0,Rural,Y
LP001404,Female,Yes,0,Graduate,No,3167,2283.0,154.0,360.0,1.0,Semiurban,Y
LP001405,Male,Yes,1,Graduate,No,2214,1398.0,85.0,360.0,,Urban,Y
LP001421,Male,Yes,0,Graduate,No,5568,2142.0,175.0,360.0,1.0,Rural,N
LP001422,Female,No,0,Graduate,No,10408,0.0,259.0,360.0,1.0,Urban,Y
LP001426,Male,Yes,,Graduate,No,5667,2667.0,180.0,360.0,1.0,Rural,Y
LP001430,Female,No,0,Graduate,No,4166,0.0,44.0,360.0,1.0,Semiurban,Y
LP001431,Female,No,0,Graduate,No,2137,8980.0,137.0,360.0,0.0,Semiurban,Y
LP001432,Male,Yes,2,Graduate,No,2957,0.0,81.0,360.0,1.0,Semiurban,Y
LP001439,Male,Yes,0,Not Graduate,No,4300,2014.0,194.0,360.0,1.0,Rural,Y
LP001443,Female,No,0,Graduate,No,3692,0.0,93.0,360.0,,Rural,Y
LP001448,,Yes,3+,Graduate,No,23803,0.0,370.0,360.0,1.0,Rural,Y
LP001449,Male,No,0,Graduate,No,3865,1640.0,,360.0,1.0,Rural,Y
LP001451,Male,Yes,1,Graduate,Yes,10513,3850.0,160.0,180.0,0.0,Urban,Y
LP001465,Male,Yes,0,Graduate,No,6080,2569.0,182.0,360.0,,Rural,N
LP001469,Male,No,0,Graduate,Yes,20166,0.0,650.0,480.0,,Urban,Y
LP001473,Male,No,0,Graduate,No,2014,1929.0,74.0,360.0,1.0,Urban,Y
LP001478,Male,No,0,Graduate,No,2718,0.0,70.0,360.0,1.0,Semiurban,Y
LP001482,Male,Yes,0,Graduate,Yes,3459,0.0,25.0,120.0,1.0,Semiurban,Y
LP001487,Male,No,0,Graduate,No,4895,0.0,102.0,360.0,1.0,Semiurban,Y
LP001488,Male,Yes,3+,Graduate,No,4000,7750.0,290.0,360.0,1.0,Semiurban,Y
LP001489,Female,Yes,0,Graduate,No,4583,0.0,84.0,360.0,1.0,Rural,N
LP001491,Male,Yes,2,Graduate,Yes,3316,3500.0,88.0,360.0,1.0,Urban,Y
LP001492,Male,No,0,Graduate,No,14999,0.0,242.0,360.0,0.0,Semiurban,Y
LP001493,Male,Yes,2,Not Graduate,No,4200,1430.0,129.0,360.0,1.0,Rural,N
LP001497,Male,Yes,2,Graduate,No,5042,2083.0,185.0,360.0,1.0,Rural,N
LP001498,Male,No,0,Graduate,No,5417,0.0,168.0,360.0,1.0,Urban,Y
LP001504,Male,No,0,Graduate,Yes,6950,0.0,175.0,180.0,1.0,Semiurban,Y
LP001507,Male,Yes,0,Graduate,No,2698,2034.0,122.0,360.0,1.0,Semiurban,Y
LP001508,Male,Yes,2,Graduate,No,11757,0.0,187.0,180.0,1.0,Urban,Y
LP001514,Female,Yes,0,Graduate,No,2330,4486.0,100.0,360.0,1.0,Semiurban,Y
LP001516,Female,Yes,2,Graduate,No,14866,0.0,70.0,360.0,1.0,Urban,Y
LP001518,Male,Yes,1,Graduate,No,1538,1425.0,30.0,360.0,1.0,Urban,Y
LP001519,Female,No,0,Graduate,No,10000,1666.0,225.0,360.0,1.0,Rural,N
LP001520,Male,Yes,0,Graduate,No,4860,830.0,125.0,360.0,1.0,Semiurban,Y
LP001528,Male,No,0,Graduate,No,6277,0.0,118.0,360.0,0.0,Rural,Y
LP001529,Male,Yes,0,Graduate,Yes,2577,3750.0,152.0,360.0,1.0,Rural,Y
LP001531,Male,No,0,Graduate,No,9166,0.0,244.0,360.0,1.0,Urban,N
LP001532,Male,Yes,2,Not Graduate,No,2281,0.0,113.0,360.0,1.0,Rural,N
LP001535,Male,No,0,Graduate,No,3254,0.0,50.0,360.0,1.0,Urban,Y
LP001536,Male,Yes,3+,Graduate,No,39999,0.0,600.0,180.0,0.0,Semiurban,Y
LP001541,Male,Yes,1,Graduate,No,6000,0.0,160.0,360.0,,Rural,Y
LP001543,Male,Yes,1,Graduate,No,9538,0.0,187.0,360.0,1.0,Urban,Y
LP001546,Male,No,0,Graduate,,2980,2083.0,120.0,360.0,1.0,Rural,Y
LP001552,Male,Yes,0,Graduate,No,4583,5625.0,255.0,360.0,1.0,Semiurban,Y
LP001560,Male,Yes,0,Not Graduate,No,1863,1041.0,98.0,360.0,1.0,Semiurban,Y
LP001562,Male,Yes,0,Graduate,No,7933,0.0,275.0,360.0,1.0,Urban,N
LP001565,Male,Yes,1,Graduate,No,3089,1280.0,121.0,360.0,0.0,Semiurban,N
LP001570,Male,Yes,2,Graduate,No,4167,1447.0,158.0,360.0,1.0,Rural,Y
LP001572,Male,Yes,0,Graduate,No,9323,0.0,75.0,180.0,1.0,Urban,Y
LP001574,Male,Yes,0,Graduate,No,3707,3166.0,182.0,,1.0,Rural,Y
LP001577,Female,Yes,0,Graduate,No,4583,0.0,112.0,360.0,1.0,Rural,N
LP001578,Male,Yes,0,Graduate,No,2439,3333.0,129.0,360.0,1.0,Rural,Y
LP001579,Male,No,0,Graduate,No,2237,0.0,63.0,480.0,0.0,Semiurban,N
LP001580,Male,Yes,2,Graduate,No,8000,0.0,200.0,360.0,1.0,Semiurban,Y
LP001581,Male,Yes,0,Not Graduate,,1820,1769.0,95.0,360.0,1.0,Rural,Y
LP001585,,Yes,3+,Graduate,No,51763,0.0,700.0,300.0,1.0,Urban,Y
LP001586,Male,Yes,3+,Not Graduate,No,3522,0.0,81.0,180.0,1.0,Rural,N
LP001594,Male,Yes,0,Graduate,No,5708,5625.0,187.0,360.0,1.0,Semiurban,Y
LP001603,Male,Yes,0,Not Graduate,Yes,4344,736.0,87.0,360.0,1.0,Semiurban,N
LP001606,Male,Yes,0,Graduate,No,3497,1964.0,116.0,360.0,1.0,Rural,Y
LP001608,Male,Yes,2,Graduate,No,2045,1619.0,101.0,360.0,1.0,Rural,Y
LP001610,Male,Yes,3+,Graduate,No,5516,11300.0,495.0,360.0,0.0,Semiurban,Y
LP001616,Male,Yes,1,Graduate,No,3750,0.0,116.0,360.0,1.0,Semiurban,Y
LP001630,Male,No,0,Not Graduate,No,2333,1451.0,102.0,480.0,0.0,Urban,N
LP001633,Male,Yes,1,Graduate,No,6400,7250.0,180.0,360.0,0.0,Urban,Y
LP001634,Male,No,0,Graduate,No,1916,5063.0,67.0,360.0,,Rural,Y
LP001636,Male,Yes,0,Graduate,No,4600,0.0,73.0,180.0,1.0,Semiurban,Y
LP001637,Male,Yes,1,Graduate,No,33846,0.0,260.0,360.0,1.0,Semiurban,N
LP001639,Female,Yes,0,Graduate,No,3625,0.0,108.0,360.0,1.0,Semiurban,Y
LP001640,Male,Yes,0,Graduate,Yes,39147,4750.0,120.0,360.0,1.0,Semiurban,Y
LP001641,Male,Yes,1,Graduate,Yes,2178,0.0,66.0,300.0,0.0,Rural,N
LP001643,Male,Yes,0,Graduate,No,2383,2138.0,58.0,360.0,,Rural,Y
LP001644,,Yes,0,Graduate,Yes,674,5296.0,168.0,360.0,1.0,Rural,Y
LP001647,Male,Yes,0,Graduate,No,9328,0.0,188.0,180.0,1.0,Rural,Y
LP001653,Male,No,0,Not Graduate,No,4885,0.0,48.0,360.0,1.0,Rural,Y
LP001656,Male,No,0,Graduate,No,12000,0.0,164.0,360.0,1.0,Semiurban,N
LP001657,Male,Yes,0,Not Graduate,No,6033,0.0,160.0,360.0,1.0,Urban,N
LP001658,Male,No,0,Graduate,No,3858,0.0,76.0,360.0,1.0,Semiurban,Y
LP001664,Male,No,0,Graduate,No,4191,0.0,120.0,360.0,1.0,Rural,Y
LP001665,Male,Yes,1,Graduate,No,3125,2583.0,170.0,360.0,1.0,Semiurban,N
LP001666,Male,No,0,Graduate,No,8333,3750.0,187.0,360.0,1.0,Rural,Y
LP001669,Female,No,0,Not Graduate,No,1907,2365.0,120.0,,1.0,Urban,Y
LP001671,Female,Yes,0,Graduate,No,3416,2816.0,113.0,360.0,,Semiurban,Y
LP001673,Male,No,0,Graduate,Yes,11000,0.0,83.0,360.0,1.0,Urban,N
LP001674,Male,Yes,1,Not Graduate,No,2600,2500.0,90.0,360.0,1.0,Semiurban,Y
LP001677,Male,No,2,Graduate,No,4923,0.0,166.0,360.0,0.0,Semiurban,Y
LP001682,Male,Yes,3+,Not Graduate,No,3992,0.0,,180.0,1.0,Urban,N
LP001688,Male,Yes,1,Not Graduate,No,3500,1083.0,135.0,360.0,1.0,Urban,Y
LP001691,Male,Yes,2,Not Graduate,No,3917,0.0,124.0,360.0,1.0,Semiurban,Y
LP001692,Female,No,0,Not Graduate,No,4408,0.0,120.0,360.0,1.0,Semiurban,Y
LP001693,Female,No,0,Graduate,No,3244,0.0,80.0,360.0,1.0,Urban,Y
LP001698,Male,No,0,Not Graduate,No,3975,2531.0,55.0,360.0,1.0,Rural,Y
LP001699,Male,No,0,Graduate,No,2479,0.0,59.0,360.0,1.0,Urban,Y
LP001702,Male,No,0,Graduate,No,3418,0.0,127.0,360.0,1.0,Semiurban,N
LP001708,Female,No,0,Graduate,No,10000,0.0,214.0,360.0,1.0,Semiurban,N
LP001711,Male,Yes,3+,Graduate,No,3430,1250.0,128.0,360.0,0.0,Semiurban,N
LP001713,Male,Yes,1,Graduate,Yes,7787,0.0,240.0,360.0,1.0,Urban,Y
LP001715,Male,Yes,3+,Not Graduate,Yes,5703,0.0,130.0,360.0,1.0,Rural,Y
LP001716,Male,Yes,0,Graduate,No,3173,3021.0,137.0,360.0,1.0,Urban,Y
LP001720,Male,Yes,3+,Not Graduate,No,3850,983.0,100.0,360.0,1.0,Semiurban,Y
LP001722,Male,Yes,0,Graduate,No,150,1800.0,135.0,360.0,1.0,Rural,N
LP001726,Male,Yes,0,Graduate,No,3727,1775.0,131.0,360.0,1.0,Semiurban,Y
LP001732,Male,Yes,2,Graduate,,5000,0.0,72.0,360.0,0.0,Semiurban,N
LP001734,Female,Yes,2,Graduate,No,4283,2383.0,127.0,360.0,,Semiurban,Y
LP001736,Male,Yes,0,Graduate,No,2221,0.0,60.0,360.0,0.0,Urban,N
LP001743,Male,Yes,2,Graduate,No,4009,1717.0,116.0,360.0,1.0,Semiurban,Y
LP001744,Male,No,0,Graduate,No,2971,2791.0,144.0,360.0,1.0,Semiurban,Y
LP001749,Male,Yes,0,Graduate,No,7578,1010.0,175.0,,1.0,Semiurban,Y
LP001750,Male,Yes,0,Graduate,No,6250,0.0,128.0,360.0,1.0,Semiurban,Y
LP001751,Male,Yes,0,Graduate,No,3250,0.0,170.0,360.0,1.0,Rural,N
LP001754,Male,Yes,,Not Graduate,Yes,4735,0.0,138.0,360.0,1.0,Urban,N
LP001758,Male,Yes,2,Graduate,No,6250,1695.0,210.0,360.0,1.0,Semiurban,Y
LP001760,Male,,,Graduate,No,4758,0.0,158.0,480.0,1.0,Semiurban,Y
LP001761,Male,No,0,Graduate,Yes,6400,0.0,200.0,360.0,1.0,Rural,Y
LP001765,Male,Yes,1,Graduate,No,2491,2054.0,104.0,360.0,1.0,Semiurban,Y
LP001768,Male,Yes,0,Graduate,,3716,0.0,42.0,180.0,1.0,Rural,Y
LP001770,Male,No,0,Not Graduate,No,3189,2598.0,120.0,,1.0,Rural,Y
LP001776,Female,No,0,Graduate,No,8333,0.0,280.0,360.0,1.0,Semiurban,Y
LP001778,Male,Yes,1,Graduate,No,3155,1779.0,140.0,360.0,1.0,Semiurban,Y
LP001784,Male,Yes,1,Graduate,No,5500,1260.0,170.0,360.0,1.0,Rural,Y
LP001786,Male,Yes,0,Graduate,,5746,0.0,255.0,360.0,,Urban,N
LP001788,Female,No,0,Graduate,Yes,3463,0.0,122.0,360.0,,Urban,Y
LP001790,Female,No,1,Graduate,No,3812,0.0,112.0,360.0,1.0,Rural,Y
LP001792,Male,Yes,1,Graduate,No,3315,0.0,96.0,360.0,1.0,Semiurban,Y
LP001798,Male,Yes,2,Graduate,No,5819,5000.0,120.0,360.0,1.0,Rural,Y
LP001800,Male,Yes,1,Not Graduate,No,2510,1983.0,140.0,180.0,1.0,Urban,N
LP001806,Male,No,0,Graduate,No,2965,5701.0,155.0,60.0,1.0,Urban,Y
LP001807,Male,Yes,2,Graduate,Yes,6250,1300.0,108.0,360.0,1.0,Rural,Y
LP001811,Male,Yes,0,Not Graduate,No,3406,4417.0,123.0,360.0,1.0,Semiurban,Y
LP001813,Male,No,0,Graduate,Yes,6050,4333.0,120.0,180.0,1.0,Urban,Y
LP001814,Male,Yes,2,Graduate,No,9703,0.0,112.0,360.0,1.0,Urban,Y
LP001819,Male,Yes,1,Not Graduate,No,6608,0.0,137.0,180.0,1.0,Urban,Y
LP001824,Male,Yes,1,Graduate,No,2882,1843.0,123.0,480.0,1.0,Semiurban,Y
LP001825,Male,Yes,0,Graduate,No,1809,1868.0,90.0,360.0,1.0,Urban,Y
LP001835,Male,Yes,0,Not Graduate,No,1668,3890.0,201.0,360.0,0.0,Semiurban,N
LP001836,Female,No,2,Graduate,No,3427,0.0,138.0,360.0,1.0,Urban,N
LP001841,Male,No,0,Not Graduate,Yes,2583,2167.0,104.0,360.0,1.0,Rural,Y
LP001843,Male,Yes,1,Not Graduate,No,2661,7101.0,279.0,180.0,1.0,Semiurban,Y
LP001844,Male,No,0,Graduate,Yes,16250,0.0,192.0,360.0,0.0,Urban,Y
LP001846,Female,No,3+,Graduate,No,3083,0.0,255.0,360.0,1.0,Rural,Y
LP001849,Male,No,0,Not Graduate,No,6045,0.0,115.0,360.0,0.0,Rural,Y
LP001854,Male,Yes,3+,Graduate,No,5250,0.0,94.0,360.0,1.0,Urban,N
LP001859,Male,Yes,0,Graduate,No,14683,2100.0,304.0,360.0,1.0,Rural,N
LP001864,Male,Yes,3+,Not Graduate,No,4931,0.0,128.0,360.0,,Semiurban,N
LP001865,Male,Yes,1,Graduate,No,6083,4250.0,330.0,360.0,,Urban,Y
LP001868,Male,No,0,Graduate,No,2060,2209.0,134.0,360.0,1.0,Semiurban,Y
LP001870,Female,No,1,Graduate,No,3481,0.0,155.0,36.0,1.0,Semiurban,N
LP001871,Female,No,0,Graduate,No,7200,0.0,120.0,360.0,1.0,Rural,Y
LP001872,Male,No,0,Graduate,Yes,5166,0.0,128.0,360.0,1.0,Semiurban,Y
LP001875,Male,No,0,Graduate,No,4095,3447.0,151.0,360.0,1.0,Rural,Y
LP001877,Male,Yes,2,Graduate,No,4708,1387.0,150.0,360.0,1.0,Semiurban,Y
LP001882,Male,Yes,3+,Graduate,No,4333,1811.0,160.0,360.0,0.0,Urban,Y
LP001883,Female,No,0,Graduate,,3418,0.0,135.0,360.0,1.0,Rural,N
LP001884,Female,No,1,Graduate,No,2876,1560.0,90.0,360.0,1.0,Urban,Y
LP001888,Female,No,0,Graduate,No,3237,0.0,30.0,360.0,1.0,Urban,Y
LP001891,Male,Yes,0,Graduate,No,11146,0.0,136.0,360.0,1.0,Urban,Y
LP001892,Male,No,0,Graduate,No,2833,1857.0,126.0,360.0,1.0,Rural,Y
LP001894,Male,Yes,0,Graduate,No,2620,2223.0,150.0,360.0,1.0,Semiurban,Y
LP001896,Male,Yes,2,Graduate,No,3900,0.0,90.0,360.0,1.0,Semiurban,Y
LP001900,Male,Yes,1,Graduate,No,2750,1842.0,115.0,360.0,1.0,Semiurban,Y
LP001903,Male,Yes,0,Graduate,No,3993,3274.0,207.0,360.0,1.0,Semiurban,Y
LP001904,Male,Yes,0,Graduate,No,3103,1300.0,80.0,360.0,1.0,Urban,Y
LP001907,Male,Yes,0,Graduate,No,14583,0.0,436.0,360.0,1.0,Semiurban,Y
LP001908,Female,Yes,0,Not Graduate,No,4100,0.0,124.0,360.0,,Rural,Y
LP001910,Male,No,1,Not Graduate,Yes,4053,2426.0,158.0,360.0,0.0,Urban,N
LP001914,Male,Yes,0,Graduate,No,3927,800.0,112.0,360.0,1.0,Semiurban,Y
LP001915,Male,Yes,2,Graduate,No,2301,985.7999878,78.0,180.0,1.0,Urban,Y
LP001917,Female,No,0,Graduate,No,1811,1666.0,54.0,360.0,1.0,Urban,Y
LP001922,Male,Yes,0,Graduate,No,20667,0.0,,360.0,1.0,Rural,N
LP001924,Male,No,0,Graduate,No,3158,3053.0,89.0,360.0,1.0,Rural,Y
LP001925,Female,No,0,Graduate,Yes,2600,1717.0,99.0,300.0,1.0,Semiurban,N
LP001926,Male,Yes,0,Graduate,No,3704,2000.0,120.0,360.0,1.0,Rural,Y
LP001931,Female,No,0,Graduate,No,4124,0.0,115.0,360.0,1.0,Semiurban,Y
LP001935,Male,No,0,Graduate,No,9508,0.0,187.0,360.0,1.0,Rural,Y
LP001936,Male,Yes,0,Graduate,No,3075,2416.0,139.0,360.0,1.0,Rural,Y
LP001938,Male,Yes,2,Graduate,No,4400,0.0,127.0,360.0,0.0,Semiurban,N
LP001940,Male,Yes,2,Graduate,No,3153,1560.0,134.0,360.0,1.0,Urban,Y
LP001945,Female,No,,Graduate,No,5417,0.0,143.0,480.0,0.0,Urban,N
LP001947,Male,Yes,0,Graduate,No,2383,3334.0,172.0,360.0,1.0,Semiurban,Y
LP001949,Male,Yes,3+,Graduate,,4416,1250.0,110.0,360.0,1.0,Urban,Y
LP001953,Male,Yes,1,Graduate,No,6875,0.0,200.0,360.0,1.0,Semiurban,Y
LP001954,Female,Yes,1,Graduate,No,4666,0.0,135.0,360.0,1.0,Urban,Y
LP001955,Female,No,0,Graduate,No,5000,2541.0,151.0,480.0,1.0,Rural,N
LP001963,Male,Yes,1,Graduate,No,2014,2925.0,113.0,360.0,1.0,Urban,N
LP001964,Male,Yes,0,Not Graduate,No,1800,2934.0,93.0,360.0,0.0,Urban,N
LP001972,Male,Yes,,Not Graduate,No,2875,1750.0,105.0,360.0,1.0,Semiurban,Y
LP001974,Female,No,0,Graduate,No,5000,0.0,132.0,360.0,1.0,Rural,Y
LP001977,Male,Yes,1,Graduate,No,1625,1803.0,96.0,360.0,1.0,Urban,Y
LP001978,Male,No,0,Graduate,No,4000,2500.0,140.0,360.0,1.0,Rural,Y
LP001990,Male,No,0,Not Graduate,No,2000,0.0,,360.0,1.0,Urban,N
LP001993,Female,No,0,Graduate,No,3762,1666.0,135.0,360.0,1.0,Rural,Y
LP001994,Female,No,0,Graduate,No,2400,1863.0,104.0,360.0,0.0,Urban,N
LP001996,Male,No,0,Graduate,No,20233,0.0,480.0,360.0,1.0,Rural,N
LP001998,Male,Yes,2,Not Graduate,No,7667,0.0,185.0,360.0,,Rural,Y
LP002002,Female,No,0,Graduate,No,2917,0.0,84.0,360.0,1.0,Semiurban,Y
LP002004,Male,No,0,Not Graduate,No,2927,2405.0,111.0,360.0,1.0,Semiurban,Y
LP002006,Female,No,0,Graduate,No,2507,0.0,56.0,360.0,1.0,Rural,Y
LP002008,Male,Yes,2,Graduate,Yes,5746,0.0,144.0,84.0,,Rural,Y
LP002024,,Yes,0,Graduate,No,2473,1843.0,159.0,360.0,1.0,Rural,N
LP002031,Male,Yes,1,Not Graduate,No,3399,1640.0,111.0,180.0,1.0,Urban,Y
LP002035,Male,Yes,2,Graduate,No,3717,0.0,120.0,360.0,1.0,Semiurban,Y
LP002036,Male,Yes,0,Graduate,No,2058,2134.0,88.0,360.0,,Urban,Y
LP002043,Female,No,1,Graduate,No,3541,0.0,112.0,360.0,,Semiurban,Y
LP002050,Male,Yes,1,Graduate,Yes,10000,0.0,155.0,360.0,1.0,Rural,N
LP002051,Male,Yes,0,Graduate,No,2400,2167.0,115.0,360.0,1.0,Semiurban,Y
LP002053,Male,Yes,3+,Graduate,No,4342,189.0,124.0,360.0,1.0,Semiurban,Y
LP002054,Male,Yes,2,Not Graduate,No,3601,1590.0,,360.0,1.0,Rural,Y
LP002055,Female,No,0,Graduate,No,3166,2985.0,132.0,360.0,,Rural,Y
LP002065,Male,Yes,3+,Graduate,No,15000,0.0,300.0,360.0,1.0,Rural,Y
LP002067,Male,Yes,1,Graduate,Yes,8666,4983.0,376.0,360.0,0.0,Rural,Y
LP002068,Male,No,0,Graduate,No,4917,0.0,130.0,360.0,0.0,Rural,Y
LP002082,Male,Yes,0,Graduate,Yes,5818,2160.0,184.0,360.0,1.0,Semiurban,Y
LP002086,Female,Yes,0,Graduate,No,4333,2451.0,110.0,360.0,1.0,Urban,N
LP002087,Female,No,0,Graduate,No,2500,0.0,67.0,360.0,1.0,Urban,Y
LP002097,Male,No,1,Graduate,No,4384,1793.0,117.0,360.0,1.0,Urban,Y
LP002098,Male,No,0,Graduate,No,2935,0.0,98.0,360.0,1.0,Semiurban,Y
LP002100,Male,No,,Graduate,No,2833,0.0,71.0,360.0,1.0,Urban,Y
LP002101,Male,Yes,0,Graduate,,63337,0.0,490.0,180.0,1.0,Urban,Y
LP002103,,Yes,1,Graduate,Yes,9833,1833.0,182.0,180.0,1.0,Urban,Y
LP002106,Male,Yes,,Graduate,Yes,5503,4490.0,70.0,,1.0,Semiurban,Y
LP002110,Male,Yes,1,Graduate,,5250,688.0,160.0,360.0,1.0,Rural,Y
LP002112,Male,Yes,2,Graduate,Yes,2500,4600.0,176.0,360.0,1.0,Rural,Y
LP002113,Female,No,3+,Not Graduate,No,1830,0.0,,360.0,0.0,Urban,N
LP002114,Female,No,0,Graduate,No,4160,0.0,71.0,360.0,1.0,Semiurban,Y
LP002115,Male,Yes,3+,Not Graduate,No,2647,1587.0,173.0,360.0,1.0,Rural,N
LP002116,Female,No,0,Graduate,No,2378,0.0,46.0,360.0,1.0,Rural,N
LP002119,Male,Yes,1,Not Graduate,No,4554,1229.0,158.0,360.0,1.0,Urban,Y
LP002126,Male,Yes,3+,Not Graduate,No,3173,0.0,74.0,360.0,1.0,Semiurban,Y
LP002128,Male,Yes,2,Graduate,,2583,2330.0,125.0,360.0,1.0,Rural,Y
LP002129,Male,Yes,0,Graduate,No,2499,2458.0,160.0,360.0,1.0,Semiurban,Y
LP002130,Male,Yes,,Not Graduate,No,3523,3230.0,152.0,360.0,0.0,Rural,N
LP002131,Male,Yes,2,Not Graduate,No,3083,2168.0,126.0,360.0,1.0,Urban,Y
LP002137,Male,Yes,0,Graduate,No,6333,4583.0,259.0,360.0,,Semiurban,Y
LP002138,Male,Yes,0,Graduate,No,2625,6250.0,187.0,360.0,1.0,Rural,Y
LP002139,Male,Yes,0,Graduate,No,9083,0.0,228.0,360.0,1.0,Semiurban,Y
LP002140,Male,No,0,Graduate,No,8750,4167.0,308.0,360.0,1.0,Rural,Y
LP002141,Male,Yes,3+,Graduate,No,2666,2083.0,95.0,360.0,1.0,Rural,Y
LP002142,Female,Yes,0,Graduate,Yes,5500,0.0,105.0,360.0,0.0,Rural,N
LP002143,Female,Yes,0,Graduate,No,2423,505.0,130.0,360.0,1.0,Semiurban,Y
LP002144,Female,No,,Graduate,No,3813,0.0,116.0,180.0,1.0,Urban,Y
LP002149,Male,Yes,2,Graduate,No,8333,3167.0,165.0,360.0,1.0,Rural,Y
LP002151,Male,Yes,1,Graduate,No,3875,0.0,67.0,360.0,1.0,Urban,N
LP002158,Male,Yes,0,Not Graduate,No,3000,1666.0,100.0,480.0,0.0,Urban,N
LP002160,Male,Yes,3+,Graduate,No,5167,3167.0,200.0,360.0,1.0,Semiurban,Y
LP002161,Female,No,1,Graduate,No,4723,0.0,81.0,360.0,1.0,Semiurban,N
LP002170,Male,Yes,2,Graduate,No,5000,3667.0,236.0,360.0,1.0,Semiurban,Y
LP002175,Male,Yes,0,Graduate,No,4750,2333.0,130.0,360.0,1.0,Urban,Y
LP002178,Male,Yes,0,Graduate,No,3013,3033.0,95.0,300.0,,Urban,Y
LP002180,Male,No,0,Graduate,Yes,6822,0.0,141.0,360.0,1.0,Rural,Y
LP002181,Male,No,0,Not Graduate,No,6216,0.0,133.0,360.0,1.0,Rural,N
LP002187,Male,No,0,Graduate,No,2500,0.0,96.0,480.0,1.0,Semiurban,N
LP002188,Male,No,0,Graduate,No,5124,0.0,124.0,,0.0,Rural,N
LP002190,Male,Yes,1,Graduate,No,6325,0.0,175.0,360.0,1.0,Semiurban,Y
LP002191,Male,Yes,0,Graduate,No,19730,5266.0,570.0,360.0,1.0,Rural,Y
LP002194,Female,No,0,Graduate,Yes,15759,0.0,55.0,360.0,1.0,Semiurban,Y
LP002197,Male,Yes,2,Graduate,No,5185,0.0,155.0,360.0,1.0,Semiurban,Y
LP002201,Male,Yes,2,Graduate,Yes,9323,7873.0,380.0,300.0,1.0,Rural,Y
LP002205,Male,No,1,Graduate,No,3062,1987.0,111.0,180.0,0.0,Urban,N
LP002209,Female,No,0,Graduate,,2764,1459.0,110.0,360.0,1.0,Urban,Y
LP002211,Male,Yes,0,Graduate,No,4817,923.0,120.0,180.0,1.0,Urban,Y
LP002219,Male,Yes,3+,Graduate,No,8750,4996.0,130.0,360.0,1.0,Rural,Y
LP002223,Male,Yes,0,Graduate,No,4310,0.0,130.0,360.0,,Semiurban,Y
LP002224,Male,No,0,Graduate,No,3069,0.0,71.0,480.0,1.0,Urban,N
LP002225,Male,Yes,2,Graduate,No,5391,0.0,130.0,360.0,1.0,Urban,Y
LP002226,Male,Yes,0,Graduate,,3333,2500.0,128.0,360.0,1.0,Semiurban,Y
LP002229,Male,No,0,Graduate,No,5941,4232.0,296.0,360.0,1.0,Semiurban,Y
LP002231,Female,No,0,Graduate,No,6000,0.0,156.0,360.0,1.0,Urban,Y
LP002234,Male,No,0,Graduate,Yes,7167,0.0,128.0,360.0,1.0,Urban,Y
LP002236,Male,Yes,2,Graduate,No,4566,0.0,100.0,360.0,1.0,Urban,N
LP002237,Male,No,1,Graduate,,3667,0.0,113.0,180.0,1.0,Urban,Y
LP002239,Male,No,0,Not Graduate,No,2346,1600.0,132.0,360.0,1.0,Semiurban,Y
LP002243,Male,Yes,0,Not Graduate,No,3010,3136.0,,360.0,0.0,Urban,N
LP002244,Male,Yes,0,Graduate,No,2333,2417.0,136.0,360.0,1.0,Urban,Y
LP002250,Male,Yes,0,Graduate,No,5488,0.0,125.0,360.0,1.0,Rural,Y
LP002255,Male,No,3+,Graduate,No,9167,0.0,185.0,360.0,1.0,Rural,Y
LP002262,Male,Yes,3+,Graduate,No,9504,0.0,275.0,360.0,1.0,Rural,Y
LP002263,Male,Yes,0,Graduate,No,2583,2115.0,120.0,360.0,,Urban,Y
LP002265,Male,Yes,2,Not Graduate,No,1993,1625.0,113.0,180.0,1.0,Semiurban,Y
LP002266,Male,Yes,2,Graduate,No,3100,1400.0,113.0,360.0,1.0,Urban,Y
LP002272,Male,Yes,2,Graduate,No,3276,484.0,135.0,360.0,,Semiurban,Y
LP002277,Female,No,0,Graduate,No,3180,0.0,71.0,360.0,0.0,Urban,N
LP002281,Male,Yes,0,Graduate,No,3033,1459.0,95.0,360.0,1.0,Urban,Y
LP002284,Male,No,0,Not Graduate,No,3902,1666.0,109.0,360.0,1.0,Rural,Y
LP002287,Female,No,0,Graduate,No,1500,1800.0,103.0,360.0,0.0,Semiurban,N
LP002288,Male,Yes,2,Not Graduate,No,2889,0.0,45.0,180.0,0.0,Urban,N
LP002296,Male,No,0,Not Graduate,No,2755,0.0,65.0,300.0,1.0,Rural,N
LP002297,Male,No,0,Graduate,No,2500,20000.0,103.0,360.0,1.0,Semiurban,Y
LP002300,Female,No,0,Not Graduate,No,1963,0.0,53.0,360.0,1.0,Semiurban,Y
LP002301,Female,No,0,Graduate,Yes,7441,0.0,194.0,360.0,1.0,Rural,N
LP002305,Female,No,0,Graduate,No,4547,0.0,115.0,360.0,1.0,Semiurban,Y
LP002308,Male,Yes,0,Not Graduate,No,2167,2400.0,115.0,360.0,1.0,Urban,Y
LP002314,Female,No,0,Not Graduate,No,2213,0.0,66.0,360.0,1.0,Rural,Y
LP002315,Male,Yes,1,Graduate,No,8300,0.0,152.0,300.0,0.0,Semiurban,Y
LP002317,Male,Yes,3+,Graduate,No,81000,0.0,360.0,360.0,0.0,Rural,Y
LP002318,Female,No,1,Not Graduate,Yes,3867,0.0,62.0,360.0,1.0,Semiurban,N
LP002319,Male,Yes,0,Graduate,,6256,0.0,160.0,360.0,,Urban,Y
LP002328,Male,Yes,0,Not Graduate,No,6096,0.0,218.0,360.0,0.0,Rural,Y
LP002332,Male,Yes,0,Not Graduate,No,2253,2033.0,110.0,360.0,1.0,Rural,Y
LP002335,Female,Yes,0,Not Graduate,No,2149,3237.0,178.0,360.0,0.0,Semiurban,N
LP002337,Female,No,0,Graduate,No,2995,0.0,60.0,360.0,1.0,Urban,Y
LP002341,Female,No,1,Graduate,No,2600,0.0,160.0,360.0,1.0,Urban,N
LP002342,Male,Yes,2,Graduate,Yes,1600,20000.0,239.0,360.0,1.0,Urban,Y
LP002345,Male,Yes,0,Graduate,No,1025,2773.0,112.0,360.0,1.0,Rural,Y
LP002347,Male,Yes,0,Graduate,No,3246,1417.0,138.0,360.0,1.0,Semiurban,Y
LP002348,Male,Yes,0,Graduate,No,5829,0.0,138.0,360.0,1.0,Rural,Y
LP002357,Female,No,0,Not Graduate,No,2720,0.0,80.0,,0.0,Urban,N
LP002361,Male,Yes,0,Graduate,No,1820,1719.0,100.0,360.0,1.0,Urban,Y
LP002362,Male,Yes,1,Graduate,No,7250,1667.0,110.0,,0.0,Urban,Y
LP002364,Male,Yes,0,Graduate,No,14880,0.0,96.0,360.0,1.0,Semiurban,Y
LP002366,Male,Yes,0,Graduate,No,2666,4300.0,121.0,360.0,1.0,Rural,Y
LP002367,Female,No,1,Not Graduate,No,4606,0.0,81.0,360.0,1.0,Rural,N
LP002368,Male,Yes,2,Graduate,No,5935,0.0,133.0,360.0,1.0,Semiurban,Y
LP002369,Male,Yes,0,Graduate,No,2920,16.12000084,87.0,360.0,1.0,Rural,Y
LP002370,Male,No,0,Not Graduate,No,2717,0.0,60.0,180.0,1.0,Urban,Y
LP002377,Female,No,1,Graduate,Yes,8624,0.0,150.0,360.0,1.0,Semiurban,Y
LP002379,Male,No,0,Graduate,No,6500,0.0,105.0,360.0,0.0,Rural,Y
LP002386,Male,No,0,Graduate,,12876,0.0,405.0,360.0,1.0,Semiurban,Y
LP002387,Male,Yes,0,Graduate,No,2425,2340.0,143.0,360.0,1.0,Semiurban,Y
LP002390,Male,No,0,Graduate,No,3750,0.0,100.0,360.0,1.0,Urban,Y
LP002393,Female,,,Graduate,No,10047,0.0,,240.0,1.0,Semiurban,Y
LP002398,Male,No,0,Graduate,No,1926,1851.0,50.0,360.0,1.0,Semiurban,Y
LP002401,Male,Yes,0,Graduate,No,2213,1125.0,,360.0,1.0,Urban,Y
LP002403,Male,No,0,Graduate,Yes,10416,0.0,187.0,360.0,0.0,Urban,Y
LP002407,Female,Yes,0,Not Graduate,Yes,7142,0.0,138.0,360.0,1.0,Rural,Y
LP002408,Male,No,0,Graduate,No,3660,5064.0,187.0,360.0,1.0,Semiurban,Y
LP002409,Male,Yes,0,Graduate,No,7901,1833.0,180.0,360.0,1.0,Rural,Y
LP002418,Male,No,3+,Not Graduate,No,4707,1993.0,148.0,360.0,1.0,Semiurban,Y
LP002422,Male,No,1,Graduate,No,37719,0.0,152.0,360.0,1.0,Semiurban,Y
LP002424,Male,Yes,0,Graduate,No,7333,8333.0,175.0,300.0,,Rural,Y
LP002429,Male,Yes,1,Graduate,Yes,3466,1210.0,130.0,360.0,1.0,Rural,Y
LP002434,Male,Yes,2,Not Graduate,No,4652,0.0,110.0,360.0,1.0,Rural,Y
LP002435,Male,Yes,0,Graduate,,3539,1376.0,55.0,360.0,1.0,Rural,N
LP002443,Male,Yes,2,Graduate,No,3340,1710.0,150.0,360.0,0.0,Rural,N
LP002444,Male,No,1,Not Graduate,Yes,2769,1542.0,190.0,360.0,,Semiurban,N
LP002446,Male,Yes,2,Not Graduate,No,2309,1255.0,125.0,360.0,0.0,Rural,N
LP002447,Male,Yes,2,Not Graduate,No,1958,1456.0,60.0,300.0,,Urban,Y
LP002448,Male,Yes,0,Graduate,No,3948,1733.0,149.0,360.0,0.0,Rural,N
LP002449,Male,Yes,0,Graduate,No,2483,2466.0,90.0,180.0,0.0,Rural,Y
LP002453,Male,No,0,Graduate,Yes,7085,0.0,84.0,360.0,1.0,Semiurban,Y
LP002455,Male,Yes,2,Graduate,No,3859,0.0,96.0,360.0,1.0,Semiurban,Y
LP002459,Male,Yes,0,Graduate,No,4301,0.0,118.0,360.0,1.0,Urban,Y
LP002467,Male,Yes,0,Graduate,No,3708,2569.0,173.0,360.0,1.0,Urban,N
LP002472,Male,No,2,Graduate,No,4354,0.0,136.0,360.0,1.0,Rural,Y
LP002473,Male,Yes,0,Graduate,No,8334,0.0,160.0,360.0,1.0,Semiurban,N
LP002478,,Yes,0,Graduate,Yes,2083,4083.0,160.0,360.0,,Semiurban,Y
LP002484,Male,Yes,3+,Graduate,No,7740,0.0,128.0,180.0,1.0,Urban,Y
LP002487,Male,Yes,0,Graduate,No,3015,2188.0,153.0,360.0,1.0,Rural,Y
LP002489,Female,No,1,Not Graduate,,5191,0.0,132.0,360.0,1.0,Semiurban,Y
LP002493,Male,No,0,Graduate,No,4166,0.0,98.0,360.0,0.0,Semiurban,N
LP002494,Male,No,0,Graduate,No,6000,0.0,140.0,360.0,1.0,Rural,Y
LP002500,Male,Yes,3+,Not Graduate,No,2947,1664.0,70.0,180.0,0.0,Urban,N
LP002501,,Yes,0,Graduate,No,16692,0.0,110.0,360.0,1.0,Semiurban,Y
LP002502,Female,Yes,2,Not Graduate,,210,2917.0,98.0,360.0,1.0,Semiurban,Y
LP002505,Male,Yes,0,Graduate,No,4333,2451.0,110.0,360.0,1.0,Urban,N
LP002515,Male,Yes,1,Graduate,Yes,3450,2079.0,162.0,360.0,1.0,Semiurban,Y
LP002517,Male,Yes,1,Not Graduate,No,2653,1500.0,113.0,180.0,0.0,Rural,N
LP002519,Male,Yes,3+,Graduate,No,4691,0.0,100.0,360.0,1.0,Semiurban,Y
LP002522,Female,No,0,Graduate,Yes,2500,0.0,93.0,360.0,,Urban,Y
LP002524,Male,No,2,Graduate,No,5532,4648.0,162.0,360.0,1.0,Rural,Y
LP002527,Male,Yes,2,Graduate,Yes,16525,1014.0,150.0,360.0,1.0,Rural,Y
LP002529,Male,Yes,2,Graduate,No,6700,1750.0,230.0,300.0,1.0,Semiurban,Y
LP002530,,Yes,2,Graduate,No,2873,1872.0,132.0,360.0,0.0,Semiurban,N
LP002531,Male,Yes,1,Graduate,Yes,16667,2250.0,86.0,360.0,1.0,Semiurban,Y
LP002533,Male,Yes,2,Graduate,No,2947,1603.0,,360.0,1.0,Urban,N
LP002534,Female,No,0,Not Graduate,No,4350,0.0,154.0,360.0,1.0,Rural,Y
LP002536,Male,Yes,3+,Not Graduate,No,3095,0.0,113.0,360.0,1.0,Rural,Y
LP002537,Male,Yes,0,Graduate,No,2083,3150.0,128.0,360.0,1.0,Semiurban,Y
LP002541,Male,Yes,0,Graduate,No,10833,0.0,234.0,360.0,1.0,Semiurban,Y
LP002543,Male,Yes,2,Graduate,No,8333,0.0,246.0,360.0,1.0,Semiurban,Y
LP002544,Male,Yes,1,Not Graduate,No,1958,2436.0,131.0,360.0,1.0,Rural,Y
LP002545,Male,No,2,Graduate,No,3547,0.0,80.0,360.0,0.0,Rural,N
LP002547,Male,Yes,1,Graduate,No,18333,0.0,500.0,360.0,1.0,Urban,N
LP002555,Male,Yes,2,Graduate,Yes,4583,2083.0,160.0,360.0,1.0,Semiurban,Y
LP002556,Male,No,0,Graduate,No,2435,0.0,75.0,360.0,1.0,Urban,N
LP002560,Male,No,0,Not Graduate,No,2699,2785.0,96.0,360.0,,Semiurban,Y
LP002562,Male,Yes,1,Not Graduate,No,5333,1131.0,186.0,360.0,,Urban,Y
LP002571,Male,No,0,Not Graduate,No,3691,0.0,110.0,360.0,1.0,Rural,Y
LP002582,Female,No,0,Not Graduate,Yes,17263,0.0,225.0,360.0,1.0,Semiurban,Y
LP002585,Male,Yes,0,Graduate,No,3597,2157.0,119.0,360.0,0.0,Rural,N
LP002586,Female,Yes,1,Graduate,No,3326,913.0,105.0,84.0,1.0,Semiurban,Y
LP002587,Male,Yes,0,Not Graduate,No,2600,1700.0,107.0,360.0,1.0,Rural,Y
LP002588,Male,Yes,0,Graduate,No,4625,2857.0,111.0,12.0,,Urban,Y
LP002600,Male,Yes,1,Graduate,Yes,2895,0.0,95.0,360.0,1.0,Semiurban,Y
LP002602,Male,No,0,Graduate,No,6283,4416.0,209.0,360.0,0.0,Rural,Y
LP002603,Female,No,0,Graduate,No,645,3683.0,113.0,480.0,1.0,Rural,Y
LP002606,Female,No,0,Graduate,No,3159,0.0,100.0,360.0,1.0,Semiurban,Y
LP002615,Male,Yes,2,Graduate,No,4865,5624.0,208.0,360.0,1.0,Semiurban,Y
LP002618,Male,Yes,1,Not Graduate,No,4050,5302.0,138.0,360.0,,Rural,Y
LP002619,Male,Yes,0,Not Graduate,No,3814,1483.0,124.0,300.0,1.0,Semiurban,Y
LP002622,Male,Yes,2,Graduate,No,3510,4416.0,243.0,360.0,1.0,Rural,Y
LP002624,Male,Yes,0,Graduate,No,20833,6667.0,480.0,360.0,,Urban,Y
LP002625,,No,0,Graduate,No,3583,0.0,96.0,360.0,1.0,Urban,N
LP002626,Male,Yes,0,Graduate,Yes,2479,3013.0,188.0,360.0,1.0,Urban,Y
LP002634,Female,No,1,Graduate,No,13262,0.0,40.0,360.0,1.0,Urban,Y
LP002637,Male,No,0,Not Graduate,No,3598,1287.0,100.0,360.0,1.0,Rural,N
LP002640,Male,Yes,1,Graduate,No,6065,2004.0,250.0,360.0,1.0,Semiurban,Y
LP002643,Male,Yes,2,Graduate,No,3283,2035.0,148.0,360.0,1.0,Urban,Y
LP002648,Male,Yes,0,Graduate,No,2130,6666.0,70.0,180.0,1.0,Semiurban,Y
LP002652,Male,No,0,Graduate,No,5815,3666.0,311.0,360.0,1.0,Rural,N
LP002659,Male,Yes,3+,Graduate,No,3466,3428.0,150.0,360.0,1.0,Rural,Y
LP002670,Female,Yes,2,Graduate,No,2031,1632.0,113.0,480.0,1.0,Semiurban,Y
LP002682,Male,Yes,,Not Graduate,No,3074,1800.0,123.0,360.0,0.0,Semiurban,N
LP002683,Male,No,0,Graduate,No,4683,1915.0,185.0,360.0,1.0,Semiurban,N
LP002684,Female,No,0,Not Graduate,No,3400,0.0,95.0,360.0,1.0,Rural,N
LP002689,Male,Yes,2,Not Graduate,No,2192,1742.0,45.0,360.0,1.0,Semiurban,Y
LP002690,Male,No,0,Graduate,No,2500,0.0,55.0,360.0,1.0,Semiurban,Y
LP002692,Male,Yes,3+,Graduate,Yes,5677,1424.0,100.0,360.0,1.0,Rural,Y
LP002693,Male,Yes,2,Graduate,Yes,7948,7166.0,480.0,360.0,1.0,Rural,Y
LP002697,Male,No,0,Graduate,No,4680,2087.0,,360.0,1.0,Semiurban,N
LP002699,Male,Yes,2,Graduate,Yes,17500,0.0,400.0,360.0,1.0,Rural,Y
LP002705,Male,Yes,0,Graduate,No,3775,0.0,110.0,360.0,1.0,Semiurban,Y
LP002706,Male,Yes,1,Not Graduate,No,5285,1430.0,161.0,360.0,0.0,Semiurban,Y
LP002714,Male,No,1,Not Graduate,No,2679,1302.0,94.0,360.0,1.0,Semiurban,Y
LP002716,Male,No,0,Not Graduate,No,6783,0.0,130.0,360.0,1.0,Semiurban,Y
LP002717,Male,Yes,0,Graduate,No,1025,5500.0,216.0,360.0,,Rural,Y
LP002720,Male,Yes,3+,Graduate,No,4281,0.0,100.0,360.0,1.0,Urban,Y
LP002723,Male,No,2,Graduate,No,3588,0.0,110.0,360.0,0.0,Rural,N
LP002729,Male,No,1,Graduate,No,11250,0.0,196.0,360.0,,Semiurban,N
LP002731,Female,No,0,Not Graduate,Yes,18165,0.0,125.0,360.0,1.0,Urban,Y
LP002732,Male,No,0,Not Graduate,,2550,2042.0,126.0,360.0,1.0,Rural,Y
LP002734,Male,Yes,0,Graduate,No,6133,3906.0,324.0,360.0,1.0,Urban,Y
LP002738,Male,No,2,Graduate,No,3617,0.0,107.0,360.0,1.0,Semiurban,Y
LP002739,Male,Yes,0,Not Graduate,No,2917,536.0,66.0,360.0,1.0,Rural,N
LP002740,Male,Yes,3+,Graduate,No,6417,0.0,157.0,180.0,1.0,Rural,Y
LP002741,Female,Yes,1,Graduate,No,4608,2845.0,140.0,180.0,1.0,Semiurban,Y
LP002743,Female,No,0,Graduate,No,2138,0.0,99.0,360.0,0.0,Semiurban,N
LP002753,Female,No,1,Graduate,,3652,0.0,95.0,360.0,1.0,Semiurban,Y
LP002755,Male,Yes,1,Not Graduate,No,2239,2524.0,128.0,360.0,1.0,Urban,Y
LP002757,Female,Yes,0,Not Graduate,No,3017,663.0,102.0,360.0,,Semiurban,Y
LP002767,Male,Yes,0,Graduate,No,2768,1950.0,155.0,360.0,1.0,Rural,Y
LP002768,Male,No,0,Not Graduate,No,3358,0.0,80.0,36.0,1.0,Semiurban,N
LP002772,Male,No,0,Graduate,No,2526,1783.0,145.0,360.0,1.0,Rural,Y
LP002776,Female,No,0,Graduate,No,5000,0.0,103.0,360.0,0.0,Semiurban,N
LP002777,Male,Yes,0,Graduate,No,2785,2016.0,110.0,360.0,1.0,Rural,Y
LP002778,Male,Yes,2,Graduate,Yes,6633,0.0,,360.0,0.0,Rural,Y
LP002784,Male,Yes,1,Not Graduate,No,2492,2375.0,,360.0,1.0,Rural,Y
LP002785,Male,Yes,1,Graduate,No,3333,3250.0,158.0,360.0,1.0,Urban,Y
LP002788,Male,Yes,0,Not Graduate,No,2454,2333.0,181.0,360.0,0.0,Urban,N
LP002789,Male,Yes,0,Graduate,No,3593,4266.0,132.0,180.0,0.0,Rural,Y
LP002792,Male,Yes,1,Graduate,No,5468,1032.0,26.0,360.0,1.0,Semiurban,Y
LP002794,Female,No,0,Graduate,No,2667,1625.0,84.0,360.0,,Urban,Y
LP002795,Male,Yes,3+,Graduate,Yes,10139,0.0,260.0,360.0,1.0,Semiurban,Y
LP002798,Male,Yes,0,Graduate,No,3887,2669.0,162.0,360.0,1.0,Semiurban,Y
LP002804,Female,Yes,0,Graduate,No,4180,2306.0,182.0,360.0,1.0,Semiurban,Y
LP002807,Male,Yes,2,Not Graduate,No,3675,242.0,108.0,360.0,1.0,Semiurban,Y
LP002813,Female,Yes,1,Graduate,Yes,19484,0.0,600.0,360.0,1.0,Semiurban,Y
LP002820,Male,Yes,0,Graduate,No,5923,2054.0,211.0,360.0,1.0,Rural,Y
LP002821,Male,No,0,Not Graduate,Yes,5800,0.0,132.0,360.0,1.0,Semiurban,Y
LP002832,Male,Yes,2,Graduate,No,8799,0.0,258.0,360.0,0.0,Urban,Y
LP002833,Male,Yes,0,Not Graduate,No,4467,0.0,120.0,360.0,,Rural,Y
LP002836,Male,No,0,Graduate,No,3333,0.0,70.0,360.0,1.0,Urban,Y
LP002837,Male,Yes,3+,Graduate,No,3400,2500.0,123.0,360.0,0.0,Rural,N
LP002840,Female,No,0,Graduate,No,2378,0.0,9.0,360.0,1.0,Urban,N
LP002841,Male,Yes,0,Graduate,No,3166,2064.0,104.0,360.0,0.0,Urban,N
LP002842,Male,Yes,1,Graduate,No,3417,1750.0,186.0,360.0,1.0,Urban,Y
LP002847,Male,Yes,,Graduate,No,5116,1451.0,165.0,360.0,0.0,Urban,N
LP002855,Male,Yes,2,Graduate,No,16666,0.0,275.0,360.0,1.0,Urban,Y
LP002862,Male,Yes,2,Not Graduate,No,6125,1625.0,187.0,480.0,1.0,Semiurban,N
LP002863,Male,Yes,3+,Graduate,No,6406,0.0,150.0,360.0,1.0,Semiurban,N
LP002868,Male,Yes,2,Graduate,No,3159,461.0,108.0,84.0,1.0,Urban,Y
LP002872,,Yes,0,Graduate,No,3087,2210.0,136.0,360.0,0.0,Semiurban,N
LP002874,Male,No,0,Graduate,No,3229,2739.0,110.0,360.0,1.0,Urban,Y
LP002877,Male,Yes,1,Graduate,No,1782,2232.0,107.0,360.0,1.0,Rural,Y
LP002888,Male,No,0,Graduate,,3182,2917.0,161.0,360.0,1.0,Urban,Y
LP002892,Male,Yes,2,Graduate,No,6540,0.0,205.0,360.0,1.0,Semiurban,Y
LP002893,Male,No,0,Graduate,No,1836,33837.0,90.0,360.0,1.0,Urban,Y
LP002894,Female,Yes,0,Graduate,No,3166,0.0,36.0,360.0,1.0,Semiurban,Y
LP002898,Male,Yes,1,Graduate,No,1880,0.0,61.0,360.0,,Rural,N
LP002911,Male,Yes,1,Graduate,No,2787,1917.0,146.0,360.0,0.0,Rural,N
LP002912,Male,Yes,1,Graduate,No,4283,3000.0,172.0,84.0,1.0,Rural,N
LP002916,Male,Yes,0,Graduate,No,2297,1522.0,104.0,360.0,1.0,Urban,Y
LP002917,Female,No,0,Not Graduate,No,2165,0.0,70.0,360.0,1.0,Semiurban,Y
LP002925,,No,0,Graduate,No,4750,0.0,94.0,360.0,1.0,Semiurban,Y
LP002926,Male,Yes,2,Graduate,Yes,2726,0.0,106.0,360.0,0.0,Semiurban,N
LP002928,Male,Yes,0,Graduate,No,3000,3416.0,56.0,180.0,1.0,Semiurban,Y
LP002931,Male,Yes,2,Graduate,Yes,6000,0.0,205.0,240.0,1.0,Semiurban,N
LP002933,,No,3+,Graduate,Yes,9357,0.0,292.0,360.0,1.0,Semiurban,Y
LP002936,Male,Yes,0,Graduate,No,3859,3300.0,142.0,180.0,1.0,Rural,Y
LP002938,Male,Yes,0,Graduate,Yes,16120,0.0,260.0,360.0,1.0,Urban,Y
LP002940,Male,No,0,Not Graduate,No,3833,0.0,110.0,360.0,1.0,Rural,Y
LP002941,Male,Yes,2,Not Graduate,Yes,6383,1000.0,187.0,360.0,1.0,Rural,N
LP002943,Male,No,,Graduate,No,2987,0.0,88.0,360.0,0.0,Semiurban,N
LP002945,Male,Yes,0,Graduate,Yes,9963,0.0,180.0,360.0,1.0,Rural,Y
LP002948,Male,Yes,2,Graduate,No,5780,0.0,192.0,360.0,1.0,Urban,Y
LP002949,Female,No,3+,Graduate,,416,41667.0,350.0,180.0,,Urban,Y
LP002950,Male,Yes,0,Not Graduate,,2894,2792.0,155.0,360.0,1.0,Rural,Y
LP002953,Male,Yes,3+,Graduate,No,5703,0.0,128.0,360.0,1.0,Urban,Y
LP002958,Male,No,0,Graduate,No,3676,4301.0,172.0,360.0,1.0,Rural,Y
LP002959,Female,Yes,1,Graduate,No,12000,0.0,496.0,360.0,1.0,Semiurban,Y
LP002960,Male,Yes,0,Not Graduate,No,2400,3800.0,,180.0,1.0,Urban,N
LP002961,Male,Yes,1,Graduate,No,3400,2500.0,173.0,360.0,1.0,Semiurban,Y
LP002964,Male,Yes,2,Not Graduate,No,3987,1411.0,157.0,360.0,1.0,Rural,Y
LP002974,Male,Yes,0,Graduate,No,3232,1950.0,108.0,360.0,1.0,Rural,Y
LP002978,Female,No,0,Graduate,No,2900,0.0,71.0,360.0,1.0,Rural,Y
LP002979,Male,Yes,3+,Graduate,No,4106,0.0,40.0,180.0,1.0,Rural,Y
LP002983,Male,Yes,1,Graduate,No,8072,240.0,253.0,360.0,1.0,Urban,Y
LP002984,Male,Yes,2,Graduate,No,7583,0.0,187.0,360.0,1.0,Urban,Y
LP002990,Female,No,0,Graduate,Yes,4583,0.0,133.0,360.0,0.0,Semiurban,N
LP003000,Male,Yes,,Graduate,No,14311,0.0,,360.0,1.0,Urban,Y
LP003001,Female,,,Graduate,No,10488,0.0,,240.0,1.0,Semiurban,Y
LP003002,Female,No,0,Graduate,No,3221,0.0,30.5,360.0,1.0,Urban,Y
LP003003,Male,Yes,2,Graduate,No,11072,1140.0,216.4,360.0,1.0,Urban,Y
LP003004,Male,Yes,2,Not Graduate,Yes,1812,1909.0,97.5,360.0,1.0,Semiurban,Y
LP003005,Male,Yes,0,Not Graduate,No,7460,0.0,102.6,360.0,0.0,Urban,Y
LP003006,Female,No,0,Graduate,No,4253,0.0,42.3,360.0,1.0,Semiurban,Y
LP003007,Male,Yes,3+,Not Graduate,No,2880,1601.0,68.3,180.0,0.0,Urban,N
LP003008,Male,Yes,0,Graduate,No,3122,3107.0,141.8,360.0,1.0,Urban,Y
LP003009,Male,No,1,Graduate,No,4361,1706.0,117.2,360.0,1.0,Urban,Y
LP003010,Male,No,2,Graduate,No,4533,0.0,141.4,360.0,1.0,Rural,Y
LP003011,Male,Yes,0,Graduate,No,2422,2114.0,104.2,360.0,1.0,Semiurban,Y
LP003012,Male,Yes,2,Graduate,Yes,8861,7739.0,381.3,300.0,1.0,Rural,Y
LP003013,Male,Yes,0,Graduate,No,1681,3626.0,129.9,360.0,1.0,Semiurban,Y
LP003014,Male,No,0,Graduate,Yes,20982,0.0,640.1,480.0,,Urban,Y
LP003015,Male,No,0,Graduate,No,20531,0.0,470.5,360.0,1.0,Rural,N
LP003016,Male,Yes,3+,Not Graduate,No,3100,0.0,73.1,360.0,1.0,Semiurban,Y
LP003017,Male,Yes,1,Not Graduate,No,5160,1109.0,185.4,360.0,,Urban,Y
LP003018,Male,Yes,0,Not Graduate,No,2206,2099.0,107.3,360.0,1.0,Rural,Y
LP003019,Male,No,1,Graduate,,3525,0.0,110.5,180.0,1.0,Urban,Y
LP003020,Male,No,0,Graduate,No,12529,0.0,161.0,360.0,1.0,Semiurban,N
LP003021,Male,Yes,0,Graduate,No,4106,3305.0,206.2,360.0,1.0,Semiurban,Y
LP003022,Male,Yes,0,Not Graduate,No,1855,1071.0,99.2,360.0,1.0,Semiurban,Y
LP003023,Male,Yes,0,Graduate,No,8638,0.0,164.6,360.0,1.0,Semiurban,N
LP003024,Male,Yes,2,Graduate,Yes,5602,0.0,141.5,84.0,,Rural,Y
LP003025,Male,Yes,1,Graduate,No,6084,5900.0,307.0,360.0,1.0,Urban,Y
LP003026,Male,No,0,Not Graduate,Yes,2674,2205.0,103.0,360.0,1.0,Rural,Y
LP003027,Male,Yes,2,Not Graduate,No,3622,253.0,111.4,360.0,1.0,Semiurban,Y
LP003028,Male,No,2,Graduate,No,5674,4429.0,155.6,360.0,1.0,Rural,Y
LP003029,Male,Yes,1,Graduate,No,7914,2213.0,182.6,360.0,1.0,Urban,Y
LP003030,Male,No,0,Not Graduate,No,3525,1236.0,99.8,360.0,1.0,Rural,N
LP003031,Male,Yes,2,Graduate,Yes,15875,989.0,145.9,360.0,1.0,Rural,Y
LP003032,Male,Yes,0,Graduate,No,9272,0.0,185.3,180.0,1.0,Rural,Y
LP003033,Male,Yes,0,Graduate,No,6059,2123.0,206.4,360.0,1.0,Rural,Y
LP003034,Male,No,0,Graduate,No,3479,0.0,72.1,360.0,1.0,Urban,Y
LP003035,Male,Yes,2,Graduate,Yes,6314,1239.0,107.8,360.0,1.0,Rural,Y
LP003036,Male,Yes,0,Not Graduate,No,3952,1485.0,124.6,300.0,1.0,Semiurban,Y
LP003037,Male,No,0,Graduate,Yes,20816,0.0,654.9,480.0,,Urban,Y
LP003038,Male,Yes,2,Graduate,No,8060,0.0,248.7,360.0,1.0,Semiurban,Y
LP003039,Male,Yes,0,Not Graduate,No,7649,0.0,104.0,360.0,0.0,Urban,Y
LP003040,Female,Yes,0,Graduate,No,4407,0.0,107.7,360.0,1.0,Rural,N
LP003041,Male,Yes,0,Graduate,No,2667,2237.0,148.0,360.0,1.0,Semiurban,Y
LP003042,Male,Yes,0,Not Graduate,No,3145,3155.0,,360.0,0.0,Urban,N
LP003043,Female,No,3+,Graduate,,400,41564.0,341.1,180.0,,Urban,Y
LP003044,Male,Yes,1,Not Graduate,No,3478,1687.0,112.6,180.0,1.0,Urban,Y
LP003045,Male,No,0,Graduate,No,1877,2735.0,110.0,360.0,1.0,Rural,N
LP003046,Male,Yes,1,Not Graduate,No,2530,1945.0,140.7,180.0,1.0,Urban,N
LP003047,Male,Yes,0,Graduate,No,2471,2486.0,156.3,360.0,1.0,Semiurban,Y
LP003048,Male,Yes,2,Graduate,No,8671,0.0,267.3,360.0,0.0,Urban,Y
LP003049,Female,No,0,Graduate,No,3970,0.0,70.1,360.0,1.0,Semiurban,Y
LP003050,Male,Yes,2,Graduate,No,6073,5761.0,185.4,180.0,1.0,Semiurban,Y
LP003051,Male,No,0,Graduate,No,2378,0.0,99.3,480.0,1.0,Semiurban,N
LP003052,Male,No,0,Graduate,Yes,7142,0.0,83.4,360.0,1.0,Semiurban,Y
LP003053,Male,Yes,2,Graduate,No,5701,0.0,137.9,360.0,1.0,Semiurban,Y
LP003054,Male,Yes,0,Graduate,Yes,2571,2984.0,180.8,360.0,1.0,Urban,Y
LP003055,Male,No,3+,Graduate,No,12528,3112.0,315.0,360.0,1.0,Rural,N
LP003056,Female,No,0,Not Graduate,No,4496,0.0,121.6,360.0,1.0,Semiurban,Y
LP003057,Female,No,0,Graduate,No,3811,0.0,114.5,360.0,1.0,Semiurban,Y
LP003058,Female,Yes,1,Graduate,Yes,19602,0.0,588.3,360.0,1.0,Semiurban,Y
LP003059,Male,Yes,0,Not Graduate,No,3143,3109.0,,360.0,0.0,Urban,N
LP003060,Male,Yes,1,Graduate,No,4391,1493.0,132.4,360.0,1.0,Rural,N
LP003061,Male,Yes,0,Graduate,No,5352,0.0,125.9,360.0,1.0,Rural,Y
LP003062,Male,Yes,0,Not Graduate,No,4592,0.0,122.9,360.0,,Rural,Y
LP003063,Male,Yes,1,Graduate,No,2929,982.0,99.2,360.0,1.0,Urban,Y
LP003064,Male,Yes,2,Graduate,No,6415,1758.0,224.7,300.0,1.0,Semiurban,Y
LP003065,Male,No,0,Not Graduate,No,2716,0.0,67.1,300.0,1.0,Rural,N
LP003066,Male,Yes,1,Graduate,No,5244,1053.0,26.9,360.0,1.0,Semiurban,Y
LP003067,Male,Yes,0,Graduate,No,8000,0.0,274.9,360.0,1.0,Urban,N
LP003068,Male,No,2,Graduate,No,4788,0.0,159.4,360.0,0.0,Semiurban,Y
LP003069,Female,No,1,Graduate,No,2989,1499.0,87.2,360.0,1.0,Urban,Y
LP003070,Female,No,0,Graduate,No,3328,0.0,30.2,360.0,1.0,Urban,Y
LP003071,Male,Yes,2,Graduate,No,3936,0.0,92.3,360.0,1.0,Semiurban,Y
LP003072,Male,Yes,3+,Graduate,No,7830,0.0,126.9,180.0,1.0,Urban,Y
LP003073,Female,No,2,Graduate,No,3551,0.0,135.8,360.0,1.0,Urban,N
LP003074,Male,Yes,3+,Graduate,,4293,1225.0,111.9,360.0,1.0,Urban,Y
LP003075,Male,Yes,2,Graduate,Yes,2593,4729.0,169.7,360.0,1.0,Rural,Y
LP003076,Female,No,0,Graduate,No,4352,0.0,111.9,360.0,1.0,Semiurban,N
LP003077,Male,Yes,0,Graduate,No,153,1775.0,135.9,360.0,1.0,Rural,N
LP003078,Male,Yes,0,Graduate,No,2397,2082.0,58.5,360.0,,Rural,Y
LP003079,Male,Yes,2,Graduate,No,5254,0.0,129.0,360.0,1.0,Urban,Y
LP003080,Male,No,0,Not Graduate,No,3662,0.0,108.3,360.0,1.0,Rural,Y
LP003081,Male,No,0,Graduate,No,3705,0.0,81.2,360.0,1.0,Urban,N
LP003082,Male,Yes,1,Graduate,No,5719,0.0,164.4,360.0,,Rural,Y
LP003083,Male,Yes,2,Graduate,No,1335,1104.0,17.3,120.0,1.0,Urban,Y
LP003084,Female,No,0,Graduate,No,4057,0.0,120.0,360.0,0.0,Semiurban,N
LP003085,Male,Yes,2,Not Graduate,No,2114,1689.0,45.8,360.0,1.0,Semiurban,Y
LP003086,Male,Yes,3+,Not Graduate,No,3051,0.0,75.6,360.0,1.0,Semiurban,Y
LP003087,Male,Yes,1,Graduate,Yes,10015,4002.0,155.7,180.0,0.0,Urban,Y
LP003088,Male,Yes,1,Not Graduate,No,2659,1440.0,112.3,180.0,0.0,Rural,N
LP003089,Male,Yes,0,Not Graduate,Yes,2535,3520.0,164.8,180.0,0.0,Rural,N
LP003090,Male,No,0,Graduate,No,15733,0.0,237.3,360.0,0.0,Semiurban,Y
LP003091,Male,Yes,1,Graduate,Yes,2916,0.0,95.2,360.0,1.0,Semiurban,Y
LP003092,,No,3+,Graduate,Yes,9018,0.0,287.1,360.0,1.0,Semiurban,Y
LP003093,Male,Yes,3+,Graduate,No,9683,0.0,279.1,360.0,1.0,Rural,Y
LP003094,Male,Yes,0,Graduate,No,1065,2772.0,111.7,360.0,1.0,Rural,Y
LP003095,Female,No,0,Graduate,No,4225,0.0,114.6,360.0,1.0,Semiurban,Y
LP003096,Male,No,0,Graduate,No,2939,0.0,73.7,480.0,1.0,Urban,N
LP003097,Male,No,0,Graduate,No,2531,0.0,74.4,360.0,1.0,Urban,N
LP003098,Male,Yes,1,Graduate,No,2564,2129.0,102.9,360.0,1.0,Semiurban,Y
LP003099,Male,No,0,Graduate,No,3476,0.0,78.8,360.0,1.0,Urban,N
LP003100,Male,Yes,2,Not Graduate,No,4036,1001.0,113.5,360.0,1.0,Urban,Y
LP003101,Male,No,0,Graduate,No,4923,0.0,102.0,360.0,1.0,Semiurban,Y
LP003102,Male,Yes,1,Not Graduate,No,2510,2544.0,90.7,360.0,1.0,Semiurban,Y
LP003103,Male,No,1,Graduate,Yes,4848,0.0,103.3,360.0,1.0,Rural,N
LP003104,Male,Yes,0,Graduate,No,5738,0.0,144.5,360.0,1.0,Urban,Y
LP003105,Male,Yes,2,Graduate,No,5065,5664.0,204.3,360.0,1.0,Semiurban,Y
LP003106,Male,Yes,0,Not Graduate,No,2181,2395.0,117.1,360.0,1.0,Urban,Y
LP003107,Male,Yes,2,Not Graduate,No,5930,1623.0,192.0,480.0,1.0,Semiurban,N
LP003108,Male,Yes,0,Not Graduate,No,4037,0.0,117.0,180.0,1.0,Semiurban,Y
LP003109,Male,No,0,Not Graduate,No,3383,0.0,81.5,36.0,1.0,Semiurban,N
LP003110,Male,Yes,2,Graduate,No,7781,0.0,187.2,360.0,1.0,Urban,Y
LP003111,Male,Yes,3+,Graduate,No,7957,0.0,130.2,180.0,1.0,Urban,Y
LP003112,Male,No,0,Graduate,No,5865,0.0,140.1,360.0,1.0,Urban,Y
LP003113,Male,Yes,0,Graduate,No,3616,1814.0,132.6,360.0,1.0,Semiurban,Y
LP003114,Male,Yes,2,Graduate,No,4629,5870.0,204.0,360.0,1.0,Semiurban,Y
LP003115,Male,Yes,0,Graduate,No,3087,1399.0,91.7,360.0,1.0,Urban,Y
LP003116,Male,Yes,0,Graduate,No,2473,2013.0,119.2,360.0,,Urban,Y
LP003117,Female,No,0,Graduate,No,3218,0.0,79.8,360.0,1.0,Urban,Y
LP003118,Male,Yes,2,Graduate,No,1312,1119.0,16.7,120.0,1.0,Urban,Y
LP003119,Male,Yes,0,Not Graduate,No,2561,2241.0,184.3,360.0,0.0,Urban,N
LP003120,,Yes,0,Graduate,Yes,2043,4281.0,154.5,360.0,,Semiurban,Y
LP003121,Male,Yes,3+,Graduate,No,6245,0.0,146.7,360.0,1.0,Semiurban,N
LP003122,Male,Yes,2,Graduate,No,5908,5059.0,122.4,360.0,1.0,Rural,Y
LP003123,Male,No,0,Not Graduate,Yes,5869,0.0,131.3,360.0,1.0,Semiurban,Y
LP003124,Male,No,0,Graduate,,6668,0.0,,360.0,,Urban,N
LP003125,Male,Yes,2,Graduate,No,8689,0.0,250.0,360.0,1.0,Semiurban,Y
LP003126,Male,Yes,0,Not Graduate,No,2241,2436.0,115.6,360.0,1.0,Urban,Y
LP003127,Male,Yes,1,Graduate,No,2422,1992.0,107.7,360.0,1.0,Semiurban,Y
LP003128,Male,Yes,0,Not Graduate,,1772,1723.0,95.7,360.0,1.0,Rural,Y
LP003129,Female,Yes,1,Graduate,No,4613,2890.0,134.6,180.0,1.0,Semiurban,Y
LP003130,Male,Yes,0,Graduate,No,2337,2151.0,,360.0,1.0,Urban,Y
LP003131,Male,No,0,Graduate,No,4466,2187.0,,360.0,1.0,Semiurban,N
LP003132,Male,Yes,0,Graduate,No,4671,5455.0,252.0,360.0,1.0,Semiurban,Y
LP003133,Male,No,0,Graduate,No,3008,5492.0,150.6,60.0,1.0,Urban,Y
LP003134,Male,No,0,Graduate,No,2302,2418.0,140.6,360.0,1.0,Semiurban,Y
LP003135,Male,No,0,Graduate,No,3287,2839.0,106.5,360.0,1.0,Urban,Y
LP003136,Female,No,0,Graduate,No,2784,1591.0,83.2,360.0,,Urban,Y
LP003137,Male,Yes,2,Not Graduate,No,5847,1544.0,182.9,480.0,1.0,Semiurban,N
LP003138,Male,Yes,2,Not Graduate,No,4149,1011.0,113.1,360.0,1.0,Urban,Y
LP003139,Male,Yes,1,Graduate,No,5434,1015.0,25.6,360.0,1.0,Semiurban,Y
LP003140,Female,No,0,Graduate,No,4326,0.0,73.8,360.0,1.0,Semiurban,Y
LP003141,Male,No,1,Graduate,No,4586,1881.0,112.7,360.0,1.0,Urban,Y
LP003142,Male,Yes,2,Graduate,No,3490,4426.0,235.8,360.0,1.0,Rural,Y
LP003143,Male,Yes,2,Not Graduate,No,3160,2103.0,123.2,360.0,1.0,Urban,Y
LP003144,Male,Yes,3+,Graduate,No,4705,0.0,102.5,360.0,1.0,Semiurban,Y
LP003145,Male,Yes,1,Graduate,No,2500,2020.0,107.1,360.0,1.0,Semiurban,Y
LP003146,Male,Yes,0,Graduate,No,9121,0.0,181.6,180.0,1.0,Rural,Y
LP003147,Male,Yes,0,Graduate,No,6073,0.0,123.2,360.0,1.0,Semiurban,Y
LP003148,Male,Yes,2,Graduate,No,4469,0.0,102.0,360.0,1.0,Urban,N
LP003149,Male,Yes,3+,Graduate,No,8799,4911.0,126.2,360.0,1.0,Rural,Y
LP003150,Male,Yes,2,Graduate,No,2192,938.0,75.7,180.0,1.0,Urban,Y
LP003151,Male,Yes,0,Graduate,No,15280,2023.0,292.4,360.0,1.0,Rural,N
LP003152,Male,Yes,0,Not Graduate,No,2896,1698.0,96.4,480.0,0.0,Urban,N
LP003153,Male,Yes,2,Graduate,No,3750,0.0,94.2,360.0,1.0,Semiurban,Y
LP003154,Female,No,1,Not Graduate,Yes,3874,0.0,59.8,360.0,1.0,Semiurban,N
LP003155,Male,Yes,0,Graduate,No,2101,2052.0,87.1,360.0,,Urban,Y
LP003156,Male,Yes,0,Graduate,No,5997,0.0,131.4,360.0,1.0,Semiurban,Y
LP003157,Female,No,0,Graduate,No,8181,0.0,276.1,360.0,1.0,Semiurban,Y
LP003158,Male,No,1,Graduate,No,3205,1933.0,113.0,180.0,0.0,Urban,N
LP003159,Male,Yes,2,Not Graduate,No,3892,1389.0,151.9,360.0,1.0,Rural,Y
LP003160,Male,Yes,1,Not Graduate,No,2603,1538.0,114.4,180.0,0.0,Rural,N
LP003161,Male,No,0,Not Graduate,No,3296,2619.0,118.2,,1.0,Rural,Y
LP003162,Male,Yes,0,Not Graduate,No,3411,4191.0,155.0,,0.0,Rural,Y
LP003163,Male,Yes,0,Not Graduate,No,2590,1711.0,103.9,360.0,1.0,Rural,Y
LP003164,Male,Yes,0,Graduate,No,7805,1866.0,185.7,360.0,1.0,Rural,Y
LP003165,Male,No,0,Not Graduate,Yes,5693,0.0,129.3,360.0,1.0,Semiurban,Y
LP003166,Male,Yes,3+,Graduate,No,4240,1720.0,158.1,360.0,0.0,Urban,Y
LP003167,Female,No,1,Graduate,No,12720,0.0,41.4,360.0,1.0,Urban,Y
LP003168,Male,No,1,Graduate,,3599,0.0,113.7,180.0,1.0,Urban,Y
LP003169,Male,No,0,Not Graduate,No,2238,1668.0,130.6,360.0,1.0,Semiurban,Y
LP003170,Male,Yes,0,Not Graduate,No,3672,3953.0,157.5,,0.0,Rural,Y
LP003171,Male,Yes,2,Graduate,No,7505,0.0,184.4,360.0,1.0,Urban,Y
LP003172,Female,No,0,Graduate,No,3824,0.0,107.4,360.0,1.0,Semiurban,Y
LP003173,Male,Yes,0,Not Graduate,No,3712,4075.0,158.0,,0.0,Rural,Y
LP003174,Male,Yes,1,Graduate,No,4655,1548.0,125.6,360.0,1.0,Rural,N
LP003175,Female,Yes,2,Graduate,No,4072,2367.0,130.6,360.0,,Semiurban,Y
LP003176,Male,Yes,0,Not Graduate,No,4664,0.0,116.8,360.0,,Rural,Y
LP003177,Male,Yes,0,Graduate,No,6085,0.0,130.4,360.0,1.0,Semiurban,Y
LP003178,Male,Yes,2,Graduate,No,4386,0.0,100.2,360.0,1.0,Urban,N
LP003179,Male,No,0,Graduate,No,2567,20893.0,107.0,360.0,1.0,Semiurban,Y
LP003180,Male,Yes,0,Graduate,No,6080,2560.0,182.8,360.0,,Rural,N
LP003181,Female,No,0,Graduate,No,4201,0.0,107.7,360.0,1.0,Semiurban,N
LP003182,Female,No,0,Graduate,No,2919,0.0,60.5,360.0,1.0,Urban,Y
LP003183,Male,Yes,2,Graduate,No,9749,0.0,108.8,360.0,1.0,Urban,Y
LP003184,Male,No,0,Graduate,Yes,10180,0.0,191.5,360.0,0.0,Urban,Y
LP003185,Male,Yes,3+,Not Graduate,No,4152,0.0,,180.0,1.0,Urban,N
LP003186,Male,Yes,1,Graduate,No,32882,0.0,267.4,360.0,1.0,Semiurban,N
LP003187,Female,No,0,Graduate,No,2219,9316.0,136.8,360.0,0.0,Semiurban,Y
LP003188,Male,Yes,2,Not Graduate,No,2906,0.0,46.0,180.0,0.0,Urban,N
LP003189,Female,No,,Graduate,No,5594,0.0,138.9,480.0,0.0,Urban,N
LP003190,Female,Yes,0,Not Graduate,No,4187,0.0,123.9,360.0,,Rural,Y
LP003191,Female,No,0,Graduate,No,2957,0.0,70.4,360.0,1.0,Rural,Y
LP003192,Female,No,0,Not Graduate,No,1873,2438.0,121.1,,1.0,Urban,Y
LP003193,Male,No,0,Not Graduate,No,3502,1348.0,96.4,360.0,1.0,Rural,N
LP003194,Male,Yes,0,Graduate,No,2619,2120.0,124.5,360.0,1.0,Semiurban,Y
LP003195,Male,Yes,0,Graduate,No,3347,2027.0,104.4,360.0,1.0,Rural,Y
LP003196,Male,Yes,1,Not Graduate,No,2683,2557.0,91.1,360.0,1.0,Semiurban,Y
LP003197,Male,Yes,2,Graduate,No,2939,0.0,77.9,360.0,1.0,Semiurban,Y
LP003198,Male,Yes,1,Graduate,Yes,2097,0.0,67.8,300.0,0.0,Rural,N
LP003199,Male,Yes,1,Graduate,Yes,8563,4916.0,366.2,360.0,0.0,Rural,Y
LP003200,Female,No,1,Not Graduate,,5252,0.0,132.2,360.0,1.0,Semiurban,Y
LP003201,Male,Yes,0,Graduate,No,6304,4402.0,254.1,360.0,,Semiurban,Y
LP003202,Male,No,0,Graduate,No,2570,20377.0,104.8,360.0,1.0,Semiurban,Y
LP003203,Male,Yes,0,Graduate,No,2623,2575.0,157.7,360.0,1.0,Semiurban,Y
LP003204,Male,No,0,Not Graduate,No,3486,1316.0,101.8,360.0,1.0,Rural,N
LP003205,Female,Yes,2,Graduate,No,14806,0.0,68.8,360.0,1.0,Urban,Y
LP003206,Male,Yes,1,Graduate,No,1527,1486.0,30.6,360.0,1.0,Urban,Y
LP003207,Male,Yes,2,Graduate,Yes,4493,2146.0,154.0,360.0,1.0,Semiurban,Y
LP003208,Male,Yes,2,Graduate,Yes,6432,0.0,,360.0,0.0,Rural,Y
LP003209,Male,Yes,2,Graduate,Yes,2391,4445.0,172.9,360.0,1.0,Rural,Y
LP003210,Male,Yes,3+,Graduate,No,4872,0.0,100.0,360.0,1.0,Semiurban,Y
LP003211,Male,No,0,Graduate,No,6226,0.0,113.7,360.0,0.0,Rural,Y
LP003212,Female,Yes,0,Not Graduate,No,2148,3155.0,173.5,360.0,0.0,Semiurban,N
LP003213,Female,Yes,1,Graduate,No,4860,0.0,139.7,360.0,1.0,Urban,Y
LP003214,Male,Yes,3+,Graduate,No,4219,0.0,41.5,180.0,1.0,Rural,Y
LP003215,Female,No,1,Graduate,No,3352,0.0,158.0,36.0,1.0,Semiurban,N
LP003216,Male,Yes,0,Graduate,No,2715,2001.0,119.6,360.0,1.0,Semiurban,Y
LP003217,Male,Yes,0,Graduate,No,2484,2376.0,156.9,360.0,1.0,Semiurban,Y
LP003218,Male,Yes,,Graduate,No,5268,1462.0,166.9,360.0,0.0,Urban,N
LP003219,Male,Yes,1,Graduate,No,4685,1579.0,124.1,360.0,1.0,Rural,N
LP003220,Male,Yes,1,Graduate,No,1655,1850.0,99.4,360.0,1.0,Urban,Y
LP003221,Male,Yes,1,Not Graduate,No,2618,7046.0,272.9,180.0,1.0,Semiurban,Y
LP003222,Male,Yes,0,Graduate,No,4068,1647.0,155.0,360.0,0.0,Rural,N
LP003223,Male,Yes,0,Graduate,No,1746,1305.0,100.0,,0.0,Urban,N
LP003224,Male,Yes,0,Graduate,No,4427,5640.0,260.5,360.0,1.0,Semiurban,Y
LP003225,Male,Yes,2,Graduate,No,3940,1499.0,161.3,360.0,1.0,Urban,Y
LP003226,Male,No,0,Not Graduate,No,3054,2496.0,123.7,,1.0,Rural,Y
LP003227,Male,Yes,0,Not Graduate,No,4077,0.0,112.9,180.0,1.0,Semiurban,Y
LP003228,Male,No,0,Not Graduate,No,4106,2516.0,55.7,360.0,1.0,Rural,Y
LP003229,Male,No,0,Graduate,Yes,21069,0.0,665.9,480.0,,Urban,Y
LP003230,Female,No,0,Not Graduate,No,1924,0.0,51.6,360.0,1.0,Semiurban,Y
LP003231,Male,Yes,0,Graduate,Yes,2516,3657.0,151.3,360.0,1.0,Rural,Y
LP003232,Male,Yes,2,Graduate,No,4514,0.0,133.9,360.0,1.0,Urban,N
LP003233,Female,No,0,Graduate,No,10176,0.0,255.1,360.0,1.0,Urban,Y
LP003234,Male,Yes,0,Graduate,No,2190,1584.0,103.8,360.0,1.0,Urban,Y
LP003235,Male,Yes,0,Graduate,No,3384,1360.0,136.0,360.0,1.0,Semiurban,Y
LP003236,Female,No,0,Not Graduate,No,2642,0.0,79.1,,0.0,Urban,N
LP003237,Male,Yes,0,Graduate,No,4614,3421.0,,360.0,1.0,Semiurban,Y
LP003238,Male,Yes,1,Not Graduate,No,2530,6749.0,282.8,180.0,1.0,Semiurban,Y
LP003239,Male,Yes,,Not Graduate,Yes,4904,0.0,139.5,360.0,1.0,Urban,N
LP003240,Female,Yes,0,Graduate,,2996,2292.0,136.0,360.0,1.0,Semiurban,Y
LP003241,Female,No,1,Graduate,No,13854,0.0,41.3,360.0,1.0,Urban,Y
LP003242,Male,Yes,3+,Graduate,No,4823,0.0,102.9,360.0,1.0,Semiurban,Y
LP003243,Male,Yes,0,Not Graduate,No,4109,0.0,115.1,180.0,1.0,Semiurban,Y
LP003244,Male,No,0,Graduate,No,8934,0.0,242.7,360.0,1.0,Urban,N
LP003245,Male,Yes,2,Graduate,Yes,2549,4673.0,174.3,360.0,1.0,Rural,Y
LP003246,Male,Yes,1,Graduate,No,3047,1309.0,123.0,360.0,0.0,Semiurban,N
LP003247,Male,Yes,0,Not Graduate,No,1875,1036.0,99.3,360.0,1.0,Semiurban,Y
LP003248,Male,No,0,Graduate,,3024,2970.0,157.1,360.0,1.0,Urban,Y
LP003249,Male,Yes,0,Graduate,No,2900,1438.0,96.3,360.0,1.0,Urban,Y
LP003250,Male,Yes,0,Graduate,No,4007,3328.0,202.9,360.0,1.0,Semiurban,Y
LP003251,Male,Yes,1,Not Graduate,No,4076,5058.0,132.7,360.0,,Rural,Y
LP003252,Male,Yes,3+,Graduate,No,9742,0.0,279.4,360.0,1.0,Rural,Y
LP003253,Male,No,0,Graduate,No,4714,0.0,103.2,360.0,1.0,Semiurban,Y
LP003254,Male,No,0,Graduate,No,4196,0.0,119.1,360.0,1.0,Rural,Y
LP003255,Male,Yes,2,Not Graduate,No,2800,0.0,45.1,180.0,0.0,Urban,N
LP003256,Male,No,1,Graduate,Yes,4501,0.0,109.8,360.0,1.0,Rural,N
LP003257,Male,Yes,0,Graduate,No,8259,0.0,161.2,360.0,1.0,Semiurban,N
LP003258,Male,Yes,0,Graduate,No,4187,2424.0,111.4,360.0,1.0,Urban,N
LP003259,Female,No,0,Graduate,,2687,1501.0,106.2,360.0,1.0,Urban,Y
LP003260,Male,Yes,1,Graduate,No,5846,5795.0,306.6,360.0,1.0,Urban,Y
LP003261,Female,Yes,0,Graduate,No,3578,1490.0,141.7,360.0,1.0,Semiurban,Y
LP003262,Male,No,0,Graduate,Yes,6136,0.0,200.6,360.0,1.0,Rural,Y
LP003263,Male,No,0,Graduate,Yes,6542,0.0,144.1,360.0,1.0,Rural,Y
LP003264,Male,Yes,0,Graduate,No,5741,1993.0,208.0,360.0,1.0,Rural,Y
LP003265,Male,Yes,0,Graduate,No,2113,1096.0,,360.0,1.0,Urban,Y
LP003266,Male,Yes,2,Graduate,No,2330,1034.0,77.1,180.0,1.0,Urban,Y
LP003267,Male,Yes,0,Graduate,No,2739,2163.0,119.6,360.0,1.0,Semiurban,Y
LP003268,Male,Yes,0,Graduate,No,3178,0.0,166.7,360.0,1.0,Rural,N
LP003269,Male,Yes,0,Graduate,No,3925,3169.0,214.4,360.0,1.0,Semiurban,Y
LP003270,Male,Yes,0,Graduate,No,3284,1877.0,109.2,360.0,1.0,Rural,Y
LP003271,Female,No,0,Graduate,No,1878,1637.0,52.5,360.0,1.0,Urban,Y
LP003272,Female,No,0,Not Graduate,No,4462,0.0,156.7,360.0,1.0,Rural,Y
LP003273,Male,Yes,0,Graduate,No,4037,1682.0,151.6,360.0,0.0,Rural,N
LP003274,Male,Yes,3+,Graduate,No,3460,3427.0,152.0,360.0,1.0,Rural,Y
LP003275,Male,No,0,Not Graduate,No,3423,0.0,77.7,36.0,1.0,Semiurban,N
LP003276,Male,No,0,Graduate,No,12063,0.0,162.8,360.0,1.0,Semiurban,N
LP003277,Female,Yes,0,Graduate,No,2569,3431.0,116.2,360.0,0.0,Urban,N
LP003278,Male,Yes,1,Graduate,No,5888,2084.0,256.3,360.0,1.0,Semiurban,Y
LP003279,Male,No,1,Not Graduate,No,3522,0.0,101.2,240.0,,Urban,Y
LP003280,,Yes,3+,Graduate,No,53889,0.0,700.4,300.0,1.0,Urban,Y
LP003281,Female,Yes,2,Graduate,No,4303,2272.0,125.4,360.0,,Semiurban,Y
LP003282,Male,Yes,1,Graduate,No,9761,0.0,182.3,360.0,1.0,Urban,Y
LP003283,Male,Yes,2,Graduate,No,6597,1718.0,222.8,300.0,1.0,Semiurban,Y
LP003284,Female,No,0,Graduate,No,3378,0.0,91.3,,1.0,Urban,Y
LP003285,Male,Yes,2,Graduate,Yes,8973,7949.0,370.9,300.0,1.0,Rural,Y
LP003286,Male,Yes,,Not Graduate,No,2972,1818.0,118.7,360.0,0.0,Semiurban,N
LP003287,Male,Yes,0,Not Graduate,No,4325,0.0,119.2,180.0,1.0,Semiurban,Y
LP003288,Male,Yes,0,Graduate,No,1843,1327.0,100.4,,0.0,Urban,N
LP003289,Female,Yes,0,Not Graduate,No,4033,0.0,126.9,360.0,,Rural,Y
LP003290,Male,Yes,0,Graduate,No,6524,4727.0,249.5,360.0,,Semiurban,Y
LP003291,Male,Yes,0,Not Graduate,No,2534,1625.0,107.6,360.0,1.0,Rural,Y
LP003292,Male,Yes,,Not Graduate,No,3011,1805.0,104.1,360.0,1.0,Semiurban,Y
LP003293,Male,Yes,1,Graduate,No,6300,7246.0,183.9,360.0,0.0,Urban,Y
LP003294,Male,Yes,1,Graduate,No,3344,2408.0,166.6,360.0,1.0,Semiurban,Y
LP003295,Male,Yes,0,Not Graduate,No,4109,0.0,114.1,180.0,1.0,Semiurban,Y
LP003296,Male,Yes,1,Graduate,No,14031,0.0,189.4,180.0,1.0,Rural,Y
LP003297,Male,No,0,Not Graduate,No,4695,0.0,48.1,360.0,1.0,Rural,Y
LP003298,Male,No,0,Not Graduate,Yes,2621,2250.0,104.4,360.0,1.0,Rural,Y
LP003299,Male,Yes,0,Not Graduate,No,1932,1056.0,94.8,360.0,1.0,Semiurban,Y
LP003300,Female,No,3+,Graduate,No,3172,0.0,247.5,360.0,1.0,Rural,Y
LP003301,Male,Yes,2,Not Graduate,No,3471,1536.0,,360.0,1.0,Rural,Y
LP003302,Male,No,0,Graduate,No,3882,1563.0,,360.0,1.0,Rural,Y
LP003303,Female,No,0,Graduate,No,3371,0.0,77.1,360.0,0.0,Urban,N
LP003304,Male,Yes,0,Not Graduate,No,4263,0.0,121.7,360.0,,Rural,Y
LP003305,Male,Yes,0,Graduate,No,3215,1989.0,108.0,360.0,0.0,Urban,N
LP003306,Male,Yes,2,Not Graduate,No,3613,1607.0,,360.0,1.0,Rural,Y
LP003307,Male,Yes,0,Graduate,No,3549,1935.0,122.0,360.0,1.0,Rural,Y
LP003308,Male,No,0,Graduate,No,3102,0.0,50.0,360.0,1.0,Urban,Y
LP003309,Male,No,0,Graduate,No,2554,0.0,77.1,360.0,1.0,Urban,N
LP003310,Male,No,1,Graduate,,3494,0.0,109.4,180.0,1.0,Urban,Y
LP003311,Male,Yes,0,Graduate,No,4626,3484.0,,360.0,1.0,Semiurban,Y
LP003312,Male,Yes,0,Graduate,No,2584,2014.0,119.5,360.0,,Urban,Y
LP003313,Male,No,0,Graduate,Yes,5818,4429.0,118.0,180.0,1.0,Urban,Y
LP003314,Male,Yes,0,Graduate,No,3381,2024.0,112.3,360.0,1.0,Rural,Y
LP003315,Male,No,0,Graduate,No,4104,7424.0,187.9,360.0,1.0,Urban,Y
LP003316,Male,Yes,2,Graduate,No,6875,1684.0,230.2,300.0,1.0,Semiurban,Y
LP003317,Male,No,2,Graduate,No,3619,0.0,107.5,360.0,1.0,Semiurban,Y
LP003318,Female,No,0,Not Graduate,No,2243,0.0,65.5,360.0,1.0,Rural,Y
LP003319,Male,No,0,Graduate,No,4907,2171.0,,360.0,1.0,Semiurban,N
LP003320,Male,Yes,2,Graduate,No,3604,4492.0,242.2,360.0,1.0,Rural,Y
LP003321,Male,Yes,0,Graduate,No,2260,2149.0,,360.0,1.0,Urban,Y
LP003322,Male,Yes,0,Graduate,,2586,3481.0,111.5,,1.0,Urban,Y
LP003323,Male,Yes,0,Graduate,No,2428,2153.0,116.6,360.0,1.0,Semiurban,Y
LP003324,Male,Yes,1,Graduate,No,6165,2061.0,248.6,360.0,1.0,Semiurban,Y
LP003325,Female,No,0,Graduate,No,1500,1726.0,105.6,360.0,0.0,Semiurban,N
LP003326,Male,Yes,1,Graduate,Yes,3499,2083.0,158.1,360.0,1.0,Semiurban,Y
LP003327,Male,No,0,Graduate,Yes,6618,0.0,170.9,180.0,1.0,Semiurban,Y
LP003328,Male,Yes,2,Graduate,No,6206,5844.0,190.2,180.0,1.0,Semiurban,Y
LP003329,Female,Yes,0,Graduate,Yes,5378,0.0,107.9,360.0,0.0,Rural,N
LP003330,Female,Yes,0,Not Graduate,No,1856,1698.0,99.8,360.0,1.0,Semiurban,Y
LP003331,Male,Yes,3+,Graduate,No,6149,0.0,152.7,360.0,1.0,Semiurban,N
LP003332,Male,Yes,0,Graduate,No,9424,0.0,195.5,180.0,1.0,Rural,Y
LP003333,Male,Yes,0,Not Graduate,No,4310,2105.0,201.6,360.0,1.0,Rural,Y
LP003334,Male,Yes,0,Graduate,No,4740,846.0,127.4,360.0,1.0,Semiurban,Y
LP003335,Male,Yes,2,Graduate,Yes,5729,0.0,146.8,84.0,,Rural,Y
LP003336,Male,Yes,0,Graduate,No,3163,2003.0,101.9,360.0,0.0,Urban,N
LP003337,Female,No,0,Graduate,No,2305,0.0,47.2,360.0,1.0,Rural,N
LP003338,Male,No,0,Graduate,No,4060,2380.0,138.9,360.0,1.0,Rural,Y
LP003339,Male,Yes,2,Graduate,No,4745,0.0,139.0,360.0,1.0,Urban,N
LP003340,Male,No,1,Graduate,No,38818,0.0,146.9,360.0,1.0,Semiurban,Y
LP003341,Male,Yes,2,Graduate,No,7660,0.0,186.0,360.0,1.0,Urban,Y
LP003342,Female,No,0,Graduate,No,7208,0.0,120.5,360.0,1.0,Rural,Y
LP003343,Female,No,0,Graduate,No,4044,0.0,111.2,360.0,1.0,Semiurban,N
LP003344,Male,Yes,,Graduate,No,5007,1448.0,161.2,360.0,0.0,Urban,N
LP003345,Male,No,0,Graduate,No,5755,0.0,142.0,360.0,1.0,Urban,Y
LP003346,Male,Yes,,Graduate,No,14283,0.0,,360.0,1.0,Urban,Y
LP003347,Male,Yes,1,Graduate,No,3010,2586.0,173.5,360.0,1.0,Semiurban,N
LP003348,Male,Yes,0,Graduate,No,2533,6087.0,189.2,360.0,1.0,Rural,Y
LP003349,Male,Yes,1,Graduate,No,5869,0.0,43.1,360.0,1.0,Urban,Y
LP003350,Female,No,0,Graduate,,3569,0.0,137.5,360.0,1.0,Rural,N
LP003351,Male,Yes,0,Graduate,No,20254,5068.0,558.9,360.0,1.0,Rural,Y
LP003352,Male,Yes,1,Graduate,No,2901,1038.0,97.4,360.0,1.0,Urban,Y
LP003353,Female,No,0,Graduate,No,9889,0.0,263.0,360.0,1.0,Urban,Y
LP003354,Male,No,0,Graduate,No,3631,4414.0,176.7,360.0,1.0,Rural,Y
LP003355,Male,Yes,0,Graduate,No,3245,2308.0,134.8,360.0,1.0,Rural,N
LP003356,Male,Yes,0,Graduate,No,2378,2521.0,160.4,360.0,1.0,Semiurban,Y
LP003357,Female,No,0,Graduate,Yes,2491,0.0,91.5,360.0,,Urban,Y
LP003358,Female,Yes,0,Graduate,No,3307,2350.0,153.9,360.0,1.0,Semiurban,Y
LP003359,,Yes,3+,Graduate,No,23383,0.0,359.1,360.0,1.0,Rural,Y
LP003360,Male,Yes,0,Graduate,No,2624,2139.0,124.4,360.0,,Urban,Y
LP003361,Male,Yes,0,Graduate,No,3417,2306.0,138.2,360.0,1.0,Rural,N
LP003362,Male,Yes,2,Graduate,No,3201,2063.0,150.0,360.0,1.0,Urban,Y
LP003363,Male,No,0,Graduate,,6884,0.0,,360.0,,Urban,N
LP003364,Male,Yes,1,Graduate,No,2150,1448.0,85.3,360.0,,Urban,Y
LP003365,Female,Yes,0,Graduate,No,4021,2408.0,186.3,360.0,1.0,Semiurban,Y
LP003366,Female,No,3+,Graduate,,424,43458.0,349.9,180.0,,Urban,Y
LP003367,Male,Yes,1,Graduate,No,17624,0.0,492.0,360.0,1.0,Urban,N
LP003368,Male,Yes,0,Graduate,,6031,0.0,248.1,360.0,,Urban,N
LP003369,Male,Yes,0,Graduate,No,10793,0.0,137.6,360.0,1.0,Urban,Y
LP003370,,Yes,0,Graduate,Yes,680,5233.0,173.8,360.0,1.0,Rural,Y
LP003371,Male,Yes,2,Not Graduate,No,4610,0.0,107.0,360.0,1.0,Rural,Y
LP003372,Male,Yes,2,Graduate,No,6295,0.0,199.8,360.0,1.0,Semiurban,Y
LP003373,Male,Yes,2,Graduate,No,9244,0.0,111.4,360.0,1.0,Urban,Y
LP003374,Male,No,0,Graduate,No,3796,0.0,115.8,480.0,1.0,Urban,N
LP003375,Male,Yes,2,Not Graduate,No,2350,0.0,111.1,360.0,1.0,Rural,N
LP003376,Male,No,0,Graduate,No,3878,0.0,98.0,360.0,1.0,Urban,Y
LP003377,Male,No,0,Graduate,No,2361,2424.0,137.3,360.0,1.0,Semiurban,Y
LP003378,Male,Yes,0,Graduate,No,21240,0.0,,360.0,1.0,Rural,N
LP003379,Female,Yes,2,Graduate,No,4357,2304.0,127.4,360.0,,Semiurban,Y
LP003380,Male,Yes,3+,Not Graduate,Yes,7259,0.0,120.6,60.0,1.0,Urban,Y
LP003381,Male,Yes,1,Graduate,No,5644,0.0,42.5,360.0,1.0,Urban,Y
LP003382,Male,No,0,Graduate,No,4188,0.0,123.4,360.0,1.0,Semiurban,Y
LP003383,Male,Yes,0,Graduate,No,4068,1656.0,148.6,360.0,0.0,Rural,N
LP003384,Male,Yes,1,Not Graduate,No,3464,1040.0,140.1,360.0,1.0,Urban,Y
LP003385,Male,Yes,0,Graduate,No,3841,1719.0,132.9,360.0,1.0,Semiurban,Y
LP003386,Female,No,0,Graduate,Yes,2523,0.0,89.4,360.0,,Urban,Y
LP003387,Male,No,0,Graduate,No,6282,0.0,104.8,360.0,0.0,Rural,Y
LP003388,Male,Yes,3+,Not Graduate,No,2521,1561.0,171.8,360.0,1.0,Rural,N
LP003389,Male,Yes,2,Graduate,Yes,6541,0.0,,360.0,0.0,Rural,Y
LP003390,Male,Yes,1,Graduate,No,8109,241.0,245.0,360.0,1.0,Urban,Y
LP003391,Female,No,0,Graduate,No,4264,0.0,118.9,360.0,1.0,Semiurban,Y
LP003392,Male,Yes,1,Not Graduate,No,2561,7251.0,285.8,180.0,1.0,Semiurban,Y
LP003393,Male,Yes,2,Graduate,No,8583,3075.0,161.4,360.0,1.0,Rural,Y
LP003394,Male,Yes,0,Not Graduate,No,2694,1943.0,113.7,360.0,0.0,Semiurban,N
LP003395,Male,No,0,Graduate,No,2412,0.0,52.9,360.0,1.0,Semiurban,Y
LP003396,Male,Yes,0,Graduate,No,1820,3613.0,128.9,360.0,1.0,Semiurban,Y
LP003397,Male,No,0,Not Graduate,No,2447,1459.0,102.7,480.0,0.0,Urban,N
LP003398,Male,No,0,Graduate,No,3038,2903.0,143.1,360.0,1.0,Semiurban,Y
LP003399,Male,Yes,0,Graduate,No,8125,1761.0,186.8,360.0,1.0,Rural,Y
LP003400,Male,Yes,2,Not Graduate,No,4184,1365.0,151.4,360.0,1.0,Rural,Y
LP003401,Male,Yes,3+,Graduate,No,15158,0.0,302.2,360.0,1.0,Rural,Y
LP003402,Male,Yes,3+,Graduate,No,3399,3403.0,154.3,360.0,1.0,Rural,Y
LP003403,Male,No,0,Graduate,No,5117,0.0,124.8,360.0,1.0,Urban,Y
LP003404,Male,Yes,,Graduate,Yes,5566,4322.0,67.2,,1.0,Semiurban,Y
LP003405,Male,Yes,3+,Graduate,No,5292,0.0,92.1,360.0,1.0,Urban,N
LP003406,Male,Yes,0,Not Graduate,No,2535,1711.0,105.5,360.0,1.0,Rural,Y
LP003407,Male,Yes,0,Graduate,No,4700,5567.0,264.5,360.0,1.0,Semiurban,Y
LP003408,Male,No,2,Graduate,No,5300,4547.0,167.3,360.0,1.0,Rural,Y
LP003409,Male,Yes,2,Graduate,No,5619,0.0,134.7,360.0,1.0,Urban,Y
LP003410,Female,Yes,0,Not Graduate,No,2964,641.0,104.7,360.0,,Semiurban,Y
LP003411,Female,No,1,Not Graduate,No,4434,0.0,80.0,360.0,1.0,Rural,N
LP003412,Male,Yes,2,Graduate,No,7539,0.0,193.1,360.0,1.0,Urban,Y
LP003413,Male,Yes,3+,Graduate,No,4134,1781.0,166.2,360.0,0.0,Urban,Y
LP003414,,Yes,0,Graduate,No,3143,2233.0,134.4,360.0,0.0,Semiurban,N
LP003415,Female,No,1,Graduate,No,2704,0.0,156.9,360.0,1.0,Urban,N
LP003416,Male,Yes,0,Graduate,No,2521,3358.0,129.5,360.0,1.0,Rural,Y
LP003417,Male,Yes,0,Graduate,No,2310,0.0,73.1,360.0,,Urban,Y
LP003418,Male,Yes,1,Graduate,No,5263,997.0,25.0,360.0,1.0,Semiurban,Y
LP003419,Male,Yes,0,Graduate,No,21314,0.0,,360.0,1.0,Rural,N
LP003420,Female,No,0,Graduate,No,3314,0.0,73.5,360.0,0.0,Urban,N
LP003421,Male,Yes,2,Graduate,,2490,1770.0,112.7,360.0,1.0,Urban,Y
LP003422,Male,Yes,1,Graduate,No,3399,2381.0,168.3,360.0,1.0,Semiurban,Y
LP003423,Male,Yes,,Not Graduate,No,2822,1664.0,104.2,360.0,1.0,Semiurban,Y
LP003424,Male,No,0,Not Graduate,Yes,2684,2249.0,106.8,360.0,1.0,Rural,Y
LP003425,Male,Yes,1,Graduate,Yes,2936,0.0,96.2,360.0,1.0,Semiurban,Y
LP003426,Male,No,3+,Graduate,No,12235,2863.0,317.3,360.0,1.0,Rural,N
LP003427,Male,Yes,0,Graduate,No,5580,4263.0,178.4,360.0,1.0,Semiurban,Y
LP003428,Female,Yes,1,Graduate,No,12469,0.0,511.8,360.0,1.0,Semiurban,Y
LP003429,Male,Yes,0,Not Graduate,,2753,2895.0,160.3,360.0,1.0,Rural,Y
LP003430,Male,Yes,2,Graduate,Yes,1571,19196.0,236.7,360.0,1.0,Urban,Y
LP003431,Male,No,0,Graduate,,5077,0.0,114.9,360.0,1.0,Semiurban,Y
LP003432,Male,Yes,1,Graduate,No,3015,2566.0,175.6,360.0,1.0,Semiurban,N
LP003433,Female,No,0,Graduate,No,618,3853.0,109.3,480.0,1.0,Rural,Y
LP003434,Male,No,0,Not Graduate,No,3807,0.0,112.0,360.0,1.0,Rural,Y
LP003435,Male,Yes,3+,Graduate,Yes,5473,1833.0,181.6,360.0,1.0,Semiurban,Y
LP003436,Male,Yes,0,Not Graduate,No,6293,0.0,216.1,360.0,0.0,Rural,Y
LP003437,Male,Yes,0,Graduate,No,5009,922.0,119.2,180.0,1.0,Urban,Y
LP003438,Male,Yes,0,Graduate,No,3263,1454.0,134.2,360.0,1.0,Semiurban,Y
LP003439,Male,Yes,0,Graduate,No,4117,3383.0,214.0,360.0,1.0,Semiurban,Y
LP003440,Male,Yes,2,Not Graduate,No,1969,1600.0,108.5,180.0,1.0,Semiurban,Y
LP003441,Male,Yes,0,Graduate,No,4372,0.0,121.7,360.0,1.0,Urban,Y
LP003442,Male,No,0,Graduate,No,12586,0.0,169.0,360.0,1.0,Semiurban,N
LP003443,Male,Yes,0,Not Graduate,No,4073,0.0,113.3,180.0,1.0,Semiurban,Y
LP003444,Male,No,0,Graduate,No,2498,1852.0,147.4,360.0,1.0,Rural,Y
LP003445,Male,No,0,Graduate,,6768,0.0,,360.0,,Urban,N
LP003446,Male,Yes,0,Graduate,No,8990,0.0,184.3,180.0,1.0,Rural,Y
LP003447,Male,Yes,0,Graduate,No,1751,1326.0,102.1,,0.0,Urban,N
LP003448,Male,Yes,1,Graduate,No,6533,0.0,175.9,360.0,1.0,Semiurban,Y
LP003449,Male,No,0,Graduate,No,4903,2092.0,,360.0,1.0,Semiurban,N
LP003450,Male,Yes,0,Graduate,No,14444,0.0,429.0,360.0,1.0,Semiurban,Y
LP003451,Male,Yes,0,Graduate,No,143,1889.0,133.9,360.0,1.0,Rural,N
LP003452,Male,No,0,Graduate,No,2709,1920.0,127.9,360.0,1.0,Rural,Y
LP003453,Male,Yes,3+,Graduate,No,3147,0.0,102.2,360.0,1.0,Urban,Y
LP003454,Male,No,0,Not Graduate,No,3819,0.0,106.8,360.0,1.0,Rural,Y
LP003455,Female,No,0,Graduate,No,2335,0.0,46.3,360.0,1.0,Rural,N
LP003456,Female,No,0,Graduate,No,3172,0.0,69.6,360.0,0.0,Urban,N
LP003457,Male,Yes,0,Not Graduate,No,4798,0.0,136.2,360.0,1.0,Rural,N
LP003458,Male,Yes,2,Graduate,No,2042,1596.0,97.5,360.0,1.0,Rural,Y
LP003459,Male,Yes,1,Graduate,No,8362,228.0,256.8,360.0,1.0,Urban,Y
LP003460,Male,Yes,2,Graduate,No,3306,490.0,131.5,360.0,,Semiurban,Y
LP003461,Male,Yes,0,Graduate,No,7475,8502.0,176.3,300.0,,Rural,Y
LP003462,Male,No,0,Not Graduate,No,3145,2637.0,123.2,,1.0,Rural,Y
LP003463,Male,No,0,Graduate,No,3839,0.0,115.3,480.0,1.0,Urban,N
LP003464,Male,No,0,Graduate,Yes,5252,0.0,130.6,360.0,1.0,Semiurban,Y
LP003465,Male,No,0,Graduate,Yes,6815,0.0,84.1,360.0,1.0,Semiurban,Y
LP003466,Male,No,0,Graduate,Yes,7219,0.0,132.0,360.0,1.0,Urban,Y
LP003467,Male,No,0,Not Graduate,Yes,5658,0.0,132.9,360.0,1.0,Semiurban,Y
LP003468,Male,Yes,2,Graduate,No,3616,4622.0,251.1,360.0,1.0,Rural,Y
LP003469,Male,No,0,Graduate,No,2481,0.0,96.4,480.0,1.0,Semiurban,N
LP003470,Male,Yes,0,Graduate,No,2831,2107.0,122.1,360.0,1.0,Semiurban,Y
LP003471,Male,Yes,3+,Not Graduate,Yes,6810,0.0,122.2,60.0,1.0,Urban,Y
LP003472,Male,Yes,0,Not Graduate,No,4305,0.0,115.4,180.0,1.0,Semiurban,Y
LP003473,Male,Yes,2,Graduate,No,3332,481.0,131.1,360.0,,Semiurban,Y
LP003474,Male,Yes,1,Graduate,,3816,2797.0,155.5,360.0,,Semiurban,N
LP003475,Female,Yes,2,Not Graduate,,205,2910.0,99.4,360.0,1.0,Semiurban,Y
LP003476,Male,Yes,0,Graduate,No,10824,0.0,243.2,360.0,1.0,Semiurban,Y
LP003477,Male,Yes,2,Graduate,No,9059,0.0,249.6,360.0,0.0,Urban,Y
LP003478,Male,No,0,Graduate,No,6109,0.0,115.6,360.0,0.0,Rural,Y
LP003479,Male,Yes,0,Graduate,No,2624,2072.0,125.7,360.0,1.0,Semiurban,Y
LP003480,Female,No,0,Graduate,No,2390,0.0,8.9,360.0,1.0,Urban,N
LP003481,Male,No,0,Graduate,No,4175,7287.0,183.5,360.0,1.0,Urban,Y
LP003482,Male,Yes,2,Graduate,No,3717,3613.0,222.2,360.0,0.0,Urban,N
LP003483,Male,No,0,Graduate,No,1763,1209.0,47.1,360.0,1.0,Urban,Y
LP003484,Male,Yes,0,Graduate,Yes,38277,4652.0,117.1,360.0,1.0,Semiurban,Y
LP003485,Male,Yes,0,Graduate,No,3115,1426.0,98.0,360.0,1.0,Urban,Y
LP003486,Male,No,0,Graduate,No,3016,2791.0,138.6,360.0,1.0,Semiurban,Y
LP003487,Male,No,0,Graduate,No,2808,0.0,72.2,360.0,1.0,Semiurban,Y
LP003488,Male,Yes,1,Graduate,No,3235,1236.0,116.6,360.0,0.0,Semiurban,N
LP003489,Male,Yes,0,Graduate,No,3164,2972.0,138.8,360.0,1.0,Urban,Y
LP003490,Male,Yes,1,Graduate,No,3018,1747.0,135.2,360.0,1.0,Semiurban,Y
LP003491,Female,No,0,Not Graduate,No,2067,0.0,71.2,360.0,1.0,Semiurban,Y
LP003492,Male,Yes,2,Graduate,No,3924,1539.0,161.7,360.0,1.0,Urban,Y
LP003493,Male,Yes,3+,Not Graduate,No,4960,0.0,97.6,,0.0,Semiurban,N
LP003494,Male,Yes,1,Not Graduate,No,5345,1081.0,185.5,360.0,,Urban,Y
LP003495,Male,No,0,Not Graduate,Yes,2524,2238.0,100.6,360.0,1.0,Rural,Y
LP003496,Male,No,0,Graduate,Yes,6335,0.0,203.3,360.0,1.0,Rural,Y
LP003497,Male,No,0,Graduate,No,4729,1926.0,184.8,360.0,1.0,Semiurban,N
LP003498,Male,Yes,0,Graduate,No,5795,5721.0,182.4,360.0,1.0,Semiurban,Y
LP003499,Male,Yes,0,Graduate,No,2354,3400.0,124.0,360.0,1.0,Rural,Y
LP003500,Male,Yes,2,Graduate,No,8381,0.0,198.7,360.0,1.0,Semiurban,Y
LP003501,Male,Yes,0,Graduate,No,2594,2070.0,116.0,360.0,,Urban,Y
LP003502,Male,No,0,Graduate,No,3717,0.0,73.5,360.0,1.0,Semiurban,Y
LP003503,Female,Yes,2,Graduate,No,2110,1627.0,110.9,480.0,1.0,Semiurban,Y
LP003504,Male,No,0,Not Graduate,No,1380,0.0,35.4,360.0,1.0,Urban,N
LP003505,Male,Yes,0,Graduate,No,9703,0.0,75.2,180.0,1.0,Urban,Y
LP003506,Female,No,0,Not Graduate,No,2855,0.0,77.2,,0.0,Urban,N
LP003507,Female,No,3+,Not Graduate,No,1866,0.0,,360.0,0.0,Urban,N
LP003508,Female,Yes,1,Graduate,No,3415,954.0,108.9,84.0,1.0,Semiurban,Y
LP003509,Male,No,0,Graduate,Yes,6711,0.0,145.4,360.0,1.0,Rural,Y
LP003510,Female,No,0,Graduate,No,2483,0.0,45.1,360.0,1.0,Rural,N
LP003511,Male,No,0,Graduate,No,6301,4533.0,202.7,360.0,0.0,Rural,Y
LP003512,Male,No,0,Not Graduate,No,3681,1347.0,103.5,360.0,1.0,Rural,N
LP003513,Male,No,0,Graduate,No,5125,0.0,129.6,360.0,0.0,Rural,Y
LP003514,Male,Yes,0,Graduate,No,157,1844.0,133.0,360.0,1.0,Rural,N
LP003515,Male,Yes,0,Not Graduate,No,1859,2838.0,92.9,360.0,0.0,Urban,N
LP003516,Male,No,0,Graduate,No,1974,1844.0,75.6,360.0,1.0,Urban,Y
LP003517,Female,No,0,Graduate,No,4500,0.0,132.4,360.0,0.0,Semiurban,N
LP003518,Female,No,2,Graduate,No,3470,0.0,141.0,360.0,1.0,Urban,N
LP003519,Female,Yes,0,Not Graduate,No,2241,3262.0,181.6,360.0,0.0,Semiurban,N
LP003520,Male,Yes,0,Graduate,No,7462,8214.0,175.6,300.0,,Rural,Y
LP003521,Male,No,0,Graduate,No,1879,4949.0,69.0,360.0,,Rural,Y
LP003522,Female,Yes,0,Graduate,No,4523,0.0,108.7,360.0,1.0,Rural,N
LP003523,Male,Yes,0,Graduate,No,2972,2989.0,132.0,360.0,1.0,Semiurban,Y
LP003524,Male,Yes,0,Graduate,No,1054,5426.0,215.1,360.0,,Rural,Y
LP003525,Male,No,0,Graduate,No,4090,7078.0,182.9,360.0,1.0,Urban,Y
LP003526,Female,No,0,Graduate,No,3721,0.0,91.2,360.0,,Rural,Y
LP003527,Male,Yes,2,Not Graduate,No,2273,1298.0,123.7,360.0,0.0,Rural,N
LP003528,Male,Yes,3+,Not Graduate,No,3633,0.0,78.5,180.0,1.0,Rural,N
LP003529,Female,Yes,2,Graduate,No,4268,2465.0,124.5,360.0,,Semiurban,Y
LP003530,Male,Yes,0,Graduate,No,3223,2168.0,132.5,360.0,1.0,Rural,N
LP003531,Male,Yes,2,Graduate,Yes,15973,1047.0,152.6,360.0,1.0,Rural,Y
LP003532,Male,Yes,2,Graduate,No,3689,0.0,92.5,360.0,1.0,Semiurban,Y
LP003533,Female,No,1,Graduate,No,4722,0.0,82.0,360.0,1.0,Semiurban,N
LP003534,Male,No,0,Graduate,No,5618,0.0,,360.0,1.0,Urban,Y
LP003535,Male,No,0,Not Graduate,No,2255,1656.0,129.1,360.0,1.0,Semiurban,Y
LP003536,Male,Yes,2,Not Graduate,No,3218,2151.0,121.8,360.0,1.0,Urban,Y
LP003537,Male,Yes,0,Graduate,No,9675,0.0,185.0,180.0,1.0,Rural,Y
LP003538,Male,Yes,0,Not Graduate,No,3795,1418.0,121.3,300.0,1.0,Semiurban,Y
LP003539,Male,No,0,Not Graduate,No,5122,0.0,48.2,360.0,1.0,Rural,Y
LP003540,,No,0,Graduate,No,3403,0.0,94.9,360.0,1.0,Urban,N
LP003541,Male,Yes,1,Graduate,No,6397,0.0,181.5,360.0,1.0,Semiurban,Y
LP003542,Male,Yes,1,Graduate,No,8396,0.0,157.6,300.0,0.0,Semiurban,Y
LP003543,Female,Yes,0,Graduate,No,3153,2169.0,153.3,360.0,1.0,Semiurban,Y
LP003544,Male,Yes,0,Graduate,Yes,3423,0.0,25.6,120.0,1.0,Semiurban,Y
LP003545,Male,Yes,0,Graduate,No,3350,2205.0,129.7,360.0,1.0,Rural,N
LP003546,Male,Yes,1,Graduate,No,5421,1015.0,26.1,360.0,1.0,Semiurban,Y
LP003547,Male,Yes,3+,Not Graduate,No,3603,0.0,82.6,180.0,1.0,Rural,N
LP003548,Female,No,0,Graduate,No,9635,1748.0,219.9,360.0,1.0,Rural,N
LP003549,Male,Yes,3+,Not Graduate,Yes,3232,2225.0,125.4,360.0,,Semiurban,Y
LP003550,Male,Yes,1,Graduate,Yes,7538,0.0,233.4,360.0,1.0,Urban,Y
LP003551,Male,Yes,3+,Not Graduate,No,3897,0.0,,180.0,1.0,Urban,N
LP003552,Male,,,Graduate,No,4770,0.0,157.3,480.0,1.0,Semiurban,Y
LP003553,Male,Yes,,Not Graduate,Yes,4550,0.0,138.1,360.0,1.0,Urban,N
LP003554,Male,Yes,3+,Graduate,No,4438,0.0,99.0,360.0,1.0,Urban,Y
LP003555,Male,No,0,Graduate,No,3585,5196.0,186.1,360.0,1.0,Semiurban,Y
LP003556,Male,No,0,Not Graduate,No,2662,0.0,64.8,300.0,1.0,Rural,N
LP003557,Male,Yes,1,Graduate,No,5748,0.0,44.9,360.0,1.0,Urban,Y
LP003558,Male,No,0,Not Graduate,No,3041,2716.0,116.2,,1.0,Rural,Y
LP003559,Male,No,0,Graduate,No,4047,2596.0,143.0,360.0,1.0,Rural,Y
LP003560,Male,Yes,2,Graduate,Yes,17846,0.0,406.0,360.0,1.0,Rural,Y
LP003561,Male,No,0,Graduate,Yes,6751,0.0,178.4,180.0,1.0,Semiurban,Y
LP003562,Female,Yes,0,Not Graduate,No,2050,3178.0,181.3,360.0,0.0,Semiurban,N
LP003563,Male,Yes,2,Graduate,No,3238,1967.0,147.7,360.0,1.0,Urban,Y
LP003564,Male,Yes,2,Graduate,Yes,8948,8066.0,371.2,300.0,1.0,Rural,Y
LP003565,Male,Yes,0,Not Graduate,No,4295,0.0,120.4,360.0,,Rural,Y
LP003566,Male,Yes,0,Graduate,No,14322,2074.0,315.1,360.0,1.0,Rural,N
LP003567,Male,Yes,1,Graduate,Yes,3379,2073.0,163.1,360.0,1.0,Semiurban,Y
LP003568,Male,Yes,2,Graduate,,2507,1863.0,104.7,360.0,1.0,Urban,Y
LP003569,Female,No,0,Graduate,No,2544,0.0,64.6,360.0,1.0,Urban,Y
LP003570,Male,Yes,1,Graduate,No,3910,0.0,69.6,360.0,1.0,Urban,N
LP003571,Female,No,0,Not Graduate,No,2135,0.0,63.7,360.0,1.0,Rural,Y
LP003572,Male,Yes,2,Graduate,Yes,9017,8194.0,366.2,300.0,1.0,Rural,Y
LP003573,Male,Yes,3+,Graduate,No,3150,2483.0,156.1,360.0,0.0,Semiurban,N
LP003574,Female,No,0,Graduate,No,4190,0.0,45.7,360.0,1.0,Semiurban,Y
LP003575,Male,Yes,2,Not Graduate,No,3197,2229.0,124.2,360.0,1.0,Urban,Y
LP003576,Male,Yes,0,Graduate,No,5621,4070.0,173.7,360.0,1.0,Semiurban,Y
LP003577,Male,Yes,1,Not Graduate,No,3437,1672.0,112.2,180.0,1.0,Urban,Y
LP003578,Male,Yes,3+,Graduate,No,5529,10736.0,476.2,360.0,0.0,Semiurban,Y
LP003579,Male,Yes,3+,Graduate,No,6300,0.0,162.0,180.0,1.0,Rural,Y
LP003580,Male,No,0,Graduate,No,3589,0.0,80.1,360.0,1.0,Urban,N
LP003581,Female,No,0,Graduate,No,3159,0.0,99.7,360.0,1.0,Semiurban,Y
LP003582,Male,Yes,2,Graduate,No,11405,0.0,192.4,180.0,1.0,Urban,Y
LP003583,Male,Yes,1,Not Graduate,No,2551,2592.0,93.3,360.0,1.0,Semiurban,Y
LP003584,,Yes,0,Graduate,Yes,2143,3891.0,159.0,360.0,,Semiurban,Y
LP003585,Male,Yes,3+,Graduate,Yes,10560,0.0,253.2,360.0,1.0,Semiurban,Y
LP003586,Male,No,0,Not Graduate,No,3310,0.0,82.0,36.0,1.0,Semiurban,N
LP003587,Male,No,0,Not Graduate,Yes,2533,2213.0,103.2,360.0,1.0,Rural,Y
LP003588,Male,Yes,0,Graduate,No,5320,0.0,129.4,360.0,1.0,Rural,Y
LP003589,Male,Yes,0,Graduate,No,3927,3150.0,147.1,180.0,1.0,Rural,Y
LP003590,Female,No,3+,Graduate,No,3028,0.0,247.1,360.0,1.0,Rural,Y
LP003591,Male,No,1,Not Graduate,Yes,2904,1505.0,196.9,360.0,,Semiurban,N
LP003592,Male,Yes,1,Graduate,No,12617,10964.0,345.3,360.0,1.0,Semiurban,Y
LP003593,Male,Yes,1,Not Graduate,No,2483,1967.0,141.6,180.0,1.0,Urban,N
LP003594,Male,Yes,0,Not Graduate,No,1685,3770.0,193.5,360.0,0.0,Semiurban,N
LP003595,Male,No,0,Graduate,No,6181,0.0,145.4,360.0,1.0,Urban,Y
LP003596,Male,Yes,0,Graduate,No,5551,2106.0,177.0,360.0,1.0,Rural,N
LP003597,Male,No,1,Graduate,No,3038,2032.0,112.3,180.0,0.0,Urban,N
LP003598,Female,No,0,Graduate,No,4372,0.0,119.7,360.0,0.0,Semiurban,N
LP003599,Female,Yes,0,Graduate,No,2215,4561.0,100.1,360.0,1.0,Semiurban,Y
LP003600,Male,Yes,0,Graduate,No,7877,966.0,173.7,,1.0,Semiurban,Y
LP003601,Female,No,1,Graduate,No,3678,0.0,115.3,360.0,1.0,Rural,Y
LP003602,Male,Yes,2,Graduate,No,2103,1659.0,103.0,360.0,1.0,Rural,Y
LP003603,Male,Yes,0,Graduate,No,3973,764.0,116.0,360.0,1.0,Semiurban,Y
LP003604,Male,Yes,0,Not Graduate,Yes,2567,3463.0,170.8,180.0,0.0,Rural,N
LP003605,Male,Yes,0,Graduate,No,155,1756.0,133.7,360.0,1.0,Rural,N
LP003606,,Yes,0,Graduate,Yes,1981,4118.0,159.3,360.0,,Semiurban,Y
LP003607,Female,No,0,Graduate,No,2820,0.0,69.6,360.0,1.0,Rural,Y
LP003608,Male,,,Graduate,No,3841,736.0,162.1,360.0,1.0,Urban,Y
LP003609,Male,Yes,0,Not Graduate,No,4125,0.0,113.8,180.0,1.0,Semiurban,Y
LP003610,Male,No,0,Not Graduate,No,3637,1349.0,102.3,360.0,1.0,Rural,N
LP003611,Male,Yes,2,Graduate,No,4348,0.0,97.0,360.0,1.0,Urban,N
LP003612,Female,No,0,Graduate,Yes,7155,0.0,188.0,360.0,1.0,Rural,N
LP003613,Male,Yes,,Not Graduate,No,2959,1765.0,120.1,360.0,0.0,Semiurban,N
LP003614,Male,Yes,2,Graduate,Yes,16011,987.0,145.0,360.0,1.0,Rural,Y
LP003615,Male,No,0,Graduate,No,1918,1809.0,50.5,360.0,1.0,Semiurban,Y
LP003616,Male,Yes,0,Not Graduate,No,2665,1986.0,112.7,360.0,0.0,Semiurban,N
LP003617,Male,Yes,2,Graduate,No,9155,0.0,251.0,360.0,0.0,Urban,Y
LP003618,Male,Yes,0,Graduate,No,3832,2603.0,166.3,360.0,1.0,Urban,N
LP003619,Female,Yes,2,Graduate,No,1336,1924.0,170.8,360.0,1.0,Urban,N
LP003620,Male,Yes,2,Graduate,No,11687,0.0,191.7,180.0,1.0,Urban,Y
LP003621,Male,Yes,1,Graduate,No,3868,0.0,48.6,240.0,1.0,Urban,Y
LP003622,Male,Yes,1,Graduate,Yes,976,3148.0,112.1,360.0,1.0,Urban,N
LP003623,Male,Yes,0,Graduate,No,4302,0.0,117.4,360.0,1.0,Urban,Y
LP003624,Male,No,0,Graduate,No,5596,0.0,,360.0,1.0,Urban,Y
LP003625,Female,Yes,0,Not Graduate,No,1873,1711.0,97.9,360.0,1.0,Semiurban,Y
LP003626,Male,Yes,1,Graduate,Yes,3616,1238.0,131.3,360.0,1.0,Rural,Y
LP003627,Male,Yes,2,Graduate,No,3328,1658.0,146.1,360.0,0.0,Rural,N
LP003628,Male,Yes,1,Graduate,No,18232,0.0,510.3,360.0,1.0,Urban,N
LP003629,Male,Yes,0,Graduate,No,3330,1724.0,109.9,360.0,1.0,Semiurban,Y
LP003630,Male,Yes,2,Not Graduate,No,3005,2103.0,130.6,360.0,1.0,Urban,Y
LP003631,Male,No,0,Not Graduate,No,3752,0.0,24.1,120.0,1.0,Semiurban,Y
LP003632,Male,Yes,2,Not Graduate,Yes,1812,1920.0,97.6,360.0,1.0,Semiurban,Y
LP003633,Male,Yes,2,Graduate,Yes,6576,0.0,,360.0,0.0,Rural,Y
LP003634,Male,Yes,2,Not Graduate,No,2170,0.0,116.6,360.0,1.0,Rural,N
LP003635,Male,Yes,0,Graduate,No,1805,1902.0,86.5,360.0,1.0,Urban,Y
LP003636,Male,Yes,0,Graduate,No,2107,1154.0,,360.0,1.0,Urban,Y
LP003637,Male,Yes,1,Graduate,No,2284,1402.0,85.0,360.0,,Urban,Y
LP003638,Male,No,0,Not Graduate,No,2064,0.0,,360.0,1.0,Urban,N
LP003639,Male,Yes,3+,Graduate,No,4457,1836.0,158.1,360.0,0.0,Urban,Y
LP003640,Male,Yes,2,Graduate,No,4516,0.0,134.9,360.0,1.0,Urban,N
LP003641,Male,Yes,1,Graduate,No,5685,1317.0,166.3,360.0,1.0,Rural,Y
LP003642,Male,Yes,0,Graduate,No,2343,2320.0,131.3,360.0,1.0,Urban,Y
LP003643,Male,Yes,2,Not Graduate,No,2852,0.0,45.5,180.0,0.0,Urban,N
LP003644,Female,No,0,Graduate,No,5062,0.0,131.1,360.0,1.0,Rural,Y
LP003645,Female,No,0,Graduate,No,3085,0.0,80.8,360.0,1.0,Urban,Y
LP003646,Male,,,Graduate,No,4588,0.0,154.3,480.0,1.0,Semiurban,Y
LP003647,Male,No,0,Graduate,No,3307,2686.0,108.6,360.0,1.0,Urban,Y
LP003648,Male,Yes,3+,Graduate,Yes,5131,1793.0,187.9,360.0,1.0,Semiurban,Y
LP003649,Male,No,0,Graduate,No,3786,0.0,100.7,360.0,1.0,Urban,Y
LP003650,Male,Yes,,Graduate,No,13493,0.0,,360.0,1.0,Urban,Y
LP003651,Female,No,0,Not Graduate,No,2816,0.0,79.2,,0.0,Urban,N
LP003652,Male,No,0,Not Graduate,No,2090,0.0,,360.0,1.0,Urban,N
LP003653,Male,Yes,0,Graduate,No,2052,1043.0,49.1,360.0,1.0,Semiurban,Y
LP003654,,Yes,1,Graduate,Yes,9607,1758.0,178.7,180.0,1.0,Urban,Y
LP003655,Male,No,0,Graduate,No,3635,0.0,97.4,360.0,1.0,Urban,Y
LP003656,Male,Yes,2,Not Graduate,No,4640,0.0,108.5,360.0,1.0,Rural,Y
LP003657,Female,No,0,Graduate,No,2281,1774.0,101.5,360.0,0.0,Urban,N
LP003658,Male,Yes,1,Graduate,No,2745,1761.0,124.3,480.0,1.0,Semiurban,Y
LP003659,Male,Yes,0,Graduate,No,3726,3024.0,183.0,,1.0,Rural,Y
LP003660,Female,No,0,Not Graduate,No,4358,0.0,152.6,360.0,1.0,Rural,Y
LP003661,,Yes,1,Graduate,Yes,10319,1907.0,179.5,180.0,1.0,Urban,Y
LP003662,Female,No,0,Graduate,No,2074,0.0,96.9,360.0,0.0,Semiurban,N
LP003663,Male,Yes,1,Graduate,No,2978,1052.0,100.3,360.0,1.0,Urban,Y
LP003664,Male,Yes,0,Graduate,No,5694,2090.0,218.1,360.0,1.0,Rural,Y
LP003665,Female,No,0,Graduate,No,4006,0.0,112.6,360.0,1.0,Semiurban,Y
LP003666,Male,No,0,Graduate,No,2793,0.0,71.4,360.0,1.0,Semiurban,Y
LP003667,Male,Yes,2,Graduate,Yes,3422,3507.0,90.4,360.0,1.0,Urban,Y
LP003668,Male,Yes,1,Graduate,No,35209,0.0,256.9,360.0,1.0,Semiurban,N
LP003669,Male,Yes,2,Not Graduate,No,2896,0.0,43.4,180.0,0.0,Urban,N
LP003670,Female,No,0,Graduate,No,2487,0.0,67.7,360.0,1.0,Urban,Y
LP003671,,No,0,Graduate,No,3522,0.0,93.6,360.0,1.0,Urban,N
LP003672,Male,Yes,3+,Not Graduate,Yes,7163,0.0,125.7,60.0,1.0,Urban,Y
LP003673,Male,Yes,0,Graduate,No,2755,2004.0,158.0,360.0,1.0,Rural,Y
LP003674,Female,No,0,Graduate,No,4209,0.0,114.5,360.0,1.0,Semiurban,N
LP003675,Male,No,1,Not Graduate,Yes,2889,1488.0,187.0,360.0,,Semiurban,N
LP003676,Male,Yes,2,Not Graduate,No,4106,0.0,124.1,360.0,1.0,Semiurban,Y
LP003677,Female,No,0,Graduate,No,3801,0.0,93.9,360.0,,Rural,Y
LP003678,Male,Yes,0,Graduate,No,2461,0.0,76.9,360.0,,Urban,Y
LP003679,Male,No,0,Graduate,No,5411,0.0,138.8,360.0,1.0,Urban,Y
LP003680,Male,Yes,0,Graduate,No,4446,0.0,75.8,180.0,1.0,Semiurban,Y
LP003681,Male,No,0,Not Graduate,No,3460,0.0,24.0,120.0,1.0,Semiurban,Y
LP003682,Male,No,1,Graduate,No,3120,1965.0,110.4,180.0,0.0,Urban,N
LP003683,Female,No,0,Not Graduate,No,3477,0.0,93.1,360.0,1.0,Rural,N
LP003684,Male,Yes,3+,Graduate,No,4932,3163.0,193.9,360.0,1.0,Semiurban,Y
LP003685,Male,No,1,Not Graduate,Yes,4226,2331.0,163.2,360.0,0.0,Urban,N
LP003686,Male,No,0,Graduate,No,4019,0.0,124.8,360.0,1.0,Rural,Y
LP003687,Male,No,0,Graduate,No,4101,0.0,116.9,360.0,1.0,Rural,Y
LP003688,Male,Yes,2,Not Graduate,No,3329,1805.0,78.0,360.0,1.0,Urban,Y
LP003689,Male,Yes,0,Graduate,No,2417,3726.0,117.8,360.0,1.0,Urban,Y
LP003690,Female,Yes,0,Not Graduate,No,1842,1567.0,102.7,360.0,1.0,Semiurban,Y
LP003691,Male,No,0,Graduate,No,2457,19273.0,101.3,360.0,1.0,Semiurban,Y
LP003692,Male,No,0,Graduate,No,6159,0.0,136.0,360.0,1.0,Urban,Y
LP003693,Male,No,0,Graduate,No,5948,0.0,135.0,360.0,1.0,Rural,Y
LP003694,Male,No,0,Graduate,No,3732,4414.0,171.0,360.0,1.0,Rural,Y
LP003695,Male,No,1,Graduate,No,11339,0.0,202.8,360.0,,Semiurban,N
LP003696,Female,No,0,Graduate,Yes,7085,0.0,190.7,360.0,1.0,Rural,N
LP003697,Male,Yes,2,Graduate,No,3443,1936.0,147.1,360.0,1.0,Urban,Y
LP003698,Male,No,0,Not Graduate,No,3042,2710.0,116.2,,1.0,Rural,Y
LP003699,Male,Yes,2,Graduate,Yes,8319,6869.0,479.8,360.0,1.0,Rural,Y
LP003700,Male,Yes,0,Graduate,No,2511,2531.0,162.5,360.0,1.0,Semiurban,Y
LP003701,Female,No,0,Graduate,No,3567,0.0,86.4,,1.0,Urban,Y
LP003702,Male,Yes,0,Graduate,No,2661,2027.0,152.5,360.0,1.0,Rural,Y
LP003703,Male,Yes,1,Graduate,Yes,999,3155.0,113.0,360.0,1.0,Urban,N
LP003704,Male,No,0,Graduate,No,3384,0.0,77.8,300.0,1.0,Semiurban,Y
LP003705,Male,Yes,1,Graduate,No,2752,1910.0,124.3,480.0,1.0,Semiurban,Y
LP003706,Male,Yes,1,Graduate,No,5715,0.0,43.6,360.0,1.0,Urban,Y
LP003707,Male,Yes,,Graduate,No,5501,2610.0,177.1,360.0,1.0,Rural,Y
LP003708,Male,Yes,3+,Not Graduate,Yes,5753,0.0,131.6,360.0,1.0,Rural,Y
LP003709,Female,No,1,Graduate,No,3664,0.0,115.0,360.0,1.0,Rural,Y
LP003710,Male,Yes,2,Graduate,No,2662,1147.0,97.5,360.0,1.0,Semiurban,Y
LP003711,Male,Yes,0,Graduate,No,2698,6204.0,180.0,360.0,1.0,Rural,Y
LP003712,Male,Yes,2,Graduate,No,11345,1085.0,224.3,360.0,1.0,Urban,Y
LP003713,Male,Yes,0,Graduate,No,5895,0.0,143.6,360.0,1.0,Urban,Y
LP003714,Male,Yes,2,Graduate,No,16911,0.0,276.0,360.0,1.0,Urban,Y
LP003715,Male,Yes,1,Graduate,,5430,655.0,162.2,360.0,1.0,Rural,Y
LP003716,Male,Yes,0,Graduate,Yes,9392,0.0,183.7,360.0,1.0,Semiurban,Y
LP003717,Male,No,0,Not Graduate,No,6158,0.0,115.0,360.0,0.0,Rural,Y
LP003718,Male,Yes,3+,Graduate,No,3176,2596.0,159.1,360.0,0.0,Semiurban,N
LP003719,Male,No,0,Not Graduate,Yes,2642,2178.0,102.7,360.0,1.0,Rural,Y
LP003720,Female,No,0,Graduate,No,4994,0.0,133.8,360.0,1.0,Rural,Y
LP003721,Male,Yes,2,Graduate,No,2743,1179.0,94.9,360.0,1.0,Semiurban,Y
LP003722,Male,Yes,2,Graduate,Yes,17919,0.0,394.2,360.0,1.0,Rural,Y
LP003723,Female,No,0,Graduate,Yes,2528,0.0,96.4,360.0,,Urban,Y
LP003724,Male,Yes,2,Not Graduate,No,4021,1084.0,108.7,360.0,1.0,Urban,Y
LP003725,Male,Yes,1,Graduate,Yes,969,3071.0,108.6,360.0,1.0,Urban,N
LP003726,Male,Yes,3+,Not Graduate,No,3969,1001.0,100.8,360.0,1.0,Semiurban,Y
LP003727,Male,No,1,Graduate,,3583,0.0,117.3,180.0,1.0,Urban,Y
LP003728,Male,No,0,Graduate,Yes,6979,0.0,146.4,360.0,1.0,Rural,Y
LP003729,Male,Yes,2,Graduate,Yes,17276,0.0,402.5,360.0,1.0,Rural,Y
LP003730,Male,No,0,Not Graduate,No,2933,2474.0,106.6,360.0,1.0,Semiurban,Y
LP003731,Male,Yes,0,Not Graduate,No,2232,1457.0,98.0,360.0,1.0,Urban,Y
LP003732,Male,Yes,0,Graduate,Yes,2904,0.0,66.4,360.0,1.0,Urban,Y
LP003733,Male,Yes,0,Graduate,No,4967,2300.0,128.6,360.0,1.0,Urban,Y
LP003734,,No,0,Graduate,No,3722,0.0,98.5,360.0,1.0,Urban,N
LP003735,Male,Yes,0,Graduate,No,2659,2327.0,148.8,360.0,1.0,Semiurban,Y
LP003736,Male,Yes,2,Graduate,No,3495,4602.0,233.9,360.0,1.0,Rural,Y
LP003737,Male,Yes,2,Graduate,No,1321,1127.0,17.4,120.0,1.0,Urban,Y
LP003738,Male,No,0,Graduate,No,12142,0.0,164.6,360.0,1.0,Semiurban,N
LP003739,Male,Yes,2,Graduate,No,8390,0.0,242.8,360.0,1.0,Semiurban,Y
LP003740,Male,Yes,2,Not Graduate,No,4039,1035.0,107.8,360.0,1.0,Urban,Y
LP003741,Male,No,0,Graduate,No,4221,7467.0,185.4,360.0,1.0,Urban,Y
LP003742,Male,No,0,Graduate,No,2909,1773.0,123.1,360.0,1.0,Rural,Y
LP003743,Male,Yes,1,Graduate,No,2614,1981.0,102.5,360.0,1.0,Semiurban,Y
LP003744,Male,No,0,Graduate,No,2250,2509.0,137.5,360.0,1.0,Semiurban,Y
LP003745,Female,No,0,Graduate,Yes,2557,0.0,95.8,360.0,,Urban,Y
LP003746,Female,No,0,Graduate,No,3718,0.0,93.2,360.0,,Rural,Y
LP003747,Male,Yes,0,Graduate,No,6092,3899.0,330.7,360.0,1.0,Urban,Y
LP003748,Male,Yes,2,Graduate,No,11319,0.0,190.9,180.0,1.0,Urban,Y
LP003749,Male,No,0,Graduate,No,4637,2037.0,,360.0,1.0,Semiurban,N
LP003750,Male,Yes,3+,Graduate,No,3380,1232.0,129.7,360.0,0.0,Semiurban,N
LP003751,Male,Yes,1,Graduate,,3643,2826.0,147.9,360.0,,Semiurban,N
LP003752,Male,No,0,Graduate,,3255,2913.0,165.7,360.0,1.0,Urban,Y
LP003753,Male,Yes,2,Not Graduate,No,2033,1672.0,112.4,180.0,1.0,Semiurban,Y
LP003754,Male,No,0,Not Graduate,No,3228,2290.0,121.4,180.0,0.0,Urban,N
LP003755,Male,No,0,Not Graduate,No,3328,2496.0,117.5,,1.0,Rural,Y
LP003756,Male,Yes,2,Graduate,No,3742,3595.0,220.6,360.0,0.0,Urban,N
LP003757,Female,Yes,0,Graduate,No,2270,4574.0,96.6,360.0,1.0,Semiurban,Y
LP003758,Male,No,0,Graduate,No,5398,0.0,132.2,360.0,1.0,Urban,Y
LP003759,Male,Yes,2,Graduate,No,6061,1700.0,213.3,360.0,1.0,Semiurban,Y
LP003760,Male,No,0,Graduate,No,5217,0.0,140.3,360.0,1.0,Urban,Y
LP003761,Male,Yes,0,Graduate,No,4213,2424.0,111.2,360.0,1.0,Urban,N
LP003762,Male,Yes,0,Graduate,No,3349,1687.0,111.5,360.0,1.0,Semiurban,Y
LP003763,Male,Yes,1,Graduate,No,6532,0.0,168.7,360.0,1.0,Semiurban,Y
LP003764,Male,Yes,0,Graduate,Yes,15724,0.0,262.4,360.0,1.0,Urban,Y
LP003765,Male,Yes,0,Not Graduate,No,2447,2442.0,174.4,360.0,0.0,Urban,N
LP003766,Male,Yes,0,Graduate,No,14200,0.0,96.9,360.0,1.0,Semiurban,Y
LP003767,Male,Yes,2,Graduate,No,7734,0.0,182.9,360.0,1.0,Urban,Y
LP003768,Male,Yes,,Not Graduate,No,3021,1727.0,127.0,360.0,0.0,Semiurban,N
LP003769,Male,Yes,0,Graduate,No,4023,791.0,111.8,360.0,1.0,Semiurban,Y
LP003770,Male,Yes,1,Graduate,Yes,9912,0.0,151.6,360.0,1.0,Rural,N
LP003771,Male,No,3+,Not Graduate,No,4563,1974.0,152.2,360.0,1.0,Semiurban,Y
LP003772,,Yes,0,Graduate,No,2476,1857.0,155.9,360.0,1.0,Rural,N
LP003773,Male,Yes,3+,Graduate,No,8426,4822.0,128.0,360.0,1.0,Rural,Y
LP003774,Female,No,0,Graduate,No,4099,0.0,118.1,360.0,1.0,Semiurban,Y
LP003775,Male,No,0,Graduate,No,1890,1791.0,49.2,360.0,1.0,Semiurban,Y
LP003776,Male,Yes,0,Graduate,No,4157,3203.0,205.5,360.0,1.0,Semiurban,Y
LP003777,Male,No,0,Graduate,No,1755,35379.0,88.9,360.0,1.0,Urban,Y
LP003778,Male,Yes,2,Graduate,No,4959,5755.0,201.6,360.0,1.0,Semiurban,Y
LP003779,Male,Yes,3+,Graduate,No,3356,3483.0,144.5,360.0,1.0,Rural,Y
LP003780,Male,Yes,0,Graduate,No,2577,6448.0,190.4,360.0,1.0,Rural,Y
LP003781,Male,Yes,1,Graduate,Yes,3436,1164.0,131.5,360.0,1.0,Rural,Y
LP003782,Male,Yes,0,Graduate,No,2732,6474.0,183.7,360.0,1.0,Rural,Y
LP003783,Male,Yes,1,Graduate,No,3312,2523.0,170.2,360.0,1.0,Semiurban,Y
LP003784,Female,Yes,0,Graduate,No,4395,0.0,87.0,360.0,1.0,Rural,N
LP003785,Male,No,0,Graduate,No,2911,5607.0,161.0,60.0,1.0,Urban,Y
LP003786,Female,No,1,Graduate,,3507,0.0,94.8,360.0,1.0,Semiurban,Y
LP003787,Male,No,0,Not Graduate,No,3608,1720.0,112.7,360.0,1.0,Semiurban,Y
LP003788,Male,,,Graduate,No,4793,0.0,161.0,480.0,1.0,Semiurban,Y
LP003789,Male,No,0,Graduate,No,2415,1836.0,142.6,360.0,1.0,Rural,Y
LP003790,Male,No,0,Graduate,No,2831,2887.0,138.9,360.0,1.0,Semiurban,Y
LP003791,Male,Yes,2,Graduate,Yes,5533,4034.0,259.4,360.0,1.0,Urban,Y
LP003792,Male,Yes,3+,Graduate,No,4281,197.0,127.4,360.0,1.0,Semiurban,Y
LP003793,,Yes,0,Graduate,No,16066,0.0,112.0,360.0,1.0,Semiurban,Y
LP003794,Male,Yes,3+,Graduate,Yes,5136,1855.0,189.5,360.0,1.0,Semiurban,Y
LP003795,Male,Yes,0,Not Graduate,No,2619,2324.0,116.5,360.0,1.0,Urban,Y
LP003796,Male,Yes,1,Graduate,No,2164,1337.0,86.0,360.0,,Urban,Y
LP003797,Male,Yes,0,Not Graduate,No,2398,3673.0,,180.0,1.0,Urban,N
LP003798,Male,Yes,1,Not Graduate,No,3896,5563.0,141.0,360.0,,Rural,Y
LP003799,Male,Yes,2,Not Graduate,No,6178,1635.0,192.4,480.0,1.0,Semiurban,N
LP003800,Male,No,0,Graduate,No,3592,4991.0,179.7,360.0,1.0,Semiurban,Y
LP003801,Male,No,0,Graduate,No,3906,0.0,77.1,360.0,1.0,Semiurban,Y
LP003802,Male,Yes,3+,Graduate,No,9797,0.0,264.4,360.0,1.0,Rural,Y
LP003803,Male,Yes,0,Graduate,Yes,9666,0.0,194.2,360.0,1.0,Semiurban,Y
LP003804,Male,No,0,Graduate,No,3673,0.0,101.1,360.0,1.0,Urban,Y
LP003805,Male,Yes,3+,Not Graduate,No,3435,0.0,78.7,180.0,1.0,Rural,N
LP003806,Male,Yes,1,Graduate,No,1979,2863.0,115.4,360.0,1.0,Urban,N
LP003807,Male,Yes,1,Graduate,Yes,8375,4861.0,363.0,360.0,0.0,Rural,Y
LP003808,Male,Yes,3+,Graduate,No,78417,0.0,369.4,360.0,0.0,Rural,Y
LP003809,Male,Yes,1,Graduate,No,2278,1420.0,83.4,360.0,,Urban,Y
LP003810,Male,Yes,0,Graduate,No,6177,0.0,129.9,360.0,1.0,Semiurban,Y
LP003811,Male,Yes,3+,Graduate,No,4253,0.0,103.4,360.0,1.0,Urban,Y
LP003812,Male,Yes,0,Not Graduate,No,3605,4080.0,150.1,,0.0,Rural,Y
LP003813,Male,Yes,2,Not Graduate,No,4237,1496.0,129.0,360.0,1.0,Rural,N
LP003814,Male,Yes,0,Graduate,No,3718,2718.0,161.5,360.0,1.0,Semiurban,Y
LP003815,Male,No,0,Graduate,No,6042,0.0,,360.0,1.0,Urban,Y
LP003816,Male,Yes,0,Graduate,No,5511,4288.0,170.2,360.0,1.0,Semiurban,Y
LP003817,Male,Yes,1,Graduate,Yes,10223,0.0,156.1,360.0,1.0,Rural,N
LP003818,Male,Yes,0,Graduate,No,2860,1974.0,112.1,360.0,1.0,Rural,Y
LP003819,Male,No,0,Graduate,No,15321,0.0,250.1,360.0,0.0,Semiurban,Y
LP003820,Male,No,0,Not Graduate,No,3626,1232.0,102.8,360.0,1.0,Rural,N
LP003821,Male,Yes,0,Graduate,No,13970,2097.0,304.2,360.0,1.0,Rural,N
LP003822,Male,Yes,1,Graduate,No,12661,10764.0,355.1,360.0,1.0,Semiurban,Y
LP003823,Male,Yes,1,Graduate,No,6146,4123.0,337.9,360.0,,Urban,Y
LP003824,,Yes,3+,Graduate,No,51180,0.0,699.6,300.0,1.0,Urban,Y
LP003825,Male,Yes,2,Graduate,No,3184,8472.0,193.8,360.0,1.0,Urban,Y
LP003826,Male,Yes,0,Graduate,No,2392,3314.0,128.4,360.0,1.0,Rural,Y
LP003827,Male,No,0,Not Graduate,No,3753,0.0,113.0,360.0,1.0,Rural,Y
LP003828,Male,Yes,0,Graduate,No,2343,2096.0,115.9,360.0,1.0,Semiurban,Y
LP003829,Female,No,1,Graduate,No,3481,0.0,114.0,360.0,,Semiurban,Y
LP003830,Male,Yes,2,Graduate,No,7626,0.0,182.3,360.0,1.0,Urban,Y
LP003831,Female,Yes,0,Graduate,No,4422,2377.0,114.1,360.0,1.0,Urban,N
LP003832,Male,Yes,0,Graduate,No,2830,1971.0,109.2,360.0,1.0,Rural,Y
LP003833,Male,Yes,0,Graduate,No,1056,2911.0,113.4,360.0,1.0,Rural,Y
LP003834,Male,Yes,0,Not Graduate,No,2492,3711.0,,180.0,1.0,Urban,N
LP003835,Male,No,0,Not Graduate,No,3734,0.0,24.0,120.0,1.0,Semiurban,Y
LP003836,Male,Yes,2,Graduate,No,6225,0.0,198.9,360.0,1.0,Semiurban,Y
LP003837,Male,Yes,0,Graduate,No,2106,2097.0,90.0,360.0,,Urban,Y
LP003838,Male,Yes,1,Graduate,No,5339,1280.0,176.4,360.0,1.0,Rural,Y
LP003839,Male,Yes,0,Graduate,,61012,0.0,482.9,180.0,1.0,Urban,Y
LP003840,Male,Yes,0,Graduate,No,4883,903.0,115.6,180.0,1.0,Urban,Y
LP003841,Male,No,2,Graduate,No,4275,0.0,134.5,360.0,1.0,Rural,Y
LP003842,Female,Yes,0,Graduate,No,4380,0.0,80.8,360.0,1.0,Rural,N
LP003843,Female,No,0,Not Graduate,No,2086,0.0,68.3,360.0,1.0,Semiurban,Y
LP003844,Male,No,0,Not Graduate,No,3190,0.0,81.6,36.0,1.0,Semiurban,N
LP003845,Male,Yes,2,Graduate,No,3415,1977.0,153.2,360.0,1.0,Urban,Y
LP003846,Male,Yes,3+,Graduate,,4206,1207.0,106.4,360.0,1.0,Urban,Y
LP003847,Male,Yes,1,Graduate,Yes,9709,0.0,155.7,360.0,1.0,Rural,N
LP003848,Male,Yes,,Graduate,No,5073,1423.0,161.8,360.0,0.0,Urban,N
LP003849,Male,Yes,0,Graduate,No,6242,4402.0,251.5,360.0,,Semiurban,Y
LP003850,Male,,,Graduate,No,4953,0.0,154.4,480.0,1.0,Semiurban,Y
LP003851,Female,No,1,Graduate,No,2743,1484.0,90.6,360.0,1.0,Urban,Y
LP003852,Male,Yes,0,Graduate,No,3078,2489.0,134.2,360.0,1.0,Rural,Y
LP003853,Male,Yes,0,Graduate,No,9491,0.0,74.6,180.0,1.0,Urban,Y
LP003854,Male,No,0,Graduate,No,6259,0.0,136.9,360.0,1.0,Urban,Y
LP003855,Male,No,0,Graduate,No,3105,0.0,69.7,480.0,1.0,Urban,N
LP003856,Male,Yes,1,Graduate,Yes,1030,2912.0,107.3,360.0,1.0,Urban,N
LP003857,Male,Yes,3+,Graduate,No,77628,0.0,371.0,360.0,0.0,Rural,Y
LP003858,Male,Yes,2,Not Graduate,No,6055,1669.0,190.1,480.0,1.0,Semiurban,N
LP003859,Male,No,0,Graduate,No,1988,1986.0,76.2,360.0,1.0,Urban,Y
LP003860,Female,No,3+,Graduate,,432,41824.0,346.7,180.0,,Urban,Y
LP003861,Male,No,0,Graduate,No,1737,1189.0,46.3,360.0,1.0,Urban,Y
LP003862,Male,No,0,Graduate,No,8267,0.0,208.0,360.0,1.0,Urban,Y
LP003863,Male,No,0,Not Graduate,No,2707,0.0,62.5,300.0,1.0,Rural,N
LP003864,Male,Yes,3+,Graduate,,4219,1205.0,112.0,360.0,1.0,Urban,Y
LP003865,Male,Yes,0,Graduate,No,2307,3412.0,169.9,360.0,1.0,Semiurban,Y
LP003866,Male,Yes,2,Graduate,Yes,18314,0.0,394.0,360.0,1.0,Rural,Y
LP003867,Female,No,0,Not Graduate,No,2700,0.0,80.6,,0.0,Urban,N
LP003868,Male,Yes,0,Not Graduate,No,2634,1930.0,115.4,360.0,0.0,Semiurban,N
LP003869,Male,Yes,3+,Graduate,No,6550,0.0,155.8,360.0,1.0,Semiurban,N
LP003870,Male,No,0,Graduate,Yes,6857,0.0,173.0,180.0,1.0,Semiurban,Y
LP003871,Male,Yes,2,Graduate,No,11342,0.0,188.7,180.0,1.0,Urban,Y
LP003872,Male,Yes,0,Graduate,No,6066,0.0,126.1,360.0,1.0,Semiurban,Y
LP003873,Male,Yes,2,Graduate,No,4774,5711.0,216.2,360.0,1.0,Semiurban,Y
LP003874,Male,Yes,0,Graduate,No,4715,3406.0,,360.0,1.0,Semiurban,Y
LP003875,Male,No,0,Graduate,No,4123,7518.0,183.2,360.0,1.0,Urban,Y
LP003876,Female,No,0,Not Graduate,No,1812,2262.0,121.3,,1.0,Urban,Y
LP003877,Male,Yes,1,Graduate,No,1786,2202.0,103.8,360.0,1.0,Rural,Y
LP003878,Male,No,3+,Graduate,No,9553,0.0,188.4,360.0,1.0,Rural,Y
LP003879,Male,Yes,1,Graduate,No,3867,0.0,113.9,360.0,1.0,Semiurban,Y
LP003880,Male,Yes,0,Not Graduate,No,2533,2310.0,180.3,360.0,0.0,Urban,N
LP003881,Male,Yes,0,Graduate,,3643,1307.0,56.7,360.0,1.0,Rural,N
LP003882,Male,No,0,Graduate,No,6172,4414.0,216.9,360.0,0.0,Rural,Y
LP003883,Male,Yes,2,Graduate,No,1333,1113.0,16.9,120.0,1.0,Urban,Y
LP003884,Female,No,0,Graduate,No,3976,0.0,118.1,360.0,1.0,Semiurban,Y
LP003885,,Yes,2,Graduate,No,2918,1932.0,127.3,360.0,0.0,Semiurban,N
LP003886,Male,Yes,1,Graduate,No,2526,2131.0,106.9,360.0,1.0,Semiurban,Y
LP003887,Male,Yes,0,Graduate,No,3091,1415.0,139.4,360.0,1.0,Semiurban,Y
LP003888,Male,Yes,1,Graduate,No,6172,0.0,159.9,360.0,,Rural,Y
LP003889,Male,Yes,0,Graduate,No,2897,2042.0,113.4,360.0,1.0,Rural,Y
LP003890,Male,No,0,Graduate,No,3574,4851.0,192.2,360.0,1.0,Semiurban,Y
LP003891,Female,Yes,0,Graduate,No,2561,2299.0,134.8,360.0,1.0,Semiurban,Y
LP003892,Female,No,1,Not Graduate,Yes,3705,0.0,63.4,360.0,1.0,Semiurban,N
LP003893,Female,No,0,Graduate,No,4165,0.0,111.3,360.0,1.0,Semiurban,Y
LP003894,Male,Yes,1,Not Graduate,No,2657,6855.0,286.2,180.0,1.0,Semiurban,Y
LP003895,Male,Yes,1,Graduate,No,3139,2549.0,172.4,360.0,1.0,Semiurban,N
LP003896,Male,No,,Graduate,No,3114,0.0,85.1,360.0,0.0,Semiurban,N
LP003897,Male,No,0,Graduate,No,2592,0.0,55.8,360.0,1.0,Semiurban,Y
LP003898,Female,Yes,2,Graduate,No,2088,1604.0,113.7,480.0,1.0,Semiurban,Y
LP003899,Male,Yes,1,Graduate,No,2163,1387.0,85.6,360.0,,Urban,Y
LP003900,Male,No,0,Graduate,,3102,2097.0,118.0,360.0,1.0,Rural,Y
LP003901,Male,Yes,2,Graduate,No,5998,1763.0,206.1,360.0,1.0,Semiurban,Y
LP003902,Male,Yes,3+,Not Graduate,No,3986,972.0,102.1,360.0,1.0,Semiurban,Y
LP003903,Male,Yes,2,Graduate,No,1276,1138.0,16.7,120.0,1.0,Urban,Y
LP003904,Male,Yes,1,Graduate,No,5732,0.0,159.3,360.0,,Rural,Y
LP003905,Male,Yes,1,Graduate,No,6186,4360.0,335.1,360.0,,Urban,Y
LP003906,Male,Yes,1,Graduate,No,5838,0.0,154.6,360.0,,Rural,Y
LP003907,Male,Yes,1,Graduate,No,5504,0.0,44.3,360.0,1.0,Urban,Y
LP003908,Female,No,0,Graduate,No,3104,2988.0,132.9,360.0,,Rural,Y
LP003909,Male,Yes,0,Graduate,No,5814,2606.0,184.7,360.0,,Rural,N
LP003910,Female,No,1,Not Graduate,Yes,3742,0.0,61.4,360.0,1.0,Semiurban,N
LP003911,Male,No,0,Not Graduate,No,3440,0.0,24.9,120.0,1.0,Semiurban,Y
LP003912,Male,Yes,2,Graduate,No,4375,0.0,125.3,360.0,0.0,Semiurban,N
LP003913,Male,Yes,2,Graduate,No,2205,946.0,79.9,180.0,1.0,Urban,Y
LP003914,Male,Yes,3+,Not Graduate,Yes,7229,0.0,121.3,60.0,1.0,Urban,Y
LP003915,Male,Yes,2,Graduate,No,3115,724.0,72.6,360.0,1.0,Urban,Y
LP003916,Male,Yes,1,Not Graduate,No,2779,7159.0,282.0,180.0,1.0,Semiurban,Y
LP003917,Male,Yes,0,Graduate,No,2888,2113.0,113.4,360.0,1.0,Rural,Y
LP003918,Male,Yes,0,Graduate,Yes,3386,0.0,24.9,120.0,1.0,Semiurban,Y
LP003919,Male,Yes,0,Not Graduate,No,2673,1937.0,114.4,360.0,0.0,Semiurban,N
LP003920,Male,Yes,0,Graduate,No,2574,2540.0,165.1,360.0,1.0,Semiurban,Y
LP003921,Male,Yes,,Not Graduate,No,3014,1802.0,101.6,360.0,1.0,Semiurban,Y
LP003922,Male,Yes,0,Graduate,No,4796,2296.0,126.0,360.0,1.0,Urban,Y
LP003923,Male,Yes,2,Graduate,No,3139,472.0,132.8,360.0,,Semiurban,Y
LP003924,Male,Yes,0,Graduate,No,3781,1762.0,135.8,360.0,1.0,Semiurban,Y
LP003925,Male,Yes,2,Graduate,No,5105,2076.0,187.0,360.0,1.0,Rural,N
LP003926,Male,No,0,Graduate,No,3465,0.0,127.6,360.0,1.0,Semiurban,N
LP003927,Male,Yes,0,Graduate,No,8173,0.0,162.6,360.0,1.0,Semiurban,N
LP003928,Female,No,,Graduate,No,3950,0.0,115.2,180.0,1.0,Urban,Y
LP003929,Female,No,0,Graduate,No,3311,2907.0,134.7,360.0,,Rural,Y
LP003930,Male,No,0,Graduate,No,2641,0.0,69.4,360.0,1.0,Semiurban,Y
LP003931,,Yes,3+,Graduate,No,22822,0.0,379.7,360.0,1.0,Rural,Y
LP003932,Male,Yes,1,Graduate,No,2958,1070.0,98.1,360.0,1.0,Urban,Y
LP003933,Male,No,0,Graduate,No,3793,4319.0,168.9,360.0,1.0,Rural,Y
LP003934,Male,Yes,0,Graduate,No,4386,0.0,130.2,360.0,,Semiurban,Y
LP003935,Female,Yes,0,Not Graduate,No,1954,1722.0,99.4,360.0,1.0,Semiurban,Y
LP003936,Male,No,0,Not Graduate,No,1427,0.0,35.4,360.0,1.0,Urban,N
LP003937,Male,Yes,3+,Graduate,No,7800,0.0,126.6,180.0,1.0,Urban,Y
LP003938,Male,Yes,3+,Graduate,,4331,1288.0,107.6,360.0,1.0,Urban,Y
LP003939,Male,Yes,1,Graduate,No,6859,0.0,199.5,360.0,1.0,Semiurban,Y
LP003940,Male,Yes,0,Not Graduate,No,2230,2413.0,115.6,360.0,1.0,Urban,Y
LP003941,Male,Yes,2,Graduate,No,7947,0.0,181.7,360.0,1.0,Urban,Y
LP003942,Female,No,0,Graduate,Yes,7762,0.0,194.9,360.0,1.0,Rural,N
LP003943,Male,Yes,0,Graduate,No,2607,2567.0,157.7,360.0,1.0,Semiurban,Y
LP003944,Male,Yes,0,Graduate,No,3214,1417.0,136.8,360.0,1.0,Semiurban,Y
LP003945,Male,No,0,Graduate,No,1910,5258.0,65.8,360.0,,Rural,Y
LP003946,Male,No,0,Graduate,No,5969,0.0,,360.0,1.0,Urban,Y
LP003947,Male,No,0,Graduate,No,3473,0.0,72.4,360.0,1.0,Urban,Y
LP003948,Female,No,0,Graduate,Yes,15194,0.0,55.8,360.0,1.0,Semiurban,Y
LP003949,Female,No,1,Graduate,Yes,8455,0.0,147.1,360.0,1.0,Semiurban,Y
LP003950,Male,No,0,Graduate,No,19503,0.0,485.6,360.0,1.0,Rural,N
LP003951,Female,Yes,0,Graduate,No,4634,0.0,86.3,360.0,1.0,Rural,N
LP003952,Male,No,2,Graduate,No,4827,0.0,164.7,360.0,0.0,Semiurban,Y
LP003953,Female,,,Graduate,No,9872,0.0,,240.0,1.0,Semiurban,Y
LP003954,Female,No,0,Graduate,No,2399,0.0,57.5,360.0,1.0,Rural,Y
LP003955,Female,Yes,0,Graduate,No,3119,2250.0,149.7,360.0,1.0,Semiurban,Y
LP003956,Male,Yes,3+,Graduate,No,6638,0.0,153.9,360.0,1.0,Semiurban,N
LP003957,Male,Yes,2,Graduate,Yes,6083,1284.0,108.3,360.0,1.0,Rural,Y
LP003958,Male,Yes,0,Graduate,No,6252,3874.0,316.8,360.0,1.0,Urban,Y
LP003959,Male,Yes,0,Not Graduate,,2931,2805.0,153.8,360.0,1.0,Rural,Y
LP003960,Male,Yes,3+,Graduate,Yes,5457,1783.0,194.3,360.0,1.0,Semiurban,Y
LP003961,Male,No,1,Graduate,,3532,0.0,115.6,180.0,1.0,Urban,Y
LP003962,Male,No,0,Graduate,No,3581,0.0,127.8,360.0,1.0,Semiurban,N
LP003963,Male,No,2,Graduate,No,5577,4646.0,157.0,360.0,1.0,Rural,Y
LP003964,Male,Yes,2,Graduate,Yes,1679,19612.0,237.4,360.0,1.0,Urban,Y
LP003965,Male,Yes,,Not Graduate,No,3667,3367.0,149.1,360.0,0.0,Rural,N
LP003966,Male,No,1,Not Graduate,No,2604,1313.0,90.8,360.0,1.0,Semiurban,Y
LP003967,Male,Yes,1,Graduate,No,3583,0.0,116.4,360.0,1.0,Semiurban,Y
LP003968,Male,No,0,Graduate,No,1869,5016.0,69.1,360.0,,Rural,Y
LP003969,Male,Yes,1,Graduate,,3727,2969.0,153.1,360.0,,Semiurban,N
LP003970,Male,No,0,Not Graduate,No,2256,1489.0,100.0,480.0,0.0,Urban,N
LP003971,Female,No,0,Graduate,No,623,3852.0,113.7,480.0,1.0,Rural,Y
LP003972,Male,Yes,0,Not Graduate,No,1856,1040.0,101.5,360.0,1.0,Semiurban,Y
LP003973,Male,Yes,2,Graduate,No,1949,1556.0,102.8,360.0,1.0,Rural,Y
LP003974,Male,Yes,0,Graduate,No,19885,0.0,,360.0,1.0,Rural,N
LP003975,Male,Yes,0,Not Graduate,Yes,2587,3428.0,167.5,180.0,0.0,Rural,N
LP003976,Male,Yes,3+,Graduate,No,38251,0.0,622.5,180.0,0.0,Semiurban,Y
LP003977,Female,Yes,2,Not Graduate,,207,2910.0,100.3,360.0,1.0,Semiurban,Y
LP003978,Female,Yes,0,Graduate,No,2638,3576.0,116.5,360.0,0.0,Urban,N
LP003979,Male,Yes,0,Graduate,No,5970,2226.0,261.8,360.0,,Semiurban,N
LP003980,Female,No,1,Graduate,No,4897,0.0,84.0,360.0,1.0,Semiurban,N
LP003981,Male,Yes,1,Graduate,No,1542,1489.0,30.0,360.0,1.0,Urban,Y
LP003982,Female,No,0,Graduate,No,2370,0.0,44.6,360.0,1.0,Rural,N
LP003983,Male,Yes,2,Graduate,Yes,16377,1012.0,149.5,360.0,1.0,Rural,Y
LP003984,Male,Yes,0,Not Graduate,Yes,2691,3612.0,167.6,180.0,0.0,Rural,N
LP003985,Male,Yes,3+,Graduate,No,5371,3011.0,208.0,360.0,1.0,Semiurban,Y
LP003986,Male,Yes,2,Not Graduate,No,3804,251.0,106.5,360.0,1.0,Semiurban,Y
LP003987,Male,No,0,Graduate,No,5002,0.0,130.1,360.0,0.0,Rural,Y
LP003988,Male,Yes,2,Graduate,No,4859,2172.0,190.6,360.0,1.0,Rural,N
LP003989,Male,Yes,0,Graduate,No,3102,3160.0,135.4,360.0,1.0,Urban,Y
LP003990,Male,No,0,Graduate,No,3579,0.0,96.9,360.0,1.0,Urban,Y
LP003991,Male,Yes,0,Graduate,No,2146,2030.0,91.2,360.0,,Urban,Y
LP003992,Male,No,0,Graduate,No,3217,0.0,73.9,360.0,1.0,Urban,N
LP003993,Male,Yes,0,Graduate,No,21176,0.0,,360.0,1.0,Rural,N
LP003994,Male,No,0,Graduate,No,3924,2417.0,140.0,360.0,1.0,Rural,Y
LP003995,Male,Yes,0,Graduate,No,3020,16.0,87.8,360.0,1.0,Rural,Y
LP003996,Male,Yes,2,Graduate,No,6538,1666.0,220.9,300.0,1.0,Semiurban,Y
LP003997,Male,No,0,Graduate,No,3000,2919.0,92.1,360.0,1.0,Rural,Y
LP003998,Male,Yes,0,Graduate,No,2664,1977.0,120.6,360.0,1.0,Semiurban,Y
LP003999,Male,Yes,1,Graduate,No,7301,1669.0,109.1,,0.0,Urban,Y
LP004000,Male,Yes,0,Not Graduate,No,4876,0.0,129.5,360.0,1.0,Rural,N
LP004001,Female,No,0,Graduate,No,3637,0.0,75.3,360.0,0.0,Urban,N
LP004002,Male,Yes,2,Graduate,Yes,2618,0.0,108.6,360.0,0.0,Semiurban,N
LP004003,Female,No,0,Graduate,Yes,15843,0.0,56.3,360.0,1.0,Semiurban,Y
LP004004,Male,Yes,0,Not Graduate,Yes,4349,739.0,90.0,360.0,1.0,Semiurban,N
LP004005,Male,No,0,Graduate,No,3773,0.0,75.4,360.0,1.0,Semiurban,Y
LP004006,Female,No,0,Graduate,No,3260,0.0,101.7,360.0,1.0,Semiurban,Y
LP004007,Male,Yes,0,Not Graduate,No,3662,3922.0,152.1,,0.0,Rural,Y
LP004008,Female,No,1,Graduate,Yes,7624,0.0,,360.0,1.0,Semiurban,Y
LP004009,Male,Yes,2,Graduate,No,4159,1660.0,118.8,360.0,1.0,Semiurban,Y
LP004010,Female,No,0,Graduate,No,7360,0.0,122.0,360.0,1.0,Rural,Y
LP004011,Female,Yes,1,Graduate,Yes,11191,0.0,283.0,360.0,0.0,Urban,Y
LP004012,Male,Yes,0,Graduate,No,3784,2568.0,170.7,360.0,1.0,Urban,N
LP004013,Male,Yes,0,Graduate,No,7780,0.0,269.6,360.0,1.0,Urban,N
LP004014,Male,Yes,2,Graduate,No,5252,0.0,130.8,360.0,1.0,Urban,Y
LP004015,Male,Yes,2,Not Graduate,No,3190,2018.0,102.7,360.0,,Semiurban,Y
LP004016,Female,Yes,1,Graduate,Yes,11780,0.0,279.1,360.0,0.0,Urban,Y
LP004017,Male,Yes,2,Graduate,Yes,16873,978.0,145.1,360.0,1.0,Rural,Y
LP004018,Male,Yes,3+,Graduate,No,5369,11185.0,479.9,360.0,0.0,Semiurban,Y
LP004019,Male,No,3+,Graduate,No,9395,0.0,189.2,360.0,1.0,Rural,Y
LP004020,Male,Yes,0,Graduate,No,6597,4768.0,255.9,360.0,,Semiurban,Y
LP004021,Male,Yes,3+,Graduate,No,2916,2628.0,154.5,360.0,0.0,Semiurban,N
LP004022,Female,No,0,Graduate,No,2439,0.0,55.3,360.0,1.0,Rural,Y
LP004023,Male,No,3+,Not Graduate,No,4824,2090.0,149.7,360.0,1.0,Semiurban,Y
LP004024,Male,Yes,0,Graduate,Yes,5686,2242.0,184.7,360.0,1.0,Semiurban,Y
LP004025,Male,Yes,2,Graduate,No,4673,0.0,136.6,360.0,1.0,Urban,N
LP004026,Female,No,1,Graduate,No,3652,0.0,110.6,360.0,1.0,Rural,Y
LP004027,Male,,,Graduate,No,4735,0.0,157.4,480.0,1.0,Semiurban,Y
LP004028,Male,Yes,1,Graduate,No,1824,2208.0,103.6,360.0,1.0,Rural,Y
LP004029,Female,Yes,0,Not Graduate,No,1963,1674.0,96.6,360.0,1.0,Semiurban,Y
LP004030,Male,Yes,0,Graduate,No,3333,1933.0,107.7,360.0,1.0,Rural,Y
LP004031,Male,No,0,Graduate,No,3814,4364.0,169.3,360.0,1.0,Rural,Y
LP004032,Female,No,0,Graduate,No,7396,0.0,121.1,360.0,1.0,Rural,Y
LP004033,Male,Yes,2,Graduate,Yes,1627,19618.0,230.3,360.0,1.0,Urban,Y
LP004034,Male,No,0,Graduate,,6464,0.0,,360.0,,Urban,N
LP004035,Male,Yes,0,Graduate,No,2508,2140.0,100.9,360.0,1.0,Semiurban,Y
LP004036,Male,Yes,1,Graduate,Yes,953,3029.0,113.2,360.0,1.0,Urban,N
LP004037,Male,Yes,0,Graduate,No,3818,1904.0,120.6,360.0,1.0,Rural,Y
LP004038,Female,No,0,Graduate,No,10221,0.0,263.4,360.0,1.0,Urban,Y
LP004039,Male,No,0,Not Graduate,No,2715,2865.0,98.6,360.0,,Semiurban,Y
LP004040,Male,Yes,2,Not Graduate,No,1914,1384.0,59.8,300.0,,Urban,Y
LP004041,Male,No,0,Graduate,No,6460,4324.0,213.4,360.0,0.0,Rural,Y
LP004042,Male,Yes,0,Graduate,No,9683,0.0,75.1,180.0,1.0,Urban,Y
LP004043,Male,No,0,Graduate,No,1896,4812.0,65.5,360.0,,Rural,Y
LP004044,Female,Yes,2,Not Graduate,,217,2880.0,96.7,360.0,1.0,Semiurban,Y
LP004045,Male,Yes,0,Not Graduate,No,2278,1449.0,94.9,360.0,1.0,Urban,Y
LP004046,Female,No,0,Graduate,No,2508,0.0,66.0,360.0,1.0,Urban,Y
LP004047,Male,No,0,Graduate,No,6502,0.0,116.4,360.0,0.0,Rural,Y
LP004048,Male,Yes,1,Graduate,No,3918,0.0,49.3,240.0,1.0,Urban,Y
LP004049,Female,Yes,2,Graduate,No,15540,0.0,67.9,360.0,1.0,Urban,Y
LP004050,Male,Yes,0,Graduate,,3206,2603.0,123.7,360.0,1.0,Semiurban,Y
LP004051,Male,No,0,Graduate,No,2404,1767.0,139.7,360.0,1.0,Rural,Y
LP004052,Male,Yes,0,Graduate,No,21502,0.0,,360.0,1.0,Rural,N
LP004053,Male,Yes,1,Graduate,Yes,2291,0.0,,360.0,1.0,Semiurban,Y
LP004054,Male,Yes,0,Graduate,No,2234,6638.0,67.8,180.0,1.0,Semiurban,Y
LP004055,Male,Yes,3+,Graduate,Yes,5933,1402.0,98.7,360.0,1.0,Rural,Y
LP004056,Male,No,1,Graduate,,3533,0.0,113.8,180.0,1.0,Urban,Y
LP004057,Male,Yes,1,Graduate,Yes,3462,2105.0,158.0,360.0,1.0,Semiurban,Y
LP004058,Male,Yes,0,Graduate,No,5392,2202.0,180.4,360.0,1.0,Rural,N
LP004059,Male,Yes,2,Graduate,No,3252,491.0,138.3,360.0,,Semiurban,Y
LP004060,Male,Yes,3+,Graduate,No,4093,0.0,100.2,360.0,1.0,Urban,Y
LP004061,Male,Yes,1,Graduate,No,5915,4355.0,335.9,360.0,,Urban,Y
LP004062,Female,No,3+,Graduate,No,3040,0.0,252.3,360.0,1.0,Rural,Y
LP004063,Male,Yes,0,Graduate,No,3230,0.0,163.7,360.0,1.0,Rural,N
LP004064,Female,No,0,Graduate,No,4431,0.0,115.6,360.0,1.0,Semiurban,N
LP004065,Male,No,0,Graduate,No,6476,4595.0,202.8,360.0,0.0,Rural,Y
LP004066,Male,Yes,2,Graduate,No,3593,4576.0,251.7,360.0,1.0,Rural,Y
LP004067,Male,Yes,0,Graduate,No,3024,3085.0,95.5,300.0,,Urban,Y
LP004068,Female,Yes,0,Not Graduate,No,4239,0.0,122.1,360.0,,Rural,Y
LP004069,,No,3+,Graduate,Yes,9206,0.0,291.9,360.0,1.0,Semiurban,Y
LP004070,Male,Yes,1,Graduate,No,9737,0.0,187.0,360.0,1.0,Urban,Y
LP004071,Male,Yes,1,Graduate,No,8478,2185.0,173.1,360.0,1.0,Urban,Y
LP004072,Male,No,0,Graduate,No,3793,1662.0,,360.0,1.0,Rural,Y
LP004073,Male,No,0,Graduate,,5137,0.0,116.6,360.0,1.0,Semiurban,Y
LP004074,Male,No,0,Graduate,No,2564,0.0,60.1,360.0,1.0,Urban,Y
LP004075,Male,Yes,2,Graduate,Yes,18227,0.0,400.3,360.0,1.0,Rural,Y
LP004076,Male,Yes,2,Not Graduate,No,2239,1743.0,44.1,360.0,1.0,Semiurban,Y
LP004077,Male,Yes,1,Not Graduate,No,2438,2426.0,,360.0,1.0,Rural,Y
LP004078,Male,Yes,0,Graduate,,5646,0.0,251.6,360.0,,Urban,N
LP004079,Male,No,1,Not Graduate,Yes,3858,2506.0,162.6,360.0,0.0,Urban,N
LP004080,Male,Yes,0,Not Graduate,No,3078,1706.0,100.2,480.0,0.0,Urban,N
LP004081,Male,Yes,1,Not Graduate,No,2481,2586.0,90.2,360.0,1.0,Semiurban,Y
LP004082,Male,Yes,0,Graduate,No,3216,1243.0,83.0,360.0,1.0,Urban,Y
LP004083,Male,Yes,1,Graduate,No,3034,1695.0,138.0,360.0,1.0,Semiurban,Y
LP004084,Female,No,0,Not Graduate,Yes,16696,0.0,224.6,360.0,1.0,Semiurban,Y
LP004085,Male,Yes,0,Not Graduate,No,2576,2301.0,123.0,360.0,1.0,Urban,Y
LP004086,Male,Yes,0,Graduate,No,8088,1906.0,183.7,360.0,1.0,Rural,Y
LP004087,Male,No,0,Not Graduate,No,1389,0.0,34.3,360.0,1.0,Urban,N
LP004088,Male,Yes,2,Graduate,No,3777,3716.0,210.0,360.0,0.0,Urban,N
LP004089,Female,No,0,Graduate,No,2895,0.0,72.1,360.0,1.0,Rural,Y
LP004090,Male,Yes,3+,Graduate,Yes,5114,1806.0,183.4,360.0,1.0,Semiurban,Y
LP004091,Female,Yes,0,Graduate,No,2240,4576.0,103.4,360.0,1.0,Semiurban,Y
LP004092,Male,No,0,Graduate,No,3995,1677.0,,360.0,1.0,Rural,Y
LP004093,Male,No,0,Graduate,No,1800,1266.0,45.6,360.0,1.0,Urban,Y
LP004094,Female,No,,Graduate,No,3627,0.0,114.3,180.0,1.0,Urban,Y
LP004095,Male,No,0,Graduate,No,3709,0.0,77.2,360.0,1.0,Urban,N
LP004096,Male,Yes,0,Graduate,No,3668,1722.0,115.9,360.0,1.0,Semiurban,Y
LP004097,Male,No,1,Not Graduate,No,3634,0.0,103.1,240.0,,Urban,Y
LP004098,Male,No,0,Graduate,No,9169,0.0,246.7,360.0,1.0,Urban,N
LP004099,Male,Yes,0,Graduate,No,4473,0.0,134.6,360.0,,Semiurban,Y
LP004100,Female,No,0,Not Graduate,No,2262,0.0,67.9,360.0,1.0,Semiurban,Y
LP004101,Male,Yes,0,Graduate,Yes,10216,0.0,174.1,360.0,1.0,Rural,Y
LP004102,Female,No,0,Graduate,No,2365,0.0,47.2,360.0,1.0,Rural,N
LP004103,Male,Yes,0,Graduate,No,2824,2280.0,125.5,360.0,1.0,Semiurban,Y
LP004104,Female,No,0,Graduate,Yes,2652,1745.0,101.6,300.0,1.0,Semiurban,N
LP004105,Male,Yes,0,Graduate,No,2364,3237.0,132.1,360.0,1.0,Rural,Y
LP004106,Female,No,0,Graduate,No,2884,0.0,70.2,360.0,1.0,Rural,Y
LP004107,Male,Yes,3+,Graduate,No,4475,1839.0,156.4,360.0,0.0,Urban,Y
LP004108,Male,No,0,Graduate,Yes,7194,0.0,86.9,360.0,1.0,Semiurban,Y
LP004109,Male,Yes,2,Not Graduate,No,2863,0.0,44.3,180.0,0.0,Urban,N
LP004110,Male,Yes,2,Graduate,Yes,16794,1006.0,148.8,360.0,1.0,Rural,Y
LP004111,Male,Yes,3+,Graduate,Yes,9751,0.0,264.2,360.0,1.0,Semiurban,Y
LP004112,Male,Yes,2,Graduate,No,3127,445.0,106.2,84.0,1.0,Urban,Y
LP004113,Male,Yes,0,Graduate,No,6258,2647.0,186.6,360.0,,Rural,N
LP004114,Male,Yes,0,Graduate,No,4617,2335.0,125.5,360.0,1.0,Urban,Y
LP004115,Male,Yes,2,Graduate,No,4261,0.0,130.0,360.0,0.0,Semiurban,N
LP004116,Female,No,0,Graduate,Yes,16469,0.0,55.4,360.0,1.0,Semiurban,Y
LP004117,Male,No,0,Not Graduate,No,1400,0.0,35.2,360.0,1.0,Urban,N
LP004118,Female,No,0,Graduate,No,9760,1745.0,224.3,360.0,1.0,Rural,N
LP004119,Male,Yes,3+,Graduate,,4623,1222.0,108.0,360.0,1.0,Urban,Y
LP004120,Male,Yes,2,Graduate,No,3275,698.0,69.8,360.0,1.0,Urban,Y
LP004121,Male,Yes,1,Graduate,No,6186,1993.0,249.0,360.0,1.0,Semiurban,Y
LP004122,Male,Yes,0,Not Graduate,No,3698,3957.0,153.0,,0.0,Rural,Y
LP004123,Male,Yes,1,Graduate,Yes,2094,0.0,64.8,300.0,0.0,Rural,N
LP004124,Male,Yes,,Not Graduate,Yes,4832,0.0,133.3,360.0,1.0,Urban,N
LP004125,Male,Yes,2,Not Graduate,No,7669,0.0,179.7,360.0,,Rural,Y
LP004126,Male,Yes,0,Graduate,No,2042,989.0,50.8,360.0,1.0,Semiurban,Y
LP004127,Female,Yes,1,Graduate,Yes,11509,0.0,275.1,360.0,0.0,Urban,Y
LP004128,Female,No,0,Graduate,No,4601,0.0,118.3,360.0,1.0,Semiurban,Y
LP004129,Male,Yes,3+,Not Graduate,Yes,7084,0.0,126.9,60.0,1.0,Urban,Y
LP004130,Male,No,0,Not Graduate,No,2920,2353.0,113.4,360.0,1.0,Semiurban,Y
LP004131,Female,No,0,Graduate,No,4234,0.0,118.1,360.0,1.0,Semiurban,Y
LP004132,Male,No,0,Graduate,No,2558,1722.0,140.6,360.0,1.0,Rural,Y
LP004133,Male,Yes,1,Graduate,No,1558,1393.0,30.8,360.0,1.0,Urban,Y
LP004134,Male,Yes,3+,Not Graduate,No,2932,1619.0,70.0,180.0,0.0,Urban,N
LP004135,Male,Yes,2,Graduate,Yes,6269,1330.0,111.3,360.0,1.0,Rural,Y
LP004136,Male,No,0,Not Graduate,No,2765,2654.0,99.0,360.0,,Semiurban,Y
LP004137,Male,Yes,0,Graduate,No,21512,6745.0,461.7,360.0,,Urban,Y
LP004138,Male,No,0,Graduate,Yes,6956,0.0,139.7,360.0,1.0,Rural,Y
LP004139,Male,Yes,3+,Not Graduate,No,3226,0.0,113.2,360.0,1.0,Rural,Y
LP004140,Male,Yes,1,Not Graduate,No,2683,2565.0,91.3,360.0,1.0,Semiurban,Y
LP004141,Male,Yes,2,Not Graduate,No,2295,0.0,111.1,360.0,1.0,Rural,N
LP004142,Male,No,1,Not Graduate,Yes,2816,1539.0,186.2,360.0,,Semiurban,N
LP004143,Female,No,0,Graduate,No,672,3841.0,111.9,480.0,1.0,Rural,Y
LP004144,Male,No,0,Graduate,No,3541,0.0,81.0,300.0,1.0,Semiurban,Y
LP004145,Male,Yes,3+,Graduate,,4559,1275.0,114.0,360.0,1.0,Urban,Y
LP004146,Male,No,1,Not Graduate,No,3663,0.0,102.1,240.0,,Urban,Y
LP004147,Male,Yes,0,Graduate,No,150,1844.0,134.2,360.0,1.0,Rural,N
LP004148,Male,Yes,0,Graduate,No,2435,3680.0,115.7,360.0,1.0,Urban,Y
LP004149,Male,No,0,Graduate,No,1786,1246.0,45.8,360.0,1.0,Urban,Y
LP004150,Male,Yes,1,Graduate,,3890,3022.0,150.5,360.0,,Semiurban,N
LP004151,Male,No,0,Graduate,No,4231,7109.0,188.6,360.0,1.0,Urban,Y
LP004152,Male,No,0,Graduate,Yes,20295,0.0,643.8,480.0,,Urban,Y
LP004153,Male,Yes,0,Graduate,No,4825,2775.0,111.3,12.0,,Urban,Y
LP004154,Male,,,Graduate,No,4799,0.0,163.0,480.0,1.0,Semiurban,Y
LP004155,Male,No,0,Not Graduate,,7352,0.0,124.0,360.0,1.0,Rural,N
LP004156,,Yes,3+,Graduate,No,53105,0.0,684.1,300.0,1.0,Urban,Y
LP004157,Male,No,0,Graduate,No,3829,0.0,96.3,360.0,1.0,Urban,Y
LP004158,,Yes,2,Graduate,No,2784,1850.0,129.9,360.0,0.0,Semiurban,N
LP004159,Male,No,0,Graduate,No,4829,3897.0,153.4,360.0,1.0,Semiurban,Y
LP004160,Male,Yes,2,Graduate,Yes,7926,7106.0,497.3,360.0,1.0,Rural,Y
LP004161,Male,Yes,2,Graduate,No,3852,0.0,87.0,360.0,1.0,Semiurban,Y
LP004162,Male,Yes,2,Graduate,No,7596,0.0,179.9,360.0,1.0,Urban,Y
LP004163,Male,Yes,0,Graduate,No,3906,2391.0,138.1,360.0,1.0,Semiurban,Y
LP004164,Male,No,1,Not Graduate,No,3487,0.0,102.0,240.0,,Urban,Y
LP004165,Female,No,0,Graduate,No,2478,0.0,69.6,360.0,1.0,Urban,Y
LP004166,Female,No,0,Graduate,No,2276,0.0,8.9,360.0,1.0,Urban,N
LP004167,Male,Yes,0,Not Graduate,No,2619,1634.0,106.3,360.0,1.0,Rural,Y
LP004168,Male,Yes,2,Graduate,,2588,1896.0,106.1,360.0,1.0,Urban,Y
LP004169,Male,Yes,0,Graduate,No,2104,2081.0,85.3,360.0,,Urban,Y
LP004170,Male,Yes,2,Graduate,Yes,5916,0.0,206.3,240.0,1.0,Semiurban,N
LP004171,Male,Yes,3+,Not Graduate,No,3691,958.0,98.9,360.0,1.0,Semiurban,Y
LP004172,Female,No,3+,Not Graduate,No,1775,0.0,,360.0,0.0,Urban,N
LP004173,Female,No,0,Graduate,No,3863,0.0,107.3,360.0,1.0,Semiurban,Y
LP004174,Male,Yes,2,Graduate,No,8088,0.0,253.6,360.0,1.0,Semiurban,Y
LP004175,Male,No,1,Graduate,No,3075,2004.0,108.3,180.0,0.0,Urban,N
LP004176,Male,No,0,Graduate,Yes,10704,0.0,84.7,360.0,1.0,Urban,N
LP004177,Male,Yes,0,Graduate,No,6346,3738.0,318.4,360.0,1.0,Urban,Y
LP004178,Male,No,0,Graduate,No,5938,0.0,143.5,360.0,1.0,Rural,Y
LP004179,Male,No,0,Graduate,No,8348,0.0,203.6,360.0,1.0,Urban,Y
LP004180,Male,Yes,3+,Graduate,No,4468,1725.0,163.3,360.0,0.0,Urban,Y
LP004181,Male,Yes,1,Graduate,No,3363,1708.0,180.0,360.0,1.0,Urban,Y
LP004182,Male,Yes,2,Graduate,Yes,4404,2090.0,159.3,360.0,1.0,Semiurban,Y
LP004183,Male,No,2,Graduate,No,3642,0.0,109.0,360.0,1.0,Semiurban,Y
LP004184,Male,Yes,1,Graduate,No,5695,0.0,42.8,360.0,1.0,Urban,Y
LP004185,Male,Yes,0,Graduate,No,3783,2081.0,117.9,360.0,1.0,Rural,Y
LP004186,Male,No,0,Graduate,No,4821,0.0,128.6,360.0,1.0,Urban,Y
LP004187,Male,Yes,2,Not Graduate,No,2872,0.0,46.4,180.0,0.0,Urban,N
LP004188,Male,No,0,Graduate,No,2314,2618.0,131.0,360.0,1.0,Semiurban,Y
LP004189,Male,Yes,0,Graduate,No,1733,1866.0,87.6,360.0,1.0,Urban,Y
LP004190,Male,No,3+,Graduate,No,9512,0.0,179.3,360.0,1.0,Rural,Y
LP004191,,Yes,1,Graduate,Yes,10058,1748.0,177.3,180.0,1.0,Urban,Y
LP004192,Male,No,0,Graduate,No,4590,1921.0,192.0,360.0,1.0,Semiurban,N
LP004193,Female,Yes,0,Graduate,No,4628,0.0,84.3,360.0,1.0,Rural,N
LP004194,Male,Yes,0,Graduate,No,4486,2915.0,110.7,12.0,,Urban,Y
LP004195,Male,Yes,2,Graduate,No,6961,1721.0,238.9,300.0,1.0,Semiurban,Y
LP004196,Male,Yes,0,Graduate,No,3710,3171.0,142.6,180.0,1.0,Rural,Y
LP004197,Male,No,0,Graduate,No,2823,2729.0,145.9,360.0,1.0,Semiurban,Y
LP004198,Male,Yes,2,Graduate,No,5186,0.0,152.9,360.0,1.0,Semiurban,Y
LP004199,Male,No,0,Not Graduate,No,2777,0.0,64.4,300.0,1.0,Rural,N
LP004200,Male,No,3+,Not Graduate,No,4744,2047.0,149.1,360.0,1.0,Semiurban,Y
LP004201,Male,No,0,Graduate,No,2326,0.0,72.4,360.0,1.0,Urban,N
LP004202,Male,No,0,Graduate,No,2780,1829.0,123.5,360.0,1.0,Rural,Y
LP004203,Male,Yes,2,Graduate,Yes,17498,0.0,390.3,360.0,1.0,Rural,Y
LP004204,Male,No,0,Graduate,,2895,2147.0,115.4,360.0,1.0,Rural,Y
LP004205,Male,Yes,0,Graduate,Yes,2673,3682.0,152.4,360.0,1.0,Rural,Y
LP004206,Male,Yes,0,Graduate,No,2284,2066.0,58.3,360.0,,Rural,Y
LP004207,Male,Yes,0,Graduate,No,1974,990.0,49.5,360.0,1.0,Semiurban,Y
LP004208,Male,No,0,Graduate,Yes,20552,0.0,638.0,480.0,,Urban,Y
LP004209,Male,Yes,0,Not Graduate,,1776,1760.0,96.2,360.0,1.0,Rural,Y
LP004210,Male,Yes,0,Graduate,No,4657,0.0,70.9,180.0,1.0,Semiurban,Y
LP004211,Male,Yes,0,Graduate,No,3112,2886.0,95.1,300.0,,Urban,Y
LP004212,Male,No,0,Graduate,No,4036,6933.0,187.9,360.0,1.0,Urban,Y
LP004213,Male,Yes,0,Graduate,No,3932,0.0,107.0,360.0,1.0,Semiurban,Y
LP004214,Male,Yes,0,Not Graduate,No,2613,1646.0,109.2,360.0,1.0,Rural,Y
LP004215,Male,Yes,3+,Graduate,No,3396,3295.0,153.1,360.0,1.0,Rural,Y
LP004216,Male,Yes,0,Graduate,No,6289,4510.0,249.9,360.0,,Semiurban,Y
LP004217,Female,No,0,Graduate,No,3120,0.0,68.3,360.0,0.0,Urban,N
LP004218,Male,Yes,0,Not Graduate,No,1904,1089.0,101.7,360.0,1.0,Semiurban,Y
LP004219,Male,No,0,Graduate,No,5096,0.0,121.9,360.0,1.0,Urban,Y
LP004220,Male,No,0,Not Graduate,No,3813,0.0,112.8,360.0,1.0,Rural,Y
LP004221,Male,Yes,0,Graduate,No,2795,4303.0,121.6,360.0,1.0,Rural,Y
LP004222,Male,No,0,Not Graduate,,7546,0.0,117.7,360.0,1.0,Rural,N
LP004223,Male,No,1,Not Graduate,Yes,2797,1561.0,184.4,360.0,,Semiurban,N
LP004224,Female,No,0,Graduate,No,2870,0.0,84.0,360.0,1.0,Semiurban,Y
LP004225,Male,Yes,2,Graduate,No,8035,0.0,198.5,360.0,1.0,Semiurban,Y
LP004226,Male,Yes,0,Graduate,No,2640,1921.0,157.5,360.0,1.0,Rural,Y
LP004227,Male,Yes,0,Not Graduate,No,2308,1997.0,113.6,360.0,1.0,Rural,Y
LP004228,Male,Yes,0,Not Graduate,No,1658,3704.0,205.9,360.0,0.0,Semiurban,N
LP004229,Male,Yes,2,Graduate,No,4799,2083.0,181.7,360.0,1.0,Rural,N
LP004230,Male,Yes,0,Graduate,No,2505,2219.0,154.5,360.0,1.0,Semiurban,Y
LP004231,Female,No,0,Graduate,No,2961,0.0,61.6,360.0,1.0,Urban,Y
LP004232,Male,Yes,2,Not Graduate,No,4020,1362.0,162.4,360.0,1.0,Rural,Y
LP004233,Male,No,0,Graduate,No,4151,7400.0,183.4,360.0,1.0,Urban,Y
LP004234,Male,No,0,Not Graduate,No,1459,0.0,35.8,360.0,1.0,Urban,N
LP004235,Male,Yes,2,Graduate,No,6686,1748.0,231.7,300.0,1.0,Semiurban,Y
LP004236,Male,Yes,0,Graduate,No,2091,2099.0,86.7,360.0,,Urban,Y
LP004237,Male,Yes,0,Not Graduate,No,3310,4261.0,127.9,360.0,1.0,Semiurban,Y
LP004238,Male,Yes,0,Graduate,No,10714,0.0,131.0,360.0,1.0,Urban,Y
LP004239,Female,Yes,0,Not Graduate,Yes,7210,0.0,134.3,360.0,1.0,Rural,Y
LP004240,Female,No,1,Graduate,No,3806,0.0,115.5,360.0,1.0,Rural,Y
LP004241,Male,Yes,3+,Graduate,No,8336,5022.0,125.4,360.0,1.0,Rural,Y
LP004242,Male,No,0,Graduate,No,4046,3534.0,155.7,360.0,1.0,Rural,Y
LP004243,Male,Yes,0,Not Graduate,No,2881,1629.0,101.7,480.0,0.0,Urban,N
LP004244,Female,No,0,Graduate,No,4173,0.0,68.4,360.0,1.0,Semiurban,Y
LP004245,Male,Yes,0,Graduate,No,2308,2349.0,135.2,360.0,1.0,Urban,Y
LP004246,,Yes,0,Graduate,No,3121,2214.0,138.8,360.0,0.0,Semiurban,N
LP004247,Male,Yes,0,Graduate,Yes,3091,0.0,66.4,360.0,1.0,Urban,Y
LP004248,Male,Yes,0,Graduate,No,2861,15.0,90.0,360.0,1.0,Rural,Y
LP004249,Male,No,0,Graduate,No,5667,0.0,172.9,360.0,1.0,Urban,Y
LP004250,Male,Yes,0,Graduate,No,4834,938.0,118.4,180.0,1.0,Urban,Y
LP004251,Female,No,0,Graduate,No,3203,3016.0,127.6,360.0,,Rural,Y
LP004252,Female,Yes,0,Graduate,No,2372,4300.0,103.6,360.0,1.0,Semiurban,Y
LP004253,Male,Yes,2,Graduate,No,3205,1487.0,134.2,360.0,1.0,Urban,Y
LP004254,Male,No,0,Graduate,No,6507,0.0,101.4,360.0,0.0,Rural,Y
LP004255,Male,Yes,1,Graduate,No,2767,1940.0,149.7,360.0,0.0,Rural,N
LP004256,Male,No,0,Not Graduate,No,3727,1631.0,112.2,360.0,1.0,Rural,Y
LP004257,Male,Yes,3+,Not Graduate,No,3021,0.0,74.8,360.0,1.0,Semiurban,Y
LP004258,Male,Yes,2,Not Graduate,No,4140,1370.0,128.5,360.0,1.0,Rural,N
LP004259,Male,Yes,1,Graduate,Yes,2141,0.0,66.9,300.0,0.0,Rural,N
LP004260,Male,Yes,0,Graduate,No,2471,3894.0,122.0,360.0,1.0,Urban,Y
LP004261,Male,Yes,2,Graduate,No,5196,0.0,134.1,360.0,1.0,Urban,Y
LP004262,Female,Yes,0,Not Graduate,Yes,7312,0.0,143.0,360.0,1.0,Rural,Y
LP004263,Female,No,1,Graduate,No,3667,0.0,112.1,360.0,,Semiurban,Y
LP004264,Male,Yes,,Not Graduate,No,3001,1717.0,107.5,360.0,1.0,Semiurban,Y
LP004265,Male,Yes,3+,Not Graduate,No,3170,0.0,76.7,360.0,1.0,Semiurban,Y
LP004266,Male,Yes,2,Graduate,No,3264,697.0,68.0,360.0,1.0,Urban,Y
LP004267,Male,Yes,3+,Graduate,No,3136,0.0,95.2,360.0,1.0,Urban,Y
LP004268,Male,Yes,0,Graduate,No,3223,0.0,175.0,360.0,1.0,Rural,N
LP004269,Male,No,0,Graduate,No,8991,0.0,238.1,360.0,1.0,Urban,N
LP004270,Male,No,0,Not Graduate,Yes,6053,0.0,127.2,360.0,1.0,Semiurban,Y
LP004271,Male,Yes,1,Graduate,No,3422,1703.0,180.9,360.0,1.0,Urban,Y
LP004272,Male,Yes,1,Graduate,No,1879,0.0,60.4,360.0,,Rural,N
LP004273,Male,Yes,3+,Graduate,No,6199,0.0,146.6,360.0,1.0,Semiurban,N
LP004274,Male,Yes,2,Not Graduate,No,7366,0.0,182.1,360.0,,Rural,Y
LP004275,Male,No,0,Graduate,No,3066,5773.0,160.9,60.0,1.0,Urban,Y
LP004276,Male,No,0,Not Graduate,No,3733,0.0,111.8,360.0,1.0,Rural,Y
LP004277,Male,No,0,Not Graduate,No,6107,0.0,135.3,360.0,1.0,Rural,N
LP004278,Female,No,0,Graduate,No,2422,0.0,64.8,360.0,1.0,Urban,Y
LP004279,Male,Yes,2,Graduate,No,11480,1103.0,229.2,360.0,1.0,Urban,Y
LP004280,Male,Yes,0,Graduate,No,3277,0.0,173.3,360.0,1.0,Rural,N
LP004281,Male,Yes,0,Graduate,No,3617,1858.0,132.7,360.0,1.0,Semiurban,Y
LP004282,Male,Yes,2,Graduate,No,3633,4505.0,237.7,360.0,1.0,Rural,Y
LP004283,Male,Yes,0,Graduate,No,14072,2023.0,302.1,360.0,1.0,Rural,N
LP004284,Female,Yes,2,Graduate,No,2001,1618.0,116.1,480.0,1.0,Semiurban,Y
LP004285,Male,Yes,2,Graduate,No,4699,0.0,135.8,360.0,1.0,Urban,N
LP004286,Male,Yes,1,Graduate,No,5521,0.0,44.8,360.0,1.0,Urban,Y
LP004287,Male,Yes,2,Not Graduate,No,2263,1722.0,45.3,360.0,1.0,Semiurban,Y
LP004288,Male,Yes,0,Not Graduate,No,4288,0.0,114.5,180.0,1.0,Semiurban,Y
LP004289,Male,Yes,0,Graduate,,2675,3511.0,117.4,,1.0,Urban,Y
LP004290,Male,Yes,2,Graduate,No,16031,0.0,265.5,360.0,1.0,Urban,Y
LP004291,Male,No,0,Graduate,No,2347,0.0,76.0,360.0,1.0,Urban,N
LP004292,Male,Yes,0,Graduate,No,1003,2867.0,116.5,360.0,1.0,Rural,Y
LP004293,Male,Yes,3+,Graduate,No,3034,0.0,101.2,360.0,1.0,Urban,Y
LP004294,Male,Yes,2,Graduate,No,12048,0.0,183.9,180.0,1.0,Urban,Y
LP004295,Male,Yes,3+,Not Graduate,No,3979,991.0,98.2,360.0,1.0,Semiurban,Y
LP004296,Male,Yes,0,Graduate,Yes,3061,0.0,66.9,360.0,1.0,Urban,Y
LP004297,Male,Yes,0,Graduate,No,4779,5378.0,263.1,360.0,1.0,Semiurban,Y
LP004298,Female,No,0,Graduate,No,10656,0.0,260.6,360.0,1.0,Urban,Y
LP004299,Male,No,0,Graduate,No,8400,0.0,210.5,360.0,1.0,Urban,Y
LP004300,Female,Yes,0,Graduate,No,4231,2489.0,107.0,360.0,1.0,Urban,N
LP004301,Male,No,0,Graduate,,3244,2773.0,163.8,360.0,1.0,Urban,Y
LP004302,Male,Yes,2,Graduate,No,8077,3255.0,167.7,360.0,1.0,Rural,Y
LP004303,Female,No,0,Graduate,No,2781,0.0,73.7,360.0,1.0,Rural,Y
LP004304,Male,Yes,2,Graduate,No,4723,1410.0,147.6,360.0,1.0,Semiurban,Y
LP004305,Male,Yes,2,Not Graduate,No,3716,1559.0,,360.0,1.0,Rural,Y
LP004306,Female,Yes,1,Graduate,No,4424,2785.0,142.9,180.0,1.0,Semiurban,Y
LP004307,Male,No,0,Graduate,No,4313,0.0,119.4,360.0,1.0,Rural,Y
LP004308,Male,No,0,Graduate,No,3026,0.0,98.5,360.0,1.0,Semiurban,Y
LP004309,Male,Yes,2,Graduate,No,7985,0.0,205.1,360.0,1.0,Semiurban,Y
LP004310,Male,Yes,2,Not Graduate,No,2094,1793.0,44.0,360.0,1.0,Semiurban,Y
LP004311,Male,Yes,0,Graduate,No,2916,2249.0,151.1,360.0,1.0,Rural,Y
LP004312,Male,No,0,Not Graduate,No,3825,1643.0,112.4,360.0,1.0,Semiurban,Y
LP004313,Male,Yes,0,Graduate,No,6262,3827.0,325.8,360.0,1.0,Urban,Y
LP004314,Male,Yes,1,Graduate,No,6325,4275.0,319.2,360.0,,Urban,Y
LP004315,Male,Yes,2,Graduate,No,3125,1331.0,112.4,360.0,1.0,Urban,Y
LP004316,Male,Yes,0,Graduate,No,3127,0.0,171.2,360.0,1.0,Rural,N
LP004317,Male,Yes,2,Graduate,No,2845,0.0,83.7,360.0,1.0,Semiurban,Y
LP004318,Female,Yes,0,Graduate,No,3748,1398.0,140.4,360.0,1.0,Semiurban,Y
LP004319,Male,Yes,0,Graduate,Yes,5634,2079.0,188.5,360.0,1.0,Semiurban,Y
LP004320,Male,Yes,0,Not Graduate,No,1639,3767.0,195.1,360.0,0.0,Semiurban,N
LP004321,Male,Yes,0,Graduate,No,3492,1966.0,113.6,360.0,1.0,Rural,Y
LP004322,Male,Yes,0,Not Graduate,,2756,2929.0,151.8,360.0,1.0,Rural,Y
LP004323,Male,Yes,0,Graduate,No,2420,2503.0,92.7,180.0,0.0,Rural,Y
LP004324,Male,Yes,0,Graduate,No,1811,1271.0,97.6,,0.0,Urban,N
LP004325,Male,Yes,1,Not Graduate,No,3324,1644.0,113.5,180.0,1.0,Urban,Y
LP004326,,No,3+,Graduate,Yes,9016,0.0,291.1,360.0,1.0,Semiurban,Y
LP004327,Female,No,1,Graduate,Yes,7620,0.0,,360.0,1.0,Semiurban,Y
LP004328,Male,No,0,Not Graduate,No,3865,1667.0,114.4,360.0,1.0,Semiurban,Y
LP004329,Male,Yes,0,Not Graduate,No,1756,2829.0,95.5,360.0,0.0,Urban,N
LP004330,Male,Yes,0,Graduate,No,7785,1052.0,178.4,,1.0,Semiurban,Y
LP004331,Male,Yes,0,Graduate,No,2034,2121.0,90.6,360.0,,Urban,Y
LP004332,Male,Yes,0,Graduate,No,6337,4809.0,261.8,360.0,,Semiurban,Y
LP004333,Male,No,0,Graduate,,5229,0.0,121.2,360.0,1.0,Semiurban,Y
LP004334,Male,Yes,2,Not Graduate,No,3691,1577.0,,360.0,1.0,Rural,Y
LP004335,Male,Yes,3+,Graduate,No,3503,2526.0,120.6,360.0,0.0,Rural,N
LP004336,Male,No,0,Not Graduate,No,3611,1602.0,106.5,360.0,1.0,Semiurban,Y
LP004337,Male,No,0,Not Graduate,No,3586,1660.0,111.0,360.0,1.0,Semiurban,Y
LP004338,Female,No,0,Graduate,No,4286,0.0,114.4,360.0,1.0,Semiurban,Y
LP004339,Male,No,0,Graduate,No,2036,2151.0,133.2,360.0,1.0,Semiurban,Y
LP004340,Male,Yes,3+,Not Graduate,No,3768,1015.0,100.2,360.0,1.0,Semiurban,Y
LP004341,Female,Yes,2,Graduate,No,15200,0.0,69.2,360.0,1.0,Urban,Y
LP004342,Male,Yes,,Graduate,Yes,5688,4617.0,70.7,,1.0,Semiurban,Y
LP004343,Male,Yes,0,Graduate,No,2527,3441.0,124.2,360.0,1.0,Rural,Y
LP004344,Male,Yes,2,Graduate,No,6134,5780.0,195.1,180.0,1.0,Semiurban,Y
LP004345,Male,Yes,3+,Graduate,No,2759,2152.0,98.2,360.0,1.0,Rural,Y
LP004346,Male,Yes,1,Graduate,No,3260,1697.0,192.5,360.0,1.0,Urban,Y
LP004347,Male,Yes,1,Graduate,No,3263,1741.0,184.0,360.0,1.0,Urban,Y
LP004348,Male,Yes,0,Graduate,No,4808,2377.0,130.3,360.0,1.0,Urban,Y
LP004349,Female,No,0,Graduate,No,2550,1647.0,87.1,360.0,,Urban,Y
LP004350,Male,Yes,2,Graduate,,2537,2380.0,129.0,360.0,1.0,Rural,Y
LP004351,Male,Yes,2,Graduate,No,8138,0.0,204.6,360.0,1.0,Semiurban,Y
LP004352,Female,No,,Graduate,No,3750,0.0,115.1,180.0,1.0,Urban,Y
LP004353,Male,No,0,Not Graduate,No,4728,0.0,48.2,360.0,1.0,Rural,Y
LP004354,Female,No,0,Not Graduate,No,2660,0.0,81.9,,0.0,Urban,N
LP004355,Male,Yes,0,Not Graduate,No,2323,1474.0,93.3,360.0,1.0,Urban,Y
LP004356,Male,No,0,Graduate,No,2711,0.0,70.7,360.0,1.0,Semiurban,Y
LP004357,Female,No,0,Graduate,No,2742,1559.0,86.2,360.0,,Urban,Y
LP004358,Male,Yes,1,Graduate,,4270,3509.0,204.3,360.0,,Urban,N
LP004359,Female,No,0,Not Graduate,Yes,18086,0.0,124.8,360.0,1.0,Urban,Y
LP004360,Male,Yes,0,Graduate,No,2758,4325.0,121.8,360.0,1.0,Rural,Y
LP004361,Male,Yes,2,Not Graduate,No,1916,1568.0,117.4,180.0,1.0,Semiurban,Y
LP004362,Male,Yes,0,Graduate,No,4633,2401.0,131.1,360.0,1.0,Urban,Y
LP004363,Male,No,0,Graduate,No,1989,1927.0,51.1,360.0,1.0,Semiurban,Y
LP004364,Male,Yes,2,Graduate,Yes,6552,0.0,,360.0,0.0,Rural,Y
LP004365,Male,Yes,1,Graduate,Yes,2510,0.0,,360.0,1.0,Semiurban,Y
LP004366,Female,No,,Graduate,No,3800,0.0,118.1,180.0,1.0,Urban,Y
LP004367,Male,Yes,3+,Graduate,No,5403,0.0,95.5,360.0,1.0,Urban,N
LP004368,,No,0,Graduate,No,4703,0.0,95.6,360.0,1.0,Semiurban,Y
LP004369,Male,Yes,2,Graduate,Yes,7888,6929.0,478.2,360.0,1.0,Rural,Y
LP004370,Male,Yes,0,Graduate,No,2355,3439.0,171.6,360.0,1.0,Semiurban,Y
LP004371,Male,Yes,0,Graduate,No,7744,1053.0,174.6,,1.0,Semiurban,Y
LP004372,Male,No,0,Graduate,No,4702,2178.0,,360.0,1.0,Semiurban,N
LP004373,Female,No,0,Graduate,No,3561,0.0,84.7,,1.0,Urban,Y
LP004374,Male,Yes,0,Not Graduate,No,3483,4284.0,148.9,,0.0,Rural,Y
LP004375,Male,No,0,Not Graduate,No,3061,2610.0,116.7,,1.0,Rural,Y
LP004376,Male,No,1,Not Graduate,No,3557,0.0,103.1,240.0,,Urban,Y
LP004377,Male,Yes,3+,Graduate,No,5227,3121.0,196.4,360.0,1.0,Semiurban,Y
LP004378,Male,No,0,Graduate,No,3078,2653.0,139.8,360.0,1.0,Semiurban,Y
LP004379,Male,Yes,0,Graduate,,3484,1315.0,53.3,360.0,1.0,Rural,N
LP004380,Male,No,0,Graduate,Yes,6926,0.0,143.3,360.0,1.0,Rural,Y
LP004381,Male,Yes,1,Graduate,Yes,8536,4947.0,361.1,360.0,0.0,Rural,Y
LP004382,Male,Yes,3+,Not Graduate,No,2981,1647.0,69.8,180.0,0.0,Urban,N
LP004383,Male,Yes,0,Not Graduate,No,2339,1968.0,106.6,360.0,1.0,Rural,Y
LP004384,Male,No,0,Graduate,Yes,6894,0.0,86.3,360.0,1.0,Semiurban,Y
LP004385,Male,Yes,1,Graduate,No,4241,2968.0,178.3,84.0,1.0,Rural,N
LP004386,Male,No,0,Not Graduate,No,3346,2513.0,124.4,,1.0,Rural,Y
LP004387,Male,Yes,0,Graduate,No,7857,1045.0,174.2,,1.0,Semiurban,Y
LP004388,Male,Yes,0,Graduate,,6296,0.0,161.8,360.0,,Urban,Y
LP004389,Male,Yes,,Graduate,No,5124,1421.0,166.3,360.0,0.0,Urban,N
LP004390,,Yes,1,Graduate,Yes,9621,1851.0,179.8,180.0,1.0,Urban,Y
LP004391,Male,Yes,2,Graduate,No,4015,1717.0,115.5,360.0,1.0,Semiurban,Y
LP004392,Male,Yes,0,Graduate,No,1891,1270.0,96.5,,0.0,Urban,N
LP004393,Male,Yes,0,Graduate,No,3160,1357.0,81.9,360.0,1.0,Urban,Y
LP004394,Male,Yes,1,Graduate,No,3059,2590.0,166.5,360.0,1.0,Semiurban,N
LP004395,Male,Yes,0,Graduate,No,10509,0.0,233.3,360.0,1.0,Semiurban,Y
LP004396,Male,Yes,1,Not Graduate,No,2451,1948.0,139.8,180.0,1.0,Urban,N
LP004397,Female,No,0,Graduate,No,3061,2882.0,132.6,360.0,,Rural,Y
LP004398,Male,No,0,Graduate,No,11514,0.0,168.2,360.0,1.0,Semiurban,N
LP004399,Male,No,1,Not Graduate,No,3566,0.0,101.5,240.0,,Urban,Y
LP004400,Male,Yes,2,Graduate,Yes,7640,7050.0,486.3,360.0,1.0,Rural,Y
LP004401,Male,Yes,2,Not Graduate,No,2794,0.0,45.1,180.0,0.0,Urban,N
LP004402,Male,Yes,1,Graduate,No,5983,5355.0,304.8,360.0,1.0,Urban,Y
LP004403,Female,No,0,Graduate,Yes,2416,0.0,92.3,360.0,,Urban,Y
LP004404,Female,No,0,Graduate,No,9954,0.0,268.5,360.0,1.0,Urban,Y
LP004405,Male,No,0,Graduate,No,3355,0.0,132.0,360.0,1.0,Semiurban,N
LP004406,Male,No,0,Not Graduate,No,1944,0.0,,360.0,1.0,Urban,N
LP004407,Female,No,1,Graduate,No,2880,1538.0,91.7,360.0,1.0,Urban,Y
LP004408,Male,Yes,0,Graduate,No,19845,0.0,,360.0,1.0,Rural,N
LP004409,Male,Yes,,Not Graduate,Yes,4854,0.0,135.0,360.0,1.0,Urban,N
LP004410,Male,Yes,0,Graduate,,3468,2507.0,123.9,360.0,1.0,Semiurban,Y
LP004411,Male,Yes,0,Graduate,No,8536,0.0,158.9,360.0,1.0,Semiurban,N
LP004412,Male,Yes,0,Not Graduate,No,2340,1572.0,97.7,360.0,1.0,Urban,Y
LP004413,Male,No,0,Not Graduate,No,1494,0.0,35.6,360.0,1.0,Urban,N
LP004414,Male,No,1,Graduate,Yes,4783,0.0,109.3,360.0,1.0,Rural,N
LP004415,Male,Yes,3+,Graduate,No,3011,4074.0,181.7,300.0,0.0,Semiurban,N
LP004416,Male,No,2,Graduate,No,4307,0.0,132.0,360.0,1.0,Rural,Y
LP004417,Male,Yes,0,Graduate,No,3277,1983.0,100.8,360.0,0.0,Urban,N
LP004418,Male,No,2,Graduate,No,3561,0.0,103.1,360.0,1.0,Semiurban,Y
LP004419,Male,Yes,3+,Not Graduate,No,2951,0.0,113.6,360.0,1.0,Rural,Y
LP004420,Male,No,0,Not Graduate,No,2783,0.0,58.8,180.0,1.0,Urban,Y
LP004421,Male,Yes,0,Graduate,No,21291,0.0,,360.0,1.0,Rural,N
LP004422,Male,Yes,3+,Graduate,No,3348,3307.0,152.8,360.0,1.0,Rural,Y
LP004423,Male,Yes,0,Not Graduate,No,4203,0.0,116.7,180.0,1.0,Semiurban,Y
LP004424,Female,No,0,Graduate,No,3082,0.0,70.0,360.0,0.0,Urban,N
LP004425,Male,Yes,2,Graduate,Yes,4683,2068.0,155.9,360.0,1.0,Semiurban,Y
LP004426,Male,No,0,Graduate,No,4070,6990.0,178.1,360.0,1.0,Urban,Y
LP004427,Female,No,0,Graduate,No,3177,0.0,30.6,360.0,1.0,Urban,Y
LP004428,Male,Yes,1,Graduate,No,6206,0.0,159.4,360.0,,Rural,Y
LP004429,Male,Yes,3+,Graduate,Yes,5253,1690.0,184.4,360.0,1.0,Semiurban,Y
LP004430,Male,Yes,0,Graduate,No,6183,2647.0,187.2,360.0,,Rural,N
LP004431,Male,Yes,0,Graduate,No,5941,2141.0,267.0,360.0,,Semiurban,N
LP004432,Male,Yes,1,Graduate,No,5834,5811.0,315.5,360.0,1.0,Urban,Y
LP004433,Male,No,2,Graduate,No,4408,0.0,138.6,360.0,1.0,Rural,Y
LP004434,Male,Yes,0,Not Graduate,No,2816,516.0,67.7,360.0,1.0,Rural,N
LP004435,Male,No,0,Graduate,No,5865,4432.0,300.4,360.0,1.0,Semiurban,Y
LP004436,Female,Yes,0,Not Graduate,Yes,6934,0.0,137.3,360.0,1.0,Rural,Y
LP004437,Male,No,0,Graduate,No,3747,4345.0,170.3,360.0,1.0,Rural,Y
LP004438,Male,Yes,0,Not Graduate,No,8000,0.0,106.3,360.0,0.0,Urban,Y
LP004439,Female,No,0,Graduate,No,5247,0.0,132.2,360.0,1.0,Rural,Y
LP004440,Male,Yes,0,Graduate,No,5970,2302.0,269.3,360.0,,Semiurban,N
LP004441,Male,Yes,0,Graduate,No,3850,1665.0,153.7,360.0,0.0,Rural,N
LP004442,Male,No,0,Not Graduate,No,2332,1657.0,136.4,360.0,1.0,Semiurban,Y
LP004443,Male,Yes,0,Graduate,No,21556,6893.0,471.5,360.0,,Urban,Y
LP004444,Male,No,0,Not Graduate,No,5867,0.0,112.1,360.0,0.0,Rural,Y
LP004445,Male,Yes,0,Graduate,No,3309,2095.0,102.0,360.0,0.0,Urban,N
LP004446,Male,Yes,0,Graduate,No,3715,0.0,112.2,360.0,1.0,Semiurban,Y
LP004447,Male,Yes,0,Graduate,No,8318,0.0,272.1,360.0,1.0,Urban,N
LP004448,Male,Yes,1,Graduate,No,3193,1280.0,117.8,360.0,0.0,Semiurban,N
LP004449,Male,Yes,2,Graduate,Yes,8193,7324.0,464.6,360.0,1.0,Rural,Y
LP004450,Female,No,0,Graduate,No,3178,0.0,29.6,360.0,1.0,Urban,Y
LP004451,Male,Yes,1,Not Graduate,No,5071,1075.0,180.6,360.0,,Urban,Y
LP004452,Male,No,0,Not Graduate,No,3928,2554.0,53.5,360.0,1.0,Rural,Y
LP004453,Male,Yes,0,Not Graduate,No,2859,554.0,67.0,360.0,1.0,Rural,N
LP004454,Male,Yes,1,Graduate,No,1793,0.0,58.7,360.0,,Rural,N
LP004455,Male,Yes,2,Not Graduate,No,3358,2818.0,139.6,360.0,1.0,Urban,Y
LP004456,Male,No,0,Not Graduate,No,2690,0.0,61.7,180.0,1.0,Urban,Y
LP004457,Female,Yes,1,Graduate,No,12161,0.0,509.7,360.0,1.0,Semiurban,Y
LP004458,Male,No,0,Graduate,No,20478,0.0,473.4,360.0,1.0,Rural,N
LP004459,Female,No,0,Not Graduate,No,3271,0.0,91.9,360.0,1.0,Rural,N
LP004460,Male,Yes,0,Graduate,No,3143,3282.0,56.9,180.0,1.0,Semiurban,Y
LP004461,Male,Yes,0,Graduate,No,2711,2235.0,120.6,360.0,1.0,Semiurban,Y
LP004462,Female,Yes,1,Graduate,Yes,19377,0.0,578.2,360.0,1.0,Semiurban,Y
LP004463,Female,Yes,0,Graduate,No,3411,2879.0,109.9,360.0,,Semiurban,Y
LP004464,Male,No,0,Not Graduate,No,2419,1537.0,128.2,360.0,1.0,Semiurban,Y
LP004465,Male,Yes,0,Graduate,No,6079,4448.0,260.8,360.0,,Semiurban,Y
LP004466,Male,No,0,Not Graduate,,2531,1970.0,130.0,360.0,1.0,Rural,Y
LP004467,Male,Yes,0,Graduate,No,4365,0.0,133.0,360.0,,Semiurban,Y
LP004468,Male,Yes,3+,Graduate,Yes,9850,0.0,261.0,360.0,1.0,Semiurban,Y
LP004469,Male,Yes,0,Graduate,No,3823,0.0,109.3,360.0,1.0,Semiurban,Y
LP004470,Male,No,0,Graduate,No,9554,0.0,246.3,360.0,1.0,Urban,N
LP004471,Female,No,0,Not Graduate,No,4627,0.0,119.5,360.0,1.0,Semiurban,Y
LP004472,Male,No,0,Graduate,Yes,6753,0.0,82.3,360.0,1.0,Semiurban,Y
LP004473,Male,No,0,Graduate,No,2758,1912.0,127.8,360.0,1.0,Rural,Y
LP004474,Male,Yes,1,Graduate,No,5395,1204.0,175.1,360.0,1.0,Rural,Y
LP004475,Male,Yes,2,Not Graduate,No,2169,1774.0,44.5,360.0,1.0,Semiurban,Y
LP004476,Female,No,0,Graduate,No,628,3633.0,116.1,480.0,1.0,Rural,Y
LP004477,Female,Yes,0,Graduate,No,3073,2341.0,153.2,360.0,1.0,Semiurban,Y
LP004478,Male,No,1,Graduate,,3833,0.0,112.1,180.0,1.0,Urban,Y
LP004479,Male,Yes,3+,Not Graduate,No,3305,0.0,71.2,360.0,1.0,Semiurban,Y
LP004480,Male,Yes,1,Graduate,No,1794,0.0,62.0,360.0,,Rural,N
LP004481,Male,Yes,2,Graduate,No,3050,1465.0,115.8,360.0,1.0,Urban,Y
LP004482,Male,Yes,1,Graduate,No,4898,0.0,,360.0,0.0,Rural,N
LP004483,Male,Yes,2,Not Graduate,Yes,1826,1802.0,98.3,360.0,1.0,Semiurban,Y
LP004484,Male,Yes,0,Graduate,No,2653,2181.0,145.8,360.0,1.0,Semiurban,Y
LP004485,Male,Yes,1,Graduate,Yes,10140,0.0,150.1,360.0,1.0,Rural,N
LP004486,Male,Yes,2,Graduate,Yes,2587,4742.0,177.0,360.0,1.0,Rural,Y
LP004487,Male,No,0,Not Graduate,No,6365,0.0,132.0,360.0,1.0,Rural,N
LP004488,Male,Yes,0,Graduate,No,3612,2106.0,118.3,360.0,0.0,Rural,N
LP004489,Male,Yes,1,Graduate,No,3452,2428.0,179.5,360.0,1.0,Semiurban,Y
LP004490,Male,Yes,0,Graduate,No,3623,3269.0,185.3,,1.0,Rural,Y
LP004491,Male,Yes,1,Not Graduate,No,2259,2646.0,127.1,360.0,1.0,Urban,Y
LP004492,Male,Yes,2,Graduate,No,3196,703.0,67.3,360.0,1.0,Urban,Y
LP004493,Male,Yes,0,Not Graduate,No,1734,2868.0,89.5,360.0,0.0,Urban,N
LP004494,Male,No,0,Graduate,No,4718,3767.0,153.2,360.0,1.0,Semiurban,Y
LP004495,Male,Yes,0,Graduate,No,14570,0.0,98.6,360.0,1.0,Semiurban,Y
LP004496,Male,Yes,3+,Graduate,No,9907,0.0,279.6,360.0,1.0,Rural,Y
LP004497,Male,Yes,3+,Not Graduate,Yes,5549,0.0,129.0,360.0,1.0,Rural,Y
LP004498,Male,Yes,0,Graduate,No,2447,2048.0,100.1,360.0,1.0,Semiurban,Y
LP004499,Male,Yes,1,Graduate,No,3289,3335.0,163.9,360.0,1.0,Urban,Y
LP004500,Male,Yes,2,Not Graduate,No,2936,0.0,46.8,180.0,0.0,Urban,N
LP004501,Female,No,0,Not Graduate,No,2082,0.0,70.3,360.0,1.0,Semiurban,Y
LP004502,Female,No,0,Graduate,No,3564,0.0,85.0,,1.0,Urban,Y
LP004503,Male,Yes,0,Graduate,No,3125,2247.0,153.5,360.0,1.0,Rural,Y
LP004504,Male,Yes,2,Graduate,Yes,6046,0.0,211.4,240.0,1.0,Semiurban,N
LP004505,Male,Yes,2,Not Graduate,No,7800,0.0,187.7,360.0,,Rural,Y
LP004506,Male,No,0,Graduate,No,2251,2625.0,138.4,360.0,1.0,Semiurban,Y
LP004507,Male,Yes,2,Graduate,No,6149,5386.0,181.8,180.0,1.0,Semiurban,Y
LP004508,Male,Yes,1,Not Graduate,No,2584,1995.0,135.6,180.0,1.0,Urban,N
LP004509,Male,Yes,1,Graduate,No,4389,1464.0,124.2,360.0,1.0,Rural,N
LP004510,Male,Yes,0,Graduate,No,6113,0.0,132.1,360.0,1.0,Semiurban,Y
LP004511,,No,0,Graduate,No,4790,0.0,94.2,360.0,1.0,Semiurban,Y
LP004512,Male,Yes,1,Graduate,No,14227,0.0,189.3,180.0,1.0,Rural,Y
LP004513,Male,Yes,,Graduate,No,14242,0.0,,360.0,1.0,Urban,Y
LP004514,Male,No,0,Graduate,No,3715,0.0,73.7,360.0,1.0,Semiurban,Y
LP004515,Male,Yes,0,Graduate,No,3817,3115.0,188.2,,1.0,Rural,Y
LP004516,Male,Yes,0,Graduate,No,5699,4285.0,179.5,360.0,1.0,Semiurban,Y
LP004517,Female,No,0,Graduate,No,4270,0.0,43.0,360.0,1.0,Semiurban,Y
LP004518,Male,No,0,Graduate,Yes,6818,0.0,180.2,180.0,1.0,Semiurban,Y
LP004519,Male,Yes,1,Graduate,No,3056,998.0,98.1,360.0,1.0,Urban,Y
LP004520,Male,Yes,2,Graduate,No,6146,0.0,129.9,360.0,1.0,Semiurban,Y
LP004521,Male,No,0,Graduate,No,3986,2534.0,137.4,360.0,1.0,Rural,Y
LP004522,Male,Yes,2,Graduate,No,3664,0.0,123.9,360.0,1.0,Semiurban,Y
LP004523,Male,Yes,2,Graduate,No,4020,1549.0,173.6,360.0,1.0,Urban,Y
LP004524,Male,No,0,Graduate,No,3576,0.0,79.9,300.0,1.0,Semiurban,Y
LP004525,Male,Yes,0,Not Graduate,No,2983,1741.0,101.6,480.0,0.0,Urban,N
LP004526,Male,No,0,Graduate,No,3101,2867.0,146.0,360.0,1.0,Semiurban,Y
LP004527,Female,No,0,Graduate,No,2933,0.0,61.5,360.0,1.0,Urban,Y
LP004528,Male,Yes,1,Graduate,No,3324,3348.0,155.4,360.0,1.0,Urban,Y
LP004529,Male,Yes,0,Graduate,No,20236,5282.0,570.5,360.0,1.0,Rural,Y
LP004530,Female,No,0,Graduate,No,7336,0.0,121.6,360.0,1.0,Rural,Y
LP004531,Male,Yes,0,Graduate,No,2132,2067.0,84.7,360.0,,Urban,Y
LP004532,Male,Yes,0,Graduate,No,6298,2233.0,262.4,360.0,,Semiurban,N
LP004533,Male,Yes,0,Graduate,No,2042,2144.0,89.4,360.0,,Urban,Y
LP004534,Male,No,0,Graduate,No,5109,0.0,133.3,360.0,1.0,Urban,Y
LP004535,Male,Yes,0,Not Graduate,No,1589,3959.0,208.4,360.0,0.0,Semiurban,N
LP004536,Female,No,0,Graduate,No,6136,0.0,150.1,360.0,1.0,Urban,Y
LP004537,Male,Yes,0,Not Graduate,No,2420,1532.0,98.5,360.0,1.0,Urban,Y
LP004538,Male,No,2,Graduate,No,4232,0.0,132.9,360.0,1.0,Rural,Y
LP004539,Male,Yes,0,Graduate,No,5795,2226.0,255.4,360.0,,Semiurban,N
LP004540,Male,No,0,Not Graduate,No,3800,2471.0,54.1,360.0,1.0,Rural,Y
LP004541,Male,Yes,0,Graduate,No,5665,0.0,127.9,360.0,1.0,Rural,Y
LP004542,Male,Yes,2,Graduate,Yes,5637,0.0,146.9,84.0,,Rural,Y
LP004543,Male,Yes,1,Graduate,No,5896,5438.0,307.7,360.0,1.0,Urban,Y
LP004544,Male,Yes,3+,Graduate,No,81022,0.0,351.3,360.0,0.0,Rural,Y
LP004545,Male,No,0,Graduate,No,6012,3737.0,314.5,360.0,1.0,Rural,N
LP004546,,Yes,3+,Graduate,No,24162,0.0,368.8,360.0,1.0,Rural,Y
LP004547,Male,No,0,Graduate,No,1874,2881.0,116.7,360.0,1.0,Rural,N
LP004548,Male,Yes,2,Graduate,,2418,1874.0,104.9,360.0,1.0,Urban,Y
LP004549,Male,Yes,2,Not Graduate,No,3337,1974.0,99.9,360.0,,Semiurban,Y
LP004550,Male,Yes,2,Graduate,Yes,8119,6995.0,488.9,360.0,1.0,Rural,Y
LP004551,Male,Yes,0,Graduate,No,6423,4007.0,336.8,360.0,1.0,Urban,Y
LP004552,Male,Yes,0,Not Graduate,No,1746,3014.0,94.3,360.0,0.0,Urban,N
LP004553,Male,No,0,Graduate,No,2819,5675.0,151.7,60.0,1.0,Urban,Y
LP004554,Female,No,0,Graduate,No,3989,0.0,42.6,360.0,1.0,Semiurban,Y
LP004555,Female,Yes,2,Graduate,No,14681,0.0,70.8,360.0,1.0,Urban,Y
LP004556,Male,No,0,Graduate,No,3439,0.0,70.1,360.0,1.0,Urban,Y
LP004557,Female,No,,Graduate,No,3625,0.0,119.7,180.0,1.0,Urban,Y
LP004558,Male,No,0,Graduate,No,20145,0.0,488.7,360.0,1.0,Rural,N
LP004559,Male,Yes,0,Graduate,No,3640,2022.0,120.1,360.0,1.0,Rural,Y
LP004560,Female,No,0,Graduate,No,3593,1644.0,134.0,360.0,1.0,Rural,Y
LP004561,Male,Yes,0,Graduate,No,3839,3366.0,140.9,180.0,1.0,Rural,Y
LP004562,Female,No,0,Graduate,No,4877,0.0,100.7,360.0,0.0,Semiurban,N
LP004563,Male,No,0,Graduate,No,8620,4306.0,296.1,360.0,1.0,Rural,Y
LP004564,Male,No,0,Not Graduate,No,2987,2450.0,111.7,360.0,1.0,Semiurban,Y
LP004565,Male,Yes,1,Graduate,No,8097,2252.0,175.9,360.0,1.0,Urban,Y
LP004566,Male,No,3+,Graduate,No,12030,2987.0,312.5,360.0,1.0,Rural,N
LP004567,Male,Yes,0,Graduate,No,7671,8451.0,169.8,300.0,,Rural,Y
LP004568,Male,Yes,2,Not Graduate,No,3317,1852.0,79.0,360.0,1.0,Urban,Y
LP004569,Female,No,0,Graduate,No,3330,0.0,77.0,360.0,1.0,Urban,Y
LP004570,Male,Yes,3+,Graduate,No,2553,2095.0,96.3,360.0,1.0,Rural,Y
LP004571,Male,No,0,Graduate,No,2802,0.0,97.2,360.0,1.0,Semiurban,Y
LP004572,Male,No,0,Graduate,,2836,2109.0,120.6,360.0,1.0,Rural,Y
LP004573,,Yes,2,Not Graduate,No,3260,1839.0,113.2,360.0,0.0,Rural,N
LP004574,Female,No,0,Not Graduate,No,1946,0.0,55.0,360.0,1.0,Semiurban,Y
LP004575,Male,Yes,3+,Graduate,No,3617,3582.0,144.8,360.0,1.0,Rural,Y
LP004576,Male,Yes,0,Graduate,No,3000,3121.0,94.4,300.0,,Urban,Y
LP004577,Male,No,0,Graduate,No,5816,4178.0,290.0,360.0,1.0,Semiurban,Y
LP004578,Male,Yes,3+,Graduate,No,4307,0.0,99.8,360.0,1.0,Urban,Y
LP004579,Male,Yes,0,Graduate,Yes,2476,3773.0,157.1,360.0,1.0,Rural,Y
LP004580,Female,Yes,1,Graduate,Yes,19697,0.0,610.8,360.0,1.0,Semiurban,Y
LP004581,Male,Yes,2,Not Graduate,No,4014,1347.0,159.0,360.0,1.0,Rural,Y
LP004582,Male,Yes,0,Graduate,No,3340,1351.0,137.4,360.0,1.0,Semiurban,Y
LP004583,Male,Yes,0,Graduate,No,1897,1821.0,91.2,360.0,1.0,Urban,Y
LP004584,Female,Yes,0,Graduate,No,3088,2326.0,148.2,360.0,1.0,Semiurban,Y
LP004585,Male,Yes,1,Graduate,No,6070,2074.0,251.7,360.0,1.0,Semiurban,Y
LP004586,Male,No,0,Graduate,No,3361,2755.0,110.5,360.0,1.0,Urban,Y
LP004587,,Yes,1,Graduate,Yes,10113,1838.0,179.8,180.0,1.0,Urban,Y
LP004588,Male,Yes,2,Graduate,Yes,1597,19804.0,233.3,360.0,1.0,Urban,Y
LP004589,Male,Yes,0,Graduate,No,2489,3221.0,176.2,360.0,1.0,Semiurban,Y
LP004590,Female,No,0,Graduate,Yes,15061,0.0,53.0,360.0,1.0,Semiurban,Y
LP004591,Male,Yes,0,Graduate,Yes,40834,4568.0,115.9,360.0,1.0,Semiurban,Y
LP004592,Male,No,0,Graduate,Yes,5778,4445.0,119.4,180.0,1.0,Urban,Y
LP004593,Male,Yes,3+,Graduate,No,4353,1888.0,156.8,360.0,0.0,Urban,Y
LP004594,Male,Yes,0,Graduate,,5970,0.0,260.0,360.0,,Urban,N
LP004595,Male,No,0,Not Graduate,No,6622,0.0,131.4,360.0,1.0,Semiurban,Y
LP004596,Male,Yes,1,Not Graduate,No,2485,2365.0,,360.0,1.0,Rural,Y
LP004597,Male,Yes,0,Not Graduate,No,7525,0.0,106.3,360.0,0.0,Urban,Y
LP004598,Female,No,0,Not Graduate,No,3553,0.0,93.7,360.0,1.0,Rural,N
LP004599,Male,Yes,0,Graduate,No,1815,3597.0,133.5,360.0,1.0,Semiurban,Y
LP004600,,Yes,2,Graduate,No,2933,1949.0,135.8,360.0,0.0,Semiurban,N
LP004601,Male,Yes,0,Graduate,Yes,10050,0.0,177.8,360.0,1.0,Rural,Y
LP004602,Female,Yes,1,Graduate,No,4815,0.0,133.3,360.0,1.0,Urban,Y
LP004603,Male,Yes,2,Graduate,Yes,17311,0.0,412.8,360.0,1.0,Rural,Y
LP004604,Male,Yes,0,Graduate,,63004,0.0,472.4,180.0,1.0,Urban,Y
LP004605,Male,Yes,1,Graduate,No,4688,1446.0,126.5,360.0,1.0,Rural,N
LP004606,Female,No,0,Graduate,,2724,1498.0,106.6,360.0,1.0,Urban,Y
LP004607,Male,Yes,2,Graduate,No,3015,1578.0,129.0,360.0,1.0,Urban,Y
LP004608,Male,Yes,1,Graduate,No,3191,3282.0,153.1,360.0,1.0,Urban,Y
LP004609,Male,Yes,0,Graduate,No,1978,2089.0,87.5,360.0,,Urban,Y
LP004610,Female,No,0,Graduate,No,3275,0.0,101.5,360.0,1.0,Semiurban,Y
LP004611,Male,Yes,0,Graduate,,3323,2545.0,125.8,360.0,1.0,Semiurban,Y
LP004612,Male,No,0,Graduate,No,1892,2923.0,117.2,360.0,1.0,Rural,N
LP004613,Male,Yes,1,Not Graduate,No,4006,5096.0,137.3,360.0,,Rural,Y
LP004614,Male,Yes,1,Graduate,No,2430,2060.0,107.9,360.0,1.0,Semiurban,Y
LP004615,Male,Yes,0,Graduate,No,5908,2160.0,274.6,360.0,,Semiurban,N
LP004616,Male,Yes,0,Graduate,No,6258,2664.0,186.0,360.0,,Rural,N
LP004617,Male,Yes,2,Graduate,No,11904,0.0,193.5,180.0,1.0,Urban,Y
LP004618,Male,Yes,2,Not Graduate,No,4410,1040.0,111.8,360.0,1.0,Urban,Y
LP004619,Male,Yes,0,Graduate,No,5828,4736.0,266.2,360.0,1.0,Semiurban,Y
LP004620,Male,Yes,1,Graduate,No,3110,1263.0,118.4,360.0,0.0,Semiurban,N
LP004621,Male,,,Graduate,No,4810,0.0,156.0,480.0,1.0,Semiurban,Y
LP004622,Male,Yes,1,Graduate,No,6352,4090.0,336.7,360.0,,Urban,Y
LP004623,Male,Yes,2,Graduate,No,3436,1631.0,149.1,360.0,0.0,Rural,N
LP004624,Male,Yes,1,Graduate,No,6904,1630.0,113.0,,0.0,Urban,Y
LP004625,Male,Yes,0,Graduate,No,8362,0.0,164.8,360.0,1.0,Semiurban,N
LP004626,Male,Yes,0,Not Graduate,No,1833,2858.0,91.5,360.0,0.0,Urban,N
LP004627,Female,No,0,Graduate,No,5124,0.0,135.4,360.0,1.0,Rural,Y
LP004628,Female,No,0,Graduate,Yes,2525,1727.0,96.3,300.0,1.0,Semiurban,N
LP004629,Male,Yes,2,Graduate,No,3213,1333.0,111.5,360.0,1.0,Urban,Y
LP004630,Male,Yes,1,Graduate,No,13426,10990.0,349.5,360.0,1.0,Semiurban,Y
LP004631,Female,No,1,Graduate,No,2800,1543.0,88.0,360.0,1.0,Urban,Y
LP004632,Male,Yes,2,Graduate,Yes,6229,0.0,206.3,240.0,1.0,Semiurban,N
LP004633,Female,Yes,1,Graduate,No,11516,0.0,499.1,360.0,1.0,Semiurban,Y
LP004634,Female,No,1,Graduate,No,4513,0.0,79.1,360.0,1.0,Semiurban,N
LP004635,Male,No,0,Not Graduate,No,5820,0.0,117.7,360.0,0.0,Rural,Y
LP004636,Male,No,0,Graduate,No,2597,0.0,70.7,360.0,1.0,Semiurban,Y
LP004637,Male,Yes,1,Graduate,No,2844,1856.0,113.3,360.0,1.0,Semiurban,Y
LP004638,Male,Yes,2,Graduate,No,3138,2076.0,144.8,360.0,1.0,Urban,Y
LP004639,Female,No,0,Graduate,No,2449,0.0,57.7,360.0,1.0,Rural,Y
LP004640,Male,Yes,2,Graduate,No,3033,467.0,110.9,84.0,1.0,Urban,Y
LP004641,Female,No,0,Graduate,No,1773,1746.0,52.8,360.0,1.0,Urban,Y
LP004642,Male,Yes,,Graduate,No,5434,2570.0,173.3,360.0,1.0,Rural,Y
LP004643,Male,Yes,2,Graduate,No,11608,1118.0,230.5,360.0,1.0,Urban,Y
LP004644,Male,Yes,1,Not Graduate,No,3371,1074.0,136.2,360.0,1.0,Urban,Y
LP004645,Male,Yes,0,Graduate,No,9651,0.0,72.6,180.0,1.0,Urban,Y
LP004646,Male,No,0,Graduate,No,4126,2479.0,141.0,360.0,1.0,Rural,Y
LP004647,Male,Yes,0,Not Graduate,No,2473,1727.0,106.6,360.0,1.0,Rural,Y
LP004648,Male,Yes,1,Graduate,No,5684,1030.0,26.6,360.0,1.0,Semiurban,Y
LP004649,Male,Yes,3+,Graduate,No,38114,0.0,586.0,180.0,0.0,Semiurban,Y
LP004650,Male,No,0,Graduate,No,2434,0.0,95.6,480.0,1.0,Semiurban,N
LP004651,Male,Yes,0,Not Graduate,No,1590,3896.0,195.5,360.0,0.0,Semiurban,N
LP004652,Male,Yes,0,Graduate,,62297,0.0,507.9,180.0,1.0,Urban,Y
LP004653,Male,No,0,Not Graduate,No,3602,1278.0,102.2,360.0,1.0,Rural,N
LP004654,Male,Yes,2,Graduate,No,3246,1636.0,136.5,360.0,1.0,Urban,Y
LP004655,Male,Yes,0,Graduate,,2557,3649.0,116.7,,1.0,Urban,Y
LP004656,Male,Yes,0,Graduate,No,4007,784.0,111.3,360.0,1.0,Semiurban,Y
LP004657,Male,No,0,Graduate,No,5666,0.0,,360.0,1.0,Urban,Y
LP004658,Male,Yes,0,Graduate,No,5707,2058.0,180.9,360.0,1.0,Rural,N
LP004659,Male,No,3+,Graduate,No,12169,3101.0,309.1,360.0,1.0,Rural,N
LP004660,Female,No,0,Not Graduate,No,1839,2482.0,122.9,,1.0,Urban,Y
LP004661,Male,Yes,2,Graduate,No,8070,0.0,240.4,360.0,1.0,Semiurban,Y
LP004662,Male,Yes,1,Graduate,No,7823,2203.0,177.5,360.0,1.0,Urban,Y
LP004663,Male,Yes,0,Not Graduate,No,1865,1026.0,98.2,360.0,1.0,Semiurban,Y
LP004664,Female,No,0,Not Graduate,No,4559,0.0,122.7,360.0,1.0,Semiurban,Y
LP004665,Male,Yes,2,Graduate,,2394,1921.0,112.0,360.0,1.0,Urban,Y
LP004666,Male,No,0,Graduate,No,2485,0.0,75.5,360.0,1.0,Urban,N
LP004667,Male,Yes,1,Graduate,No,2792,1880.0,114.1,360.0,1.0,Semiurban,Y
LP004668,Male,Yes,1,Not Graduate,No,2603,1942.0,145.0,180.0,1.0,Urban,N
LP004669,Male,Yes,3+,Not Graduate,No,3751,990.0,98.0,360.0,1.0,Semiurban,Y
LP004670,Male,Yes,0,Not Graduate,No,1659,4062.0,205.9,360.0,0.0,Semiurban,N
LP004671,Female,No,0,Graduate,No,3849,0.0,93.8,360.0,,Rural,Y
LP004672,Male,Yes,0,Graduate,No,152,1856.0,133.7,360.0,1.0,Rural,N
LP004673,Male,No,0,Not Graduate,No,1977,0.0,,360.0,1.0,Urban,N
LP004674,Female,Yes,0,Graduate,No,3491,0.0,103.7,360.0,1.0,Semiurban,Y
LP004675,Male,No,0,Graduate,No,4067,7384.0,183.2,360.0,1.0,Urban,Y
LP004676,Male,No,0,Graduate,No,2995,2857.0,141.4,360.0,1.0,Semiurban,Y
LP004677,Male,Yes,1,Graduate,No,34584,0.0,251.8,360.0,1.0,Semiurban,N
LP004678,Male,Yes,0,Graduate,No,3461,2087.0,115.0,360.0,0.0,Rural,N
LP004679,Female,No,1,Not Graduate,No,4651,0.0,80.0,360.0,1.0,Rural,N
LP004680,Male,Yes,3+,Graduate,No,5543,11666.0,499.5,360.0,0.0,Semiurban,Y
LP004681,Male,Yes,2,Graduate,No,5943,0.0,136.6,360.0,1.0,Semiurban,Y
LP004682,Female,No,,Graduate,No,5519,0.0,139.4,480.0,0.0,Urban,N
LP004683,Male,No,0,Graduate,No,6488,0.0,117.3,360.0,0.0,Rural,Y
LP004684,Male,No,0,Graduate,Yes,7040,0.0,126.9,360.0,1.0,Urban,Y
LP004685,Female,No,0,Graduate,No,2493,1821.0,104.1,360.0,0.0,Urban,N
LP004686,Male,Yes,,Graduate,Yes,5316,4683.0,71.7,,1.0,Semiurban,Y
LP004687,Female,No,0,Graduate,,2673,1439.0,110.5,360.0,1.0,Urban,Y
LP004688,Male,Yes,3+,Graduate,No,2965,2593.0,162.4,360.0,0.0,Semiurban,N
LP004689,Male,Yes,3+,Not Graduate,No,2546,1549.0,173.3,360.0,1.0,Rural,N
LP004690,Male,Yes,1,Graduate,Yes,10229,3855.0,161.3,180.0,0.0,Urban,Y
LP004691,Male,No,0,Graduate,No,8405,4003.0,306.5,360.0,1.0,Rural,Y
LP004692,Male,Yes,1,Graduate,No,3999,0.0,68.7,360.0,1.0,Urban,N
LP004693,Female,Yes,2,Graduate,No,1957,1658.0,116.8,480.0,1.0,Semiurban,Y
LP004694,Male,Yes,0,Graduate,No,3685,2229.0,120.3,360.0,0.0,Rural,N
LP004695,Male,No,0,Graduate,No,2259,2586.0,139.5,360.0,1.0,Semiurban,Y
LP004696,Male,Yes,0,Not Graduate,Yes,4538,737.0,83.9,360.0,1.0,Semiurban,N
LP004697,Male,Yes,0,Not Graduate,No,6160,0.0,165.2,360.0,1.0,Urban,N
LP004698,Female,No,0,Graduate,No,2773,0.0,81.9,360.0,1.0,Semiurban,Y
LP004699,Male,Yes,0,Graduate,No,5714,2044.0,171.6,360.0,1.0,Rural,N
LP004700,Male,Yes,0,Graduate,No,3732,1851.0,126.3,360.0,1.0,Semiurban,Y
LP004701,Female,No,1,Not Graduate,No,4734,0.0,84.0,360.0,1.0,Rural,N
LP004702,Male,Yes,0,Not Graduate,No,2258,2074.0,113.1,360.0,1.0,Rural,Y
LP004703,Female,No,1,Graduate,Yes,7556,0.0,,360.0,1.0,Semiurban,Y
LP004704,Male,Yes,2,Graduate,No,12093,0.0,193.2,180.0,1.0,Urban,Y
LP004705,Male,No,2,Graduate,No,3582,0.0,110.0,360.0,1.0,Semiurban,Y
LP004706,Female,No,0,Graduate,No,4751,0.0,131.8,360.0,1.0,Rural,Y
LP004707,Female,No,0,Not Graduate,No,2240,0.0,72.4,360.0,1.0,Semiurban,Y
LP004708,Male,Yes,2,Graduate,,2552,2387.0,129.7,360.0,1.0,Rural,Y
LP004709,Male,No,0,Graduate,No,5846,0.0,,360.0,1.0,Urban,Y
LP004710,Female,Yes,2,Graduate,No,14134,0.0,70.0,360.0,1.0,Urban,Y
LP004711,Female,No,0,Graduate,Yes,2597,1767.0,96.4,300.0,1.0,Semiurban,N
LP004712,Female,No,0,Graduate,No,4435,0.0,113.4,360.0,1.0,Semiurban,N
LP004713,Male,Yes,1,Graduate,No,1588,1847.0,99.7,360.0,1.0,Urban,Y
LP004714,Male,Yes,3+,Not Graduate,Yes,7025,0.0,128.7,60.0,1.0,Urban,Y
LP004715,Female,No,1,Graduate,No,4811,0.0,83.3,360.0,1.0,Semiurban,N
LP004716,Male,Yes,0,Not Graduate,,2985,2775.0,160.4,360.0,1.0,Rural,Y
LP004717,Female,Yes,2,Graduate,No,4247,2438.0,131.0,360.0,,Semiurban,Y
LP004718,Male,Yes,3+,Graduate,No,6284,0.0,153.3,360.0,1.0,Semiurban,N
LP004719,Male,Yes,1,Graduate,No,2909,1940.0,148.5,360.0,0.0,Rural,N
LP004720,Male,Yes,0,Not Graduate,No,1896,1077.0,96.2,360.0,1.0,Semiurban,Y
LP004721,Male,No,0,Graduate,No,8239,0.0,212.0,360.0,1.0,Urban,Y
LP004722,Male,Yes,1,Graduate,No,2666,1974.0,146.3,360.0,0.0,Rural,N
LP004723,,No,0,Graduate,No,4742,0.0,96.7,360.0,1.0,Semiurban,Y
LP004724,Male,No,0,Graduate,,2896,1987.0,119.9,360.0,1.0,Rural,Y
LP004725,Male,Yes,2,Graduate,Yes,4470,2057.0,155.2,360.0,1.0,Semiurban,Y
LP004726,Female,No,0,Graduate,No,3285,2846.0,126.8,360.0,,Rural,Y
LP004727,Female,No,0,Graduate,No,2780,0.0,72.0,360.0,1.0,Rural,Y
LP004728,Male,Yes,0,Graduate,,3404,2400.0,128.5,360.0,1.0,Semiurban,Y
LP004729,Male,No,0,Graduate,No,4732,3844.0,149.0,360.0,1.0,Semiurban,Y
LP004730,Female,No,0,Not Graduate,Yes,17712,0.0,219.0,360.0,1.0,Semiurban,Y
LP004731,Female,No,0,Graduate,Yes,4684,0.0,132.6,360.0,0.0,Semiurban,N
LP004732,Male,Yes,0,Not Graduate,No,4646,0.0,128.7,360.0,1.0,Rural,N
LP004733,Male,Yes,0,Graduate,No,2485,2558.0,88.8,180.0,0.0,Rural,Y
LP004734,Male,Yes,3+,Not Graduate,No,2983,0.0,111.9,360.0,1.0,Rural,Y
LP004735,Male,Yes,0,Graduate,No,4000,3174.0,141.6,180.0,1.0,Rural,Y
LP004736,Female,No,0,Graduate,No,3298,0.0,70.8,360.0,0.0,Urban,N
LP004737,Male,Yes,0,Graduate,No,14463,0.0,427.5,360.0,1.0,Semiurban,Y
LP004738,Male,No,0,Graduate,Yes,6784,0.0,145.0,360.0,1.0,Rural,Y
LP004739,Male,No,1,Graduate,No,4297,1784.0,115.6,360.0,1.0,Urban,Y
LP004740,Male,Yes,3+,Not Graduate,No,3241,0.0,72.4,360.0,1.0,Semiurban,Y
LP004741,Male,No,0,Graduate,Yes,6984,0.0,81.8,360.0,1.0,Semiurban,Y
LP004742,Female,No,3+,Graduate,,406,43379.0,345.0,180.0,,Urban,Y
LP004743,Female,No,0,Graduate,No,4137,0.0,112.0,360.0,0.0,Semiurban,N
LP004744,Male,No,0,Graduate,No,3596,0.0,108.8,480.0,1.0,Urban,N
LP004745,Male,No,0,Graduate,Yes,7121,0.0,176.5,180.0,1.0,Semiurban,Y
LP004746,Female,Yes,1,Graduate,No,11415,0.0,500.7,360.0,1.0,Semiurban,Y
LP004747,Male,Yes,3+,Graduate,No,4758,0.0,100.2,360.0,1.0,Semiurban,Y
LP004748,Female,No,1,Graduate,No,2517,0.0,163.4,360.0,1.0,Urban,N
LP004749,Male,No,0,Graduate,No,3892,2578.0,134.8,360.0,1.0,Rural,Y
LP004750,Male,Yes,0,Not Graduate,No,2635,1703.0,110.7,360.0,1.0,Rural,Y
LP004751,Male,Yes,0,Graduate,No,3226,2481.0,134.5,360.0,1.0,Rural,Y
LP004752,Male,No,0,Graduate,No,4977,3814.0,153.1,360.0,1.0,Semiurban,Y
LP004753,Male,Yes,2,Graduate,No,4578,1339.0,145.6,360.0,1.0,Semiurban,Y
LP004754,Male,Yes,0,Graduate,Yes,2902,0.0,68.0,360.0,1.0,Urban,Y
LP004755,Male,Yes,1,Graduate,No,4134,0.0,50.0,240.0,1.0,Urban,Y
LP004756,Male,Yes,0,Graduate,Yes,5785,2078.0,177.9,360.0,1.0,Semiurban,Y
LP004757,Male,No,1,Not Graduate,Yes,2668,1493.0,191.8,360.0,,Semiurban,N
LP004758,Male,Yes,0,Graduate,No,2572,2429.0,86.5,180.0,0.0,Rural,Y
LP004759,Male,Yes,0,Graduate,No,2291,0.0,61.3,360.0,0.0,Urban,N
LP004760,Male,Yes,2,Not Graduate,No,2391,0.0,114.4,360.0,1.0,Rural,N
LP004761,Male,Yes,2,Graduate,,2602,1919.0,106.5,360.0,1.0,Urban,Y
LP004762,Male,No,0,Graduate,No,2813,0.0,69.3,360.0,1.0,Semiurban,Y
LP004763,Male,Yes,1,Graduate,No,1552,1857.0,92.2,360.0,1.0,Urban,Y
LP004764,Male,Yes,2,Graduate,No,3028,1549.0,136.1,360.0,1.0,Urban,Y
LP004765,Male,Yes,1,Graduate,No,2027,2922.0,111.4,360.0,1.0,Urban,N
LP004766,Male,Yes,0,Graduate,No,2407,0.0,75.4,360.0,,Urban,Y
LP004767,Male,Yes,1,Not Graduate,No,4534,1200.0,163.8,360.0,1.0,Urban,Y
LP004768,Male,Yes,1,Graduate,Yes,8576,5084.0,370.0,360.0,0.0,Rural,Y
LP004769,Male,Yes,0,Graduate,No,4593,2943.0,115.4,12.0,,Urban,Y
LP004770,Male,Yes,0,Graduate,No,3033,2953.0,96.0,300.0,,Urban,Y
LP004771,Female,No,1,Not Graduate,No,4376,0.0,79.3,360.0,1.0,Rural,N
LP004772,Male,Yes,0,Not Graduate,No,7476,0.0,103.5,360.0,0.0,Urban,Y
LP004773,Male,Yes,0,Not Graduate,No,2170,2290.0,117.2,360.0,1.0,Urban,Y
LP004774,Male,Yes,,Graduate,Yes,5625,4545.0,69.7,,1.0,Semiurban,Y
LP004775,Female,Yes,0,Graduate,No,3063,2297.0,148.7,360.0,1.0,Semiurban,Y
LP004776,Male,Yes,2,Graduate,No,2970,0.0,78.9,360.0,1.0,Semiurban,Y
LP004777,Male,No,0,Not Graduate,No,3985,1649.0,111.5,360.0,1.0,Rural,Y
LP004778,Female,Yes,0,Not Graduate,No,1917,1667.0,101.2,360.0,1.0,Semiurban,Y
LP004779,Female,No,0,Graduate,No,3016,3000.0,132.7,360.0,,Rural,Y
LP004780,Male,Yes,2,Graduate,No,5016,2031.0,180.1,360.0,1.0,Rural,N
LP004781,Male,Yes,0,Graduate,No,4244,2425.0,113.0,360.0,1.0,Urban,N
LP004782,Male,Yes,0,Graduate,,66058,0.0,508.1,180.0,1.0,Urban,Y
LP004783,Male,Yes,2,Graduate,Yes,8973,7816.0,366.0,300.0,1.0,Rural,Y
LP004784,Male,No,0,Not Graduate,Yes,5888,0.0,127.5,360.0,1.0,Semiurban,Y
LP004785,Female,No,0,Not Graduate,Yes,16490,0.0,231.9,360.0,1.0,Semiurban,Y
LP004786,Male,Yes,0,Not Graduate,No,2901,556.0,67.7,360.0,1.0,Rural,N
LP004787,Male,Yes,3+,Graduate,No,40214,0.0,605.7,180.0,0.0,Semiurban,Y
LP004788,Male,Yes,0,Graduate,No,3012,2527.0,143.9,360.0,1.0,Rural,Y
LP004789,Male,Yes,0,Graduate,No,2685,2113.0,123.4,360.0,1.0,Semiurban,Y
LP004790,Male,Yes,1,Graduate,No,2949,1052.0,97.7,360.0,1.0,Urban,Y
LP004791,Male,Yes,0,Graduate,No,3182,1429.0,140.5,360.0,1.0,Semiurban,Y
LP004792,Male,Yes,1,Graduate,No,4638,1536.0,129.5,360.0,1.0,Rural,N
LP004793,,No,0,Graduate,No,4655,0.0,97.7,360.0,1.0,Semiurban,Y
LP004794,Male,Yes,0,Graduate,No,5922,4349.0,171.0,360.0,1.0,Semiurban,Y
LP004795,Male,Yes,2,Graduate,,2616,2271.0,126.0,360.0,1.0,Rural,Y
LP004796,Male,Yes,0,Graduate,No,2608,6271.0,191.2,360.0,1.0,Rural,Y
LP004797,Male,No,2,Graduate,No,4153,0.0,134.2,360.0,1.0,Rural,Y
LP004798,Female,No,1,Graduate,No,3480,0.0,153.5,36.0,1.0,Semiurban,N
LP004799,Male,Yes,0,Graduate,No,9323,0.0,235.1,360.0,1.0,Semiurban,Y
LP004800,Male,No,0,Not Graduate,,7161,0.0,119.1,360.0,1.0,Rural,N
LP004801,Male,Yes,1,Graduate,No,4414,3056.0,173.7,84.0,1.0,Rural,N
LP004802,Male,No,0,Graduate,No,4062,7339.0,189.7,360.0,1.0,Urban,Y
LP004803,Male,No,0,Graduate,,3076,2031.0,117.2,360.0,1.0,Rural,Y
LP004804,Female,Yes,0,Graduate,No,3034,0.0,37.4,360.0,1.0,Semiurban,Y
LP004805,Male,No,0,Not Graduate,No,3034,2425.0,112.8,360.0,1.0,Semiurban,Y
LP004806,Male,Yes,2,Graduate,No,5818,5147.0,120.0,360.0,1.0,Rural,Y
LP004807,Male,Yes,0,Graduate,No,7183,8312.0,174.0,300.0,,Rural,Y
LP004808,Female,Yes,1,Graduate,No,4556,0.0,139.9,360.0,1.0,Urban,Y
LP004809,Male,Yes,0,Graduate,No,2259,2127.0,,360.0,1.0,Urban,Y
LP004810,Male,Yes,0,Graduate,No,6299,2218.0,258.8,360.0,,Semiurban,N
LP004811,Male,Yes,2,Not Graduate,No,1903,1519.0,59.1,300.0,,Urban,Y
LP004812,Male,Yes,2,Graduate,No,4384,0.0,98.5,360.0,1.0,Urban,N
LP004813,,Yes,3+,Graduate,No,52203,0.0,688.2,300.0,1.0,Urban,Y
LP004814,Male,Yes,0,Graduate,No,4811,926.0,119.7,180.0,1.0,Urban,Y
LP004815,Male,Yes,2,Graduate,No,5012,3702.0,245.2,360.0,1.0,Semiurban,Y
LP004816,Male,Yes,0,Graduate,No,3951,2543.0,167.0,360.0,1.0,Semiurban,Y
LP004817,Male,Yes,2,Graduate,No,4924,2014.0,182.5,360.0,1.0,Rural,N
LP004818,Male,Yes,1,Graduate,No,2304,1416.0,84.5,360.0,,Urban,Y
LP004819,Male,Yes,0,Graduate,No,3967,3247.0,209.8,360.0,1.0,Semiurban,Y
LP004820,Female,Yes,2,Graduate,No,4124,2384.0,122.1,360.0,,Semiurban,Y
LP004821,Male,Yes,0,Graduate,Yes,9791,0.0,195.9,360.0,1.0,Semiurban,Y
LP004822,Male,Yes,2,Not Graduate,No,2223,1665.0,46.4,360.0,1.0,Semiurban,Y
LP004823,Male,Yes,1,Graduate,No,12604,11334.0,359.0,360.0,1.0,Semiurban,Y
LP004824,Male,Yes,0,Graduate,No,4362,0.0,128.7,360.0,,Semiurban,Y
LP004825,Male,Yes,1,Graduate,No,1827,0.0,60.8,360.0,,Rural,N
LP004826,Male,Yes,0,Graduate,Yes,2562,3856.0,146.1,360.0,1.0,Rural,Y
LP004827,Female,Yes,0,Graduate,No,2750,3331.0,119.0,360.0,0.0,Urban,N
LP004828,Male,Yes,2,Not Graduate,No,2197,0.0,112.6,360.0,1.0,Rural,N
LP004829,Male,Yes,2,Graduate,No,3117,1580.0,138.4,360.0,1.0,Urban,Y
LP004830,Male,No,0,Graduate,,3284,3009.0,166.1,360.0,1.0,Urban,Y
LP004831,Female,No,0,Graduate,No,4187,2307.0,149.4,360.0,1.0,Semiurban,Y
LP004832,Male,Yes,0,Graduate,No,1020,5395.0,222.7,360.0,,Rural,Y
LP004833,Male,Yes,1,Graduate,No,8077,243.0,243.0,360.0,1.0,Urban,Y
LP004834,Male,Yes,2,Not Graduate,No,3381,2776.0,145.6,360.0,1.0,Urban,Y
LP004835,Female,Yes,0,Graduate,No,4781,0.0,108.1,360.0,1.0,Rural,N
LP004836,Male,No,2,Graduate,No,5099,0.0,163.0,360.0,0.0,Semiurban,Y
LP004837,Female,Yes,0,Graduate,No,2253,4404.0,100.6,360.0,1.0,Semiurban,Y
LP004838,Male,No,0,Graduate,Yes,10350,0.0,190.0,360.0,0.0,Urban,Y
LP004839,Male,Yes,1,Not Graduate,No,2500,1931.0,141.7,180.0,1.0,Urban,N
LP004840,Male,Yes,2,Graduate,No,6729,0.0,197.6,360.0,1.0,Semiurban,Y
LP004841,Male,Yes,2,Not Graduate,No,3712,243.0,104.6,360.0,1.0,Semiurban,Y
LP004842,Male,Yes,0,Graduate,No,2115,3026.0,124.2,360.0,1.0,Semiurban,Y
LP004843,Male,No,0,Not Graduate,,7698,0.0,116.1,360.0,1.0,Rural,N
LP004844,Male,Yes,0,Graduate,No,3111,0.0,165.6,360.0,1.0,Rural,N
LP004845,Male,No,0,Graduate,No,6319,0.0,106.6,360.0,0.0,Rural,Y
LP004846,Male,Yes,0,Graduate,No,1015,2893.0,115.0,360.0,1.0,Rural,Y
LP004847,Male,No,0,Graduate,Yes,6977,0.0,83.4,360.0,1.0,Semiurban,Y
LP004848,Male,Yes,0,Graduate,No,4363,5531.0,258.9,360.0,1.0,Semiurban,Y
LP004849,Male,Yes,3+,Graduate,Yes,5445,1383.0,97.6,360.0,1.0,Rural,Y
LP004850,Male,Yes,2,Graduate,Yes,2775,0.0,110.0,360.0,0.0,Semiurban,N
LP004851,Male,No,0,Graduate,No,3892,4748.0,173.9,360.0,1.0,Urban,Y
LP004852,Male,Yes,0,Graduate,Yes,2482,2945.0,193.2,360.0,1.0,Urban,Y
LP004853,Male,No,0,Graduate,No,3674,5081.0,193.7,360.0,1.0,Semiurban,Y
LP004854,Male,Yes,1,Not Graduate,No,2595,6993.0,287.1,180.0,1.0,Semiurban,Y
LP004855,Male,Yes,1,Graduate,Yes,10267,0.0,149.6,360.0,1.0,Rural,N
LP004856,Female,No,1,Graduate,No,3568,0.0,156.9,36.0,1.0,Semiurban,N
LP004857,Male,Yes,2,Not Graduate,Yes,6439,963.0,181.3,360.0,1.0,Rural,N
LP004858,Male,Yes,0,Not Graduate,No,2383,2278.0,173.8,360.0,0.0,Urban,N
LP004859,Male,No,1,Graduate,No,2938,1974.0,107.0,180.0,0.0,Urban,N
LP004860,Female,Yes,0,Graduate,No,4383,0.0,115.7,360.0,1.0,Rural,N
LP004861,Male,No,2,Graduate,No,4394,0.0,140.4,360.0,1.0,Rural,Y
LP004862,Female,Yes,0,Not Graduate,No,4233,0.0,121.3,360.0,,Rural,Y
LP004863,Male,Yes,,Not Graduate,No,2978,1667.0,105.4,360.0,1.0,Semiurban,Y
LP004864,Male,Yes,0,Graduate,No,1021,5648.0,223.9,360.0,,Rural,Y
LP004865,Male,No,0,Graduate,,3272,2952.0,161.0,360.0,1.0,Urban,Y
LP004866,Male,Yes,0,Graduate,No,3893,1792.0,129.9,360.0,1.0,Semiurban,Y
LP004867,Male,No,0,Graduate,No,4734,3823.0,150.8,360.0,1.0,Semiurban,Y
LP004868,Male,Yes,0,Not Graduate,No,2428,2354.0,185.2,360.0,0.0,Urban,N
LP004869,Male,Yes,0,Graduate,No,3863,2086.0,119.8,360.0,1.0,Rural,Y
LP004870,Female,Yes,0,Graduate,No,4508,0.0,114.5,360.0,1.0,Rural,N
LP004871,Male,Yes,0,Graduate,No,2369,1965.0,,360.0,1.0,Urban,Y
LP004872,Male,Yes,3+,Graduate,No,2794,1988.0,94.5,360.0,1.0,Rural,Y
LP004873,Male,No,0,Graduate,No,3556,0.0,79.4,300.0,1.0,Semiurban,Y
LP004874,Male,Yes,3+,Graduate,No,2750,2018.0,93.7,360.0,1.0,Rural,Y
LP004875,Female,No,0,Graduate,No,4407,0.0,131.4,360.0,0.0,Semiurban,N
LP004876,Male,Yes,0,Graduate,No,15176,0.0,96.0,360.0,1.0,Semiurban,Y
LP004877,Male,Yes,2,Not Graduate,No,3604,233.0,105.0,360.0,1.0,Semiurban,Y
LP004878,Female,Yes,2,Graduate,No,1941,1579.0,115.8,480.0,1.0,Semiurban,Y
LP004879,Male,Yes,2,Graduate,No,5841,0.0,132.2,360.0,1.0,Semiurban,Y
LP004880,Male,Yes,0,Not Graduate,No,2965,545.0,67.4,360.0,1.0,Rural,N
LP004881,Male,Yes,0,Graduate,No,4400,5602.0,264.3,360.0,1.0,Semiurban,Y
LP004882,Female,No,0,Graduate,No,9511,1747.0,231.3,360.0,1.0,Rural,N
LP004883,Male,No,0,Graduate,Yes,6169,0.0,207.2,360.0,1.0,Rural,Y
LP004884,Female,Yes,1,Graduate,Yes,19904,0.0,603.3,360.0,1.0,Semiurban,Y
LP004885,Male,No,0,Not Graduate,No,3351,2192.0,122.6,180.0,0.0,Urban,N
LP004886,Male,Yes,0,Graduate,,3494,2452.0,132.5,360.0,1.0,Semiurban,Y
LP004887,Male,Yes,0,Graduate,No,3363,2306.0,139.0,360.0,1.0,Rural,N
LP004888,Male,Yes,0,Graduate,No,15225,2169.0,312.9,360.0,1.0,Rural,N
LP004889,Female,No,0,Graduate,No,2434,0.0,46.7,360.0,1.0,Rural,N
LP004890,Male,Yes,0,Graduate,No,6080,2561.0,183.8,360.0,,Rural,N
LP004891,,Yes,3+,Graduate,No,52139,0.0,672.8,300.0,1.0,Urban,Y
LP004892,Female,No,0,Graduate,Yes,4416,0.0,135.6,360.0,0.0,Semiurban,N
LP004893,Male,No,0,Graduate,No,2587,0.0,57.1,360.0,1.0,Urban,Y
LP004894,Female,Yes,0,Graduate,Yes,5418,0.0,103.0,360.0,0.0,Rural,N
LP004895,Male,Yes,1,Graduate,Yes,3431,2090.0,162.7,360.0,1.0,Semiurban,Y
LP004896,Male,Yes,1,Graduate,No,14833,0.0,184.3,180.0,1.0,Rural,Y
LP004897,Female,No,0,Graduate,No,7080,0.0,115.4,360.0,1.0,Rural,Y
LP004898,Male,Yes,0,Graduate,No,7706,1895.0,184.7,360.0,1.0,Rural,Y
LP004899,Male,No,0,Graduate,No,2559,1779.0,149.4,360.0,1.0,Rural,Y
LP004900,Male,Yes,0,Graduate,No,3760,1682.0,151.2,360.0,0.0,Rural,N
LP004901,Male,Yes,2,Graduate,No,6847,1807.0,230.8,300.0,1.0,Semiurban,Y
LP004902,Female,No,0,Graduate,Yes,2603,1723.0,102.6,300.0,1.0,Semiurban,N
LP004903,Female,No,0,Graduate,No,5052,0.0,128.0,360.0,1.0,Rural,Y
LP004904,Female,No,0,Graduate,No,2955,0.0,85.6,360.0,1.0,Semiurban,Y
LP004905,Male,No,0,Not Graduate,No,3985,2443.0,53.4,360.0,1.0,Rural,Y
LP004906,Male,Yes,1,Graduate,Yes,3494,1210.0,128.8,360.0,1.0,Rural,Y
LP004907,Female,Yes,1,Graduate,Yes,11711,0.0,288.0,360.0,0.0,Urban,Y
LP004908,Male,Yes,2,Graduate,,2563,1824.0,111.1,360.0,1.0,Urban,Y
LP004909,Female,No,0,Graduate,No,1534,1867.0,98.9,360.0,0.0,Semiurban,N
LP004910,Male,No,0,Graduate,No,6029,3528.0,305.0,360.0,1.0,Rural,N
LP004911,Female,No,0,Graduate,No,2071,0.0,99.3,360.0,0.0,Semiurban,N
LP004912,Male,Yes,0,Graduate,,5689,0.0,255.7,360.0,,Urban,N
LP004913,Male,Yes,0,Graduate,No,15236,0.0,440.8,360.0,1.0,Semiurban,Y
LP004914,Male,Yes,2,Not Graduate,No,3051,2249.0,124.0,360.0,1.0,Urban,Y
LP004915,Male,Yes,0,Graduate,No,4477,3587.0,,360.0,1.0,Semiurban,Y
LP004916,Female,Yes,2,Graduate,No,2036,1616.0,113.4,480.0,1.0,Semiurban,Y
LP004917,Male,Yes,1,Not Graduate,No,6349,0.0,133.6,180.0,1.0,Urban,Y
LP004918,Male,Yes,0,Graduate,No,2923,2930.0,92.6,300.0,,Urban,Y
LP004919,Male,Yes,0,Graduate,No,2519,2210.0,115.7,360.0,1.0,Semiurban,Y
LP004920,Male,No,0,Graduate,No,3171,3183.0,90.3,360.0,1.0,Rural,Y
LP004921,Female,No,0,Graduate,No,9784,1645.0,218.2,360.0,1.0,Rural,N
LP004922,Male,Yes,0,Graduate,No,6296,2191.0,257.0,360.0,,Semiurban,N
LP004923,Female,No,0,Graduate,No,4759,0.0,115.6,360.0,1.0,Semiurban,Y
LP004924,Male,Yes,2,Graduate,No,3836,0.0,94.2,360.0,1.0,Semiurban,Y
LP004925,Male,Yes,0,Not Graduate,No,1818,1046.0,97.2,360.0,1.0,Semiurban,Y
LP004926,Male,Yes,0,Graduate,No,8616,0.0,158.7,360.0,1.0,Semiurban,N
LP004927,Male,Yes,0,Graduate,No,2845,2075.0,107.2,360.0,1.0,Rural,Y
LP004928,Male,No,0,Graduate,No,6400,4196.0,200.7,360.0,0.0,Rural,Y
LP004929,Male,Yes,0,Graduate,Yes,2576,3052.0,193.3,360.0,1.0,Urban,Y
LP004930,Female,No,0,Not Graduate,No,4432,0.0,156.6,360.0,1.0,Rural,Y
LP004931,Female,No,1,Graduate,Yes,7289,0.0,,360.0,1.0,Semiurban,Y
LP004932,Male,No,0,Graduate,No,3291,2765.0,111.7,360.0,1.0,Urban,Y
LP004933,Female,No,1,Graduate,No,4631,0.0,81.3,360.0,1.0,Semiurban,N
LP004934,Male,Yes,3+,Not Graduate,No,2715,1558.0,175.8,360.0,1.0,Rural,N
LP004935,Male,Yes,2,Graduate,No,3379,1701.0,155.2,360.0,0.0,Rural,N
LP004936,Male,No,0,Not Graduate,No,2234,1414.0,103.4,480.0,0.0,Urban,N
LP004937,Male,Yes,0,Not Graduate,No,2169,2469.0,112.8,360.0,1.0,Urban,Y
LP004938,Male,Yes,1,Graduate,No,3076,2617.0,171.0,360.0,1.0,Semiurban,N
LP004939,Male,No,0,Graduate,No,5897,0.0,139.4,360.0,1.0,Rural,Y
LP004940,Female,No,0,Graduate,No,2946,0.0,84.4,360.0,1.0,Semiurban,Y
LP004941,Male,No,0,Graduate,No,2023,2216.0,134.2,360.0,1.0,Semiurban,Y
LP004942,Male,Yes,0,Graduate,No,1053,2743.0,115.2,360.0,1.0,Rural,Y
LP004943,Female,No,0,Graduate,No,4351,0.0,116.4,360.0,1.0,Semiurban,Y
LP004944,Male,No,0,Graduate,Yes,7061,0.0,170.6,180.0,1.0,Semiurban,Y
LP004945,Female,No,0,Graduate,No,2451,0.0,44.4,360.0,1.0,Rural,N
LP004946,Male,Yes,1,Not Graduate,No,3457,1605.0,110.3,180.0,1.0,Urban,Y
LP004947,Male,Yes,2,Not Graduate,No,4286,3368.0,127.8,180.0,1.0,Urban,Y
LP004948,Male,Yes,2,Graduate,Yes,6531,1293.0,106.4,360.0,1.0,Rural,Y
LP004949,Male,No,0,Graduate,No,2386,0.0,74.2,360.0,1.0,Urban,N
LP004950,Male,Yes,2,Graduate,,2379,1840.0,107.9,360.0,1.0,Urban,Y
LP004951,Female,No,1,Graduate,No,3786,0.0,116.3,360.0,1.0,Rural,Y
LP004952,Male,Yes,2,Not Graduate,No,3503,242.0,106.3,360.0,1.0,Semiurban,Y
LP004953,Male,No,0,Graduate,No,1881,1206.0,46.1,360.0,1.0,Urban,Y
LP004954,Male,Yes,0,Graduate,No,3747,3219.0,137.8,180.0,1.0,Rural,Y
LP004955,Male,Yes,0,Graduate,No,3004,15.0,87.1,360.0,1.0,Rural,Y
LP004956,Male,Yes,1,Graduate,No,9799,0.0,181.8,360.0,1.0,Urban,Y
LP004957,Male,Yes,3+,Not Graduate,No,3741,943.0,100.9,360.0,1.0,Semiurban,Y
LP004958,Male,Yes,3+,Graduate,No,7833,0.0,124.5,180.0,1.0,Urban,Y
LP004959,Male,Yes,0,Graduate,Yes,3302,0.0,25.2,120.0,1.0,Semiurban,Y
LP004960,Male,No,0,Not Graduate,No,3194,2312.0,129.3,180.0,0.0,Urban,N
LP004961,Male,Yes,0,Not Graduate,No,2219,1474.0,91.5,360.0,1.0,Urban,Y
LP004962,Male,Yes,2,Graduate,Yes,18237,0.0,397.4,360.0,1.0,Rural,Y
LP004963,Male,No,0,Graduate,No,3666,0.0,80.7,300.0,1.0,Semiurban,Y
LP004964,Male,No,0,Not Graduate,No,3793,1591.0,111.5,360.0,1.0,Rural,Y
LP004965,Female,No,0,Graduate,Yes,7223,0.0,193.5,360.0,1.0,Rural,N
LP004966,Male,No,0,Graduate,No,3310,2820.0,110.6,360.0,1.0,Urban,Y
LP004967,Male,Yes,0,Graduate,No,5930,2480.0,186.2,360.0,,Rural,N
LP004968,Male,No,0,Graduate,No,6237,0.0,140.7,360.0,1.0,Rural,Y
LP004969,Female,No,0,Not Graduate,No,4440,0.0,118.6,360.0,1.0,Semiurban,Y
LP004970,Male,No,0,Graduate,No,4033,3490.0,146.0,360.0,1.0,Rural,Y
LP004971,Male,Yes,0,Graduate,No,6337,3842.0,330.0,360.0,1.0,Urban,Y
LP004972,Male,No,0,Not Graduate,Yes,2581,2086.0,107.1,360.0,1.0,Rural,Y
LP004973,Female,No,0,Graduate,No,4293,0.0,119.3,360.0,1.0,Semiurban,Y
LP004974,Male,Yes,2,Graduate,No,4345,1434.0,163.4,360.0,1.0,Rural,Y
LP004975,Male,No,0,Not Graduate,No,3498,0.0,25.6,120.0,1.0,Semiurban,Y
LP004976,Male,Yes,3+,Not Graduate,No,1967,717.0,95.1,480.0,1.0,Semiurban,Y
LP004977,Male,Yes,,Graduate,Yes,5769,4643.0,71.6,,1.0,Semiurban,Y
LP004978,Female,No,0,Graduate,Yes,3603,0.0,121.3,360.0,,Urban,Y
LP004979,Male,Yes,0,Graduate,,3184,2503.0,129.0,360.0,1.0,Semiurban,Y
LP004980,Female,,,Graduate,No,10381,0.0,,240.0,1.0,Semiurban,Y
LP004981,Male,Yes,0,Graduate,No,2074,3036.0,126.5,360.0,1.0,Semiurban,Y
LP004982,Male,Yes,1,Graduate,,3627,2848.0,148.9,360.0,,Semiurban,N
LP004983,Female,Yes,0,Graduate,No,3286,2271.0,157.2,360.0,1.0,Semiurban,Y
LP004984,Male,Yes,3+,Not Graduate,No,3001,0.0,112.6,360.0,1.0,Rural,Y
LP004985,Male,Yes,3+,Graduate,No,9929,0.0,268.7,360.0,1.0,Rural,Y
LP004986,Male,Yes,0,Graduate,No,5952,3784.0,316.3,360.0,1.0,Urban,Y
LP004987,Male,Yes,3+,Graduate,No,3203,3907.0,185.2,300.0,0.0,Semiurban,N
LP004988,Male,No,0,Graduate,,3093,2927.0,163.3,360.0,1.0,Urban,Y
LP004989,Male,Yes,3+,Not Graduate,No,3538,0.0,81.3,180.0,1.0,Rural,N
LP004990,Male,Yes,2,Graduate,,2545,1901.0,108.1,360.0,1.0,Urban,Y
LP004991,Male,No,0,Graduate,No,3745,1623.0,,360.0,1.0,Rural,Y
LP004992,Male,Yes,2,Not Graduate,No,3995,1441.0,156.1,360.0,1.0,Rural,Y
LP004993,Male,Yes,2,Graduate,No,6230,5866.0,181.3,180.0,1.0,Semiurban,Y
LP004994,Female,No,1,Graduate,,3495,0.0,94.7,360.0,1.0,Semiurban,Y
LP004995,Male,Yes,3+,Graduate,No,4417,0.0,102.4,360.0,1.0,Urban,Y
LP004996,Male,Yes,2,Not Graduate,No,4575,0.0,109.0,360.0,1.0,Rural,Y
LP004997,Male,Yes,0,Graduate,No,5528,0.0,123.8,360.0,1.0,Rural,Y
LP004998,Male,Yes,0,Graduate,No,2403,0.0,72.1,360.0,,Urban,Y
LP004999,Male,Yes,1,Not Graduate,No,2664,6899.0,278.1,180.0,1.0,Semiurban,Y
LP005000,Male,Yes,0,Graduate,No,5841,2647.0,175.1,360.0,,Rural,N
LP005001,Male,Yes,2,Not Graduate,No,3331,2932.0,144.8,360.0,1.0,Urban,Y
LP005002,Male,Yes,3+,Not Graduate,No,2932,1640.0,70.0,180.0,0.0,Urban,N
LP005003,Female,No,0,Graduate,Yes,2660,1801.0,101.7,300.0,1.0,Semiurban,N
LP005004,Female,Yes,2,Graduate,No,2100,1593.0,113.7,480.0,1.0,Semiurban,Y
LP005005,Male,Yes,3+,Not Graduate,No,2960,1623.0,69.0,180.0,0.0,Urban,N
LP005006,Male,Yes,2,Graduate,,2476,2393.0,125.2,360.0,1.0,Rural,Y
LP005007,Male,No,0,Graduate,No,5784,4204.0,300.7,360.0,1.0,Semiurban,Y
LP005008,Male,No,0,Not Graduate,Yes,2496,2130.0,100.6,360.0,1.0,Rural,Y
LP005009,Male,Yes,2,Graduate,No,2606,1129.0,97.9,360.0,1.0,Semiurban,Y
LP005010,Male,Yes,0,Graduate,No,2974,2246.0,158.1,360.0,1.0,Rural,Y
LP005011,Male,Yes,0,Graduate,No,4184,0.0,116.1,360.0,1.0,Urban,Y
LP005012,Female,Yes,2,Graduate,No,1339,1934.0,168.7,360.0,1.0,Urban,N
LP005013,Male,Yes,0,Not Graduate,No,4001,0.0,118.0,180.0,1.0,Semiurban,Y
LP005014,Female,No,0,Graduate,No,9517,1677.0,225.2,360.0,1.0,Rural,N
LP005015,Female,Yes,0,Graduate,No,4160,2563.0,111.9,360.0,1.0,Urban,N
LP005016,Male,Yes,3+,Graduate,No,38687,0.0,590.9,180.0,0.0,Semiurban,Y
LP005017,Male,Yes,0,Graduate,No,9263,0.0,185.1,180.0,1.0,Rural,Y
LP005018,Female,No,0,Not Graduate,Yes,17281,0.0,228.0,360.0,1.0,Semiurban,Y
LP005019,Female,No,1,Graduate,No,3355,0.0,157.5,36.0,1.0,Semiurban,N
LP005020,Male,Yes,3+,Not Graduate,Yes,3307,2126.0,134.5,360.0,,Semiurban,Y
LP005021,Female,No,0,Graduate,No,1476,1749.0,100.7,360.0,0.0,Semiurban,N
LP005022,Male,Yes,0,Graduate,No,3129,1984.0,107.7,360.0,1.0,Rural,Y
LP005023,Male,Yes,3+,Not Graduate,No,4687,0.0,125.4,360.0,,Semiurban,N
LP005024,Male,Yes,1,Not Graduate,No,2483,2436.0,,360.0,1.0,Rural,Y
LP005025,Male,Yes,2,Not Graduate,No,4367,3173.0,128.5,180.0,1.0,Urban,Y
LP005026,Male,Yes,0,Not Graduate,No,2917,1595.0,99.2,480.0,0.0,Urban,N
LP005027,Male,Yes,2,Graduate,No,5192,0.0,128.7,360.0,1.0,Urban,Y
LP005028,Male,Yes,0,Graduate,No,2306,0.0,58.9,360.0,0.0,Urban,N
LP005029,Male,Yes,0,Graduate,No,3172,1461.0,135.8,360.0,1.0,Semiurban,Y
LP005030,Male,Yes,2,Graduate,No,2875,0.0,80.1,360.0,1.0,Semiurban,Y
LP005031,Female,No,0,Not Graduate,No,2817,0.0,83.1,,0.0,Urban,N
LP005032,Male,Yes,1,Graduate,No,2569,2151.0,106.4,360.0,1.0,Semiurban,Y
LP005033,Male,Yes,0,Not Graduate,Yes,2595,3498.0,159.3,180.0,0.0,Rural,N
LP005034,Male,Yes,2,Graduate,No,8324,0.0,253.3,360.0,1.0,Semiurban,Y
LP005035,Male,Yes,2,Not Graduate,No,5952,1588.0,189.0,480.0,1.0,Semiurban,N
LP005036,Male,Yes,0,Graduate,No,1995,3306.0,132.0,360.0,1.0,Semiurban,Y
LP005037,Male,No,0,Graduate,No,4717,1990.0,182.7,360.0,1.0,Semiurban,N
LP005038,Male,No,0,Graduate,No,3123,0.0,49.9,360.0,1.0,Urban,Y
LP005039,Male,Yes,2,Graduate,No,6218,5661.0,194.0,180.0,1.0,Semiurban,Y
LP005040,Male,Yes,2,Graduate,Yes,18270,0.0,392.7,360.0,1.0,Rural,Y
LP005041,Male,No,0,Graduate,Yes,7405,0.0,86.8,360.0,1.0,Semiurban,Y
LP005042,Male,No,,Graduate,No,2909,0.0,90.3,360.0,0.0,Semiurban,N
LP005043,Female,No,1,Graduate,No,13426,0.0,41.5,360.0,1.0,Urban,Y
LP005044,Male,Yes,0,Graduate,No,4588,0.0,72.0,180.0,1.0,Semiurban,Y
LP005045,Male,No,1,Graduate,,3804,0.0,110.6,180.0,1.0,Urban,Y
LP005046,Male,Yes,2,Not Graduate,No,5985,1677.0,184.5,480.0,1.0,Semiurban,N
LP005047,Female,No,0,Graduate,Yes,7071,0.0,201.1,360.0,1.0,Rural,N
LP005048,Male,No,0,Graduate,Yes,5845,4469.0,118.4,180.0,1.0,Urban,Y
LP005049,Male,Yes,0,Graduate,No,2954,3564.0,56.3,180.0,1.0,Semiurban,Y
LP005050,Male,Yes,1,Graduate,Yes,3386,2149.0,160.8,360.0,1.0,Semiurban,Y
LP005051,Male,Yes,0,Graduate,No,1873,1743.0,99.2,360.0,1.0,Urban,Y
LP005052,Female,No,0,Graduate,No,4241,0.0,113.2,360.0,0.0,Semiurban,N
LP005053,Male,Yes,2,Graduate,No,3011,8194.0,200.6,360.0,1.0,Urban,Y
LP005054,Male,Yes,1,Graduate,Yes,7754,0.0,246.7,360.0,1.0,Urban,Y
LP005055,Male,Yes,1,Not Graduate,No,2408,1976.0,135.0,180.0,1.0,Urban,N
LP005056,Male,No,0,Not Graduate,No,3837,0.0,113.4,360.0,1.0,Rural,Y
LP005057,Male,Yes,1,Graduate,Yes,8126,0.0,243.2,360.0,1.0,Urban,Y
LP005058,Male,Yes,2,Graduate,Yes,2619,4658.0,177.6,360.0,1.0,Rural,Y
LP005059,Male,Yes,3+,Not Graduate,No,3651,0.0,81.8,180.0,1.0,Rural,N
LP005060,Male,Yes,2,Graduate,No,4031,1489.0,155.4,360.0,1.0,Rural,Y
LP005061,Male,No,0,Graduate,No,3976,0.0,97.3,360.0,0.0,Semiurban,N
LP005062,Male,Yes,0,Not Graduate,No,2620,1779.0,109.6,360.0,1.0,Rural,Y
LP005063,Male,Yes,2,Graduate,No,3227,1395.0,111.2,360.0,1.0,Urban,Y
LP005064,Female,No,0,Graduate,No,2322,1876.0,103.8,360.0,0.0,Urban,N
LP005065,Male,Yes,0,Graduate,No,4373,0.0,70.2,180.0,1.0,Semiurban,Y
LP005066,Female,No,1,Graduate,No,13667,0.0,40.7,360.0,1.0,Urban,Y
LP005067,Male,Yes,0,Graduate,No,2650,1939.0,154.0,360.0,1.0,Rural,Y
LP005068,Male,No,0,Not Graduate,Yes,5749,0.0,132.3,360.0,1.0,Semiurban,Y
LP005069,Male,Yes,0,Graduate,No,3928,3355.0,137.6,180.0,1.0,Rural,Y
LP005070,Male,Yes,,Not Graduate,Yes,4610,0.0,143.4,360.0,1.0,Urban,N
LP005071,Female,,,Graduate,No,9629,0.0,,240.0,1.0,Semiurban,Y
LP005072,Female,No,0,Not Graduate,No,2793,0.0,78.7,,0.0,Urban,N
LP005073,Male,Yes,0,Not Graduate,No,2485,2363.0,183.0,360.0,0.0,Urban,N
LP005074,Male,Yes,0,Not Graduate,No,8034,0.0,104.7,360.0,0.0,Urban,Y
LP005075,Male,Yes,0,Not Graduate,No,2415,2220.0,185.1,360.0,0.0,Urban,N
LP005076,Female,No,0,Graduate,No,3040,0.0,69.8,360.0,0.0,Urban,N
LP005077,Male,,,Graduate,No,3905,757.0,163.3,360.0,1.0,Urban,Y
LP005078,Male,No,0,Graduate,No,12026,0.0,162.5,360.0,1.0,Semiurban,N
LP005079,Male,No,1,Not Graduate,No,3492,0.0,99.3,240.0,,Urban,Y
LP005080,Female,No,0,Graduate,No,10701,0.0,262.6,360.0,1.0,Urban,Y
LP005081,Male,Yes,0,Graduate,No,2506,2027.0,122.7,360.0,,Urban,Y
LP005082,Male,Yes,0,Graduate,No,14523,0.0,97.3,360.0,1.0,Semiurban,Y
LP005083,Male,Yes,1,Graduate,Yes,10084,3667.0,165.1,180.0,0.0,Urban,Y
LP005084,Male,Yes,0,Graduate,No,6018,2643.0,178.9,360.0,,Rural,N
LP005085,Male,Yes,,Graduate,No,5074,1415.0,170.3,360.0,0.0,Urban,N
LP005086,Female,Yes,0,Graduate,No,4186,2269.0,176.6,360.0,1.0,Semiurban,Y
LP005087,Male,No,0,Not Graduate,No,1472,0.0,35.4,360.0,1.0,Urban,N
LP005088,Female,Yes,0,Graduate,No,2584,2201.0,137.5,360.0,1.0,Semiurban,Y
LP005089,Male,Yes,1,Graduate,No,12375,10616.0,348.9,360.0,1.0,Semiurban,Y
LP005090,Male,Yes,1,Not Graduate,No,2398,2035.0,137.9,180.0,1.0,Urban,N
LP005091,Male,Yes,0,Graduate,,3537,0.0,42.0,180.0,1.0,Rural,Y
LP005092,Female,No,0,Graduate,No,1746,1664.0,52.5,360.0,1.0,Urban,Y
LP005093,Male,No,0,Graduate,Yes,11173,0.0,82.1,360.0,1.0,Urban,N
LP005094,Male,Yes,3+,Graduate,No,3239,4152.0,174.2,300.0,0.0,Semiurban,N
LP005095,Male,Yes,3+,Not Graduate,No,3622,0.0,81.5,180.0,1.0,Rural,N
LP005096,Male,Yes,3+,Not Graduate,No,2871,1646.0,67.7,180.0,0.0,Urban,N
LP005097,Male,Yes,2,Graduate,No,6413,0.0,199.4,360.0,1.0,Semiurban,Y
LP005098,Female,No,0,Graduate,No,2989,0.0,58.0,360.0,1.0,Urban,Y
LP005099,Male,Yes,2,Graduate,No,3194,1670.0,148.6,360.0,0.0,Rural,N
LP005100,Male,Yes,2,Not Graduate,No,3370,1969.0,101.7,360.0,,Semiurban,Y
LP005101,Male,Yes,2,Not Graduate,No,4495,3332.0,137.3,180.0,1.0,Urban,Y
LP005102,Male,Yes,3+,Graduate,No,2993,2517.0,152.6,360.0,0.0,Semiurban,N
LP005103,Male,No,0,Graduate,Yes,11278,0.0,83.9,360.0,1.0,Urban,N
LP005104,Male,Yes,0,Not Graduate,No,3814,1542.0,125.8,300.0,1.0,Semiurban,Y
LP005105,Male,Yes,2,Not Graduate,No,3208,2020.0,99.3,360.0,,Semiurban,Y
LP005106,Male,Yes,0,Graduate,No,2419,0.0,76.0,360.0,,Urban,Y
LP005107,Male,Yes,2,Graduate,No,4474,0.0,97.9,360.0,1.0,Urban,N
LP005108,Male,No,0,Graduate,No,3575,0.0,99.9,360.0,1.0,Urban,Y
LP005109,Female,No,0,Not Graduate,No,2242,0.0,65.4,360.0,1.0,Rural,Y
LP005110,Male,Yes,0,Graduate,No,2157,3147.0,123.8,360.0,1.0,Semiurban,Y
LP005111,Male,No,1,Not Graduate,No,3540,0.0,101.0,240.0,,Urban,Y
LP005112,Male,Yes,1,Graduate,No,1521,1465.0,30.0,360.0,1.0,Urban,Y
LP005113,Male,Yes,0,Graduate,No,4149,3420.0,203.3,360.0,1.0,Semiurban,Y
LP005114,Male,Yes,0,Graduate,,3832,0.0,41.9,180.0,1.0,Rural,Y
LP005115,Male,No,0,Not Graduate,No,6349,0.0,135.9,360.0,1.0,Rural,N
LP005116,Male,Yes,2,Graduate,No,6092,1670.0,215.1,360.0,1.0,Semiurban,Y
LP005117,Female,,,Graduate,No,10459,0.0,,240.0,1.0,Semiurban,Y
LP005118,Male,No,0,Not Graduate,No,3767,1624.0,110.3,360.0,1.0,Rural,Y
LP005119,Female,No,0,Graduate,No,10126,0.0,213.4,360.0,1.0,Semiurban,N
LP005120,Male,No,3+,Graduate,No,8735,0.0,186.1,360.0,1.0,Rural,Y
LP005121,Male,Yes,1,Graduate,Yes,2936,0.0,94.1,360.0,1.0,Semiurban,Y
LP005122,Male,Yes,3+,Graduate,No,6273,0.0,152.3,180.0,1.0,Rural,Y
LP005123,Male,Yes,0,Graduate,No,5893,2077.0,209.1,360.0,1.0,Rural,Y
LP005124,Male,No,0,Not Graduate,No,2657,2784.0,96.2,360.0,,Semiurban,Y
LP005125,Male,Yes,0,Graduate,No,7642,1922.0,181.4,360.0,1.0,Rural,Y
LP005126,Male,Yes,1,Graduate,No,6157,4234.0,341.5,360.0,,Urban,Y
LP005127,Male,Yes,0,Graduate,No,2725,5983.0,191.1,360.0,1.0,Rural,Y
LP005128,Male,No,0,Graduate,No,9151,4365.0,299.4,360.0,1.0,Rural,Y
LP005129,Female,No,0,Not Graduate,No,3295,0.0,92.5,360.0,1.0,Rural,N
LP005130,Male,Yes,1,Graduate,Yes,10217,0.0,150.0,360.0,1.0,Rural,N
LP005131,Male,Yes,2,Graduate,Yes,3370,3620.0,89.7,360.0,1.0,Urban,Y
LP005132,Male,Yes,0,Graduate,No,2741,1951.0,111.8,360.0,1.0,Rural,Y
LP005133,Male,No,0,Graduate,No,4877,0.0,128.8,,0.0,Rural,N
LP005134,Female,Yes,2,Graduate,No,4364,2479.0,127.2,360.0,,Semiurban,Y
LP005135,Male,Yes,1,Graduate,,5483,677.0,164.2,360.0,1.0,Rural,Y
LP005136,Male,No,0,Graduate,No,3010,2756.0,144.9,360.0,1.0,Semiurban,Y
LP005137,Male,Yes,3+,Graduate,No,5133,3295.0,206.0,360.0,1.0,Semiurban,Y
LP005138,Female,Yes,0,Graduate,No,4343,2458.0,111.9,360.0,1.0,Urban,N
LP005139,Male,Yes,0,Graduate,No,2924,2108.0,154.7,360.0,1.0,Rural,Y
LP005140,Male,Yes,2,Not Graduate,No,3767,238.0,108.6,360.0,1.0,Semiurban,Y
LP005141,Male,No,0,Graduate,No,6087,4325.0,301.3,360.0,1.0,Semiurban,Y
LP005142,Male,Yes,2,Graduate,Yes,2629,0.0,105.3,360.0,0.0,Semiurban,N
LP005143,Male,No,0,Graduate,No,2321,0.0,61.0,480.0,0.0,Semiurban,N
LP005144,Male,Yes,0,Graduate,No,146,1741.0,130.0,360.0,1.0,Rural,N
LP005145,Male,Yes,0,Graduate,No,4517,0.0,129.8,360.0,,Semiurban,Y
LP005146,Male,Yes,0,Graduate,No,5502,2161.0,176.4,360.0,1.0,Rural,N
LP005147,Male,Yes,0,Graduate,No,9027,0.0,181.7,180.0,1.0,Rural,Y
LP005148,Male,Yes,0,Graduate,No,19437,5368.0,560.3,360.0,1.0,Rural,Y
LP005149,Female,No,0,Graduate,No,9940,1639.0,221.8,360.0,1.0,Rural,N
LP005150,Male,Yes,1,Graduate,No,17543,0.0,502.5,360.0,1.0,Urban,N
LP005151,Male,No,1,Graduate,No,3085,2025.0,109.0,180.0,0.0,Urban,N
LP005152,Male,Yes,0,Graduate,No,4627,5841.0,246.8,360.0,1.0,Semiurban,Y
LP005153,Male,Yes,0,Graduate,No,9300,0.0,221.9,360.0,1.0,Semiurban,Y
LP005154,Male,Yes,0,Graduate,No,3529,1994.0,116.9,360.0,1.0,Rural,Y
LP005155,Male,Yes,0,Graduate,No,3719,1976.0,123.3,360.0,1.0,Rural,Y
LP005156,Male,Yes,0,Graduate,No,3104,0.0,167.1,360.0,1.0,Rural,N
LP005157,Male,Yes,3+,Graduate,Yes,5791,1388.0,101.7,360.0,1.0,Rural,Y
LP005158,Male,No,0,Graduate,No,2388,0.0,55.3,360.0,1.0,Semiurban,Y
LP005159,Male,No,0,Graduate,No,2949,1876.0,130.8,360.0,1.0,Rural,Y
LP005160,Male,No,0,Not Graduate,No,2810,0.0,63.8,300.0,1.0,Rural,N
LP005161,Male,Yes,0,Graduate,No,4603,0.0,71.0,180.0,1.0,Semiurban,Y
LP005162,Male,Yes,1,Graduate,No,18225,0.0,482.1,360.0,1.0,Urban,N
LP005163,Male,Yes,2,Graduate,No,2847,0.0,79.3,360.0,1.0,Semiurban,Y
LP005164,Male,Yes,0,Not Graduate,No,2205,2110.0,111.6,360.0,1.0,Rural,Y
LP005165,,Yes,3+,Graduate,No,53672,0.0,676.8,300.0,1.0,Urban,Y
LP005166,Male,Yes,0,Graduate,No,3853,1964.0,117.5,360.0,1.0,Rural,Y
LP005167,Male,No,0,Graduate,No,3562,0.0,102.8,360.0,1.0,Urban,Y
LP005168,Male,Yes,0,Not Graduate,No,3605,4071.0,153.0,,0.0,Rural,Y
LP005169,Female,No,0,Graduate,No,4257,0.0,42.5,360.0,1.0,Semiurban,Y
LP005170,Male,Yes,1,Not Graduate,No,2265,2500.0,123.4,360.0,1.0,Urban,Y
LP005171,Male,Yes,2,Graduate,No,3841,1727.0,111.9,360.0,1.0,Semiurban,Y
LP005172,Male,No,0,Graduate,No,4048,7014.0,190.5,360.0,1.0,Urban,Y
LP005173,Male,Yes,0,Not Graduate,No,2535,1754.0,110.0,360.0,1.0,Rural,Y
LP005174,Male,No,0,Not Graduate,No,3294,2544.0,123.3,,1.0,Rural,Y
LP005175,Male,No,0,Not Graduate,No,6758,0.0,134.4,360.0,1.0,Semiurban,Y
LP005176,Female,No,0,Graduate,No,9986,1700.0,225.1,360.0,1.0,Rural,N
LP005177,Female,No,0,Graduate,No,3318,0.0,69.6,360.0,0.0,Urban,N
LP005178,Male,Yes,,Not Graduate,No,2914,1752.0,104.2,360.0,1.0,Semiurban,Y
LP005179,Male,Yes,3+,Graduate,No,5372,3194.0,203.5,360.0,1.0,Semiurban,Y
LP005180,Female,No,0,Graduate,Yes,3447,0.0,125.7,360.0,,Urban,Y
LP005181,Male,Yes,1,Graduate,No,5307,1219.0,169.1,360.0,1.0,Rural,Y
LP005182,Male,Yes,3+,Not Graduate,No,4163,0.0,,180.0,1.0,Urban,N
LP005183,Female,No,3+,Graduate,No,3070,0.0,255.7,360.0,1.0,Rural,Y
LP005184,Male,No,,Graduate,No,2891,0.0,91.0,360.0,0.0,Semiurban,N
LP005185,Male,Yes,1,Graduate,No,3092,1820.0,135.6,360.0,1.0,Semiurban,Y
LP005186,Male,Yes,2,Graduate,,2466,2257.0,128.6,360.0,1.0,Rural,Y
LP005187,Male,No,1,Graduate,No,11214,0.0,190.7,360.0,,Semiurban,N
LP005188,Male,No,0,Graduate,No,6211,0.0,139.8,360.0,1.0,Rural,Y
LP005189,Female,Yes,1,Graduate,No,4807,2735.0,136.8,180.0,1.0,Semiurban,Y
LP005190,Male,Yes,1,Graduate,Yes,8123,0.0,242.0,360.0,1.0,Urban,Y
LP005191,Male,Yes,0,Graduate,No,2902,2198.0,153.7,360.0,1.0,Rural,Y
LP005192,Female,,,Graduate,No,9928,0.0,,240.0,1.0,Semiurban,Y
LP005193,Male,Yes,2,Graduate,No,2192,1006.0,77.3,180.0,1.0,Urban,Y
LP005194,Female,Yes,1,Graduate,Yes,20176,0.0,617.4,360.0,1.0,Semiurban,Y
LP005195,Male,Yes,1,Graduate,No,3351,2387.0,175.2,360.0,1.0,Semiurban,Y
LP005196,Male,Yes,0,Graduate,No,3054,2093.0,155.7,360.0,1.0,Rural,Y
LP005197,Male,Yes,0,Not Graduate,No,2213,2472.0,111.8,360.0,1.0,Urban,Y
LP005198,Male,Yes,0,Graduate,No,2482,2183.0,107.2,360.0,1.0,Semiurban,Y
LP005199,Male,Yes,0,Graduate,No,3864,2276.0,130.4,360.0,1.0,Semiurban,Y
LP005200,,Yes,0,Graduate,Yes,2179,4130.0,156.5,360.0,,Semiurban,Y
LP005201,Male,Yes,0,Graduate,No,3247,1292.0,77.6,360.0,1.0,Urban,Y
LP005202,Male,Yes,0,Graduate,No,5706,0.0,137.3,360.0,1.0,Rural,Y
LP005203,Male,Yes,3+,Graduate,No,2660,2110.0,97.9,360.0,1.0,Rural,Y
LP005204,Male,No,0,Graduate,No,6089,3799.0,304.8,360.0,1.0,Rural,N
LP005205,Male,Yes,0,Not Graduate,No,4645,0.0,131.7,360.0,1.0,Rural,N
LP005206,Male,Yes,0,Not Graduate,No,2577,1830.0,119.2,360.0,0.0,Semiurban,N
LP005207,Male,Yes,0,Not Graduate,No,5852,0.0,220.1,360.0,0.0,Rural,Y
LP005208,Female,No,2,Graduate,,3753,2140.0,122.4,360.0,1.0,Semiurban,Y
LP005209,Male,No,0,Not Graduate,,6984,0.0,117.3,360.0,1.0,Rural,N
LP005210,Male,No,0,Graduate,No,2476,0.0,97.7,480.0,1.0,Semiurban,N
LP005211,Male,No,1,Not Graduate,Yes,3939,2424.0,154.6,360.0,0.0,Urban,N
LP005212,Male,No,0,Graduate,No,3877,1650.0,,360.0,1.0,Rural,Y
LP005213,Male,,,Graduate,No,4993,0.0,164.2,480.0,1.0,Semiurban,Y
LP005214,Male,No,0,Graduate,No,5475,0.0,136.7,360.0,1.0,Urban,Y
LP005215,Male,Yes,3+,Graduate,No,4138,7869.0,294.5,360.0,1.0,Semiurban,Y
LP005216,Male,Yes,2,Graduate,No,5067,3821.0,228.8,360.0,1.0,Semiurban,Y
LP005217,Male,Yes,0,Graduate,Yes,37352,4539.0,117.6,360.0,1.0,Semiurban,Y
LP005218,Male,Yes,1,Graduate,No,1824,0.0,59.2,360.0,,Rural,N
LP005219,Male,Yes,1,Graduate,Yes,10959,3668.0,158.6,180.0,0.0,Urban,Y
LP005220,Male,Yes,1,Graduate,No,6001,4113.0,324.3,360.0,,Urban,Y
LP005221,Male,No,0,Graduate,No,5584,3844.0,316.8,360.0,1.0,Rural,N
LP005222,Male,Yes,2,Graduate,No,3407,1746.0,145.3,360.0,0.0,Rural,N
LP005223,Male,Yes,0,Graduate,No,4558,3624.0,,360.0,1.0,Semiurban,Y
LP005224,Male,Yes,0,Graduate,No,2034,3007.0,130.6,360.0,1.0,Semiurban,Y
LP005225,Male,Yes,0,Graduate,No,7955,1048.0,168.6,,1.0,Semiurban,Y
LP005226,Male,No,0,Not Graduate,No,2795,2872.0,93.7,360.0,,Semiurban,Y
LP005227,Male,Yes,3+,Graduate,No,4647,0.0,102.3,360.0,1.0,Semiurban,Y
LP005228,Male,Yes,1,Graduate,No,13457,11148.0,355.8,360.0,1.0,Semiurban,Y
LP005229,Female,No,0,Graduate,Yes,7552,0.0,193.6,360.0,1.0,Rural,N
LP005230,Male,Yes,,Not Graduate,No,2944,1721.0,101.2,360.0,1.0,Semiurban,Y
LP005231,Male,Yes,1,Graduate,No,2374,1965.0,104.9,360.0,1.0,Semiurban,Y
LP005232,Male,Yes,0,Graduate,No,5509,4631.0,256.1,360.0,1.0,Semiurban,Y
LP005233,Female,Yes,0,Graduate,,2967,2384.0,137.0,360.0,1.0,Semiurban,Y
LP005234,Male,Yes,2,Graduate,No,3195,7777.0,202.2,360.0,1.0,Urban,Y
LP005235,Male,Yes,0,Graduate,No,2614,2143.0,119.4,360.0,,Urban,Y
LP005236,Male,No,0,Graduate,No,6053,4321.0,202.2,360.0,0.0,Rural,Y
LP005237,Male,No,,Graduate,No,2872,0.0,90.9,360.0,0.0,Semiurban,N
LP005238,Female,No,0,Graduate,No,8619,0.0,286.2,360.0,1.0,Semiurban,Y
LP005239,Male,Yes,0,Not Graduate,,2789,2865.0,149.5,360.0,1.0,Rural,Y
LP005240,Male,Yes,2,Graduate,Yes,5757,0.0,144.3,84.0,,Rural,Y
LP005241,Male,Yes,0,Not Graduate,No,4260,0.0,116.0,360.0,,Rural,Y
LP005242,Male,Yes,2,Graduate,,2395,1847.0,111.9,360.0,1.0,Urban,Y
LP005243,Male,No,0,Graduate,No,2521,0.0,59.5,360.0,1.0,Urban,Y
LP005244,Male,No,0,Graduate,No,1888,2734.0,111.0,360.0,1.0,Rural,N
LP005245,Male,Yes,2,Graduate,Yes,1574,20053.0,229.8,360.0,1.0,Urban,Y
LP005246,Male,No,0,Graduate,No,1871,1831.0,48.1,360.0,1.0,Semiurban,Y
LP005247,Male,Yes,3+,Graduate,No,9024,4836.0,130.1,360.0,1.0,Rural,Y
LP005248,Male,Yes,0,Graduate,,2526,3619.0,117.2,,1.0,Urban,Y
LP005249,Male,Yes,0,Graduate,No,2306,1447.0,100.8,360.0,1.0,Urban,Y
LP005250,Female,No,0,Graduate,No,4501,0.0,133.0,360.0,0.0,Semiurban,N
LP005251,Female,No,0,Graduate,No,9647,0.0,211.0,360.0,1.0,Semiurban,N
LP005252,Male,Yes,2,Not Graduate,No,4477,3201.0,130.0,180.0,1.0,Urban,Y
LP005253,Male,No,0,Graduate,No,1950,1834.0,73.4,360.0,1.0,Urban,Y
LP005254,Male,Yes,0,Graduate,,3355,2399.0,128.6,360.0,1.0,Semiurban,Y
LP005255,Male,No,0,Graduate,No,1989,1889.0,75.1,360.0,1.0,Urban,Y
LP005256,Male,Yes,0,Graduate,,2720,3343.0,119.3,,1.0,Urban,Y
LP005257,Male,No,0,Not Graduate,,2492,2061.0,130.3,360.0,1.0,Rural,Y
LP005258,Male,Yes,,Not Graduate,Yes,4687,0.0,138.8,360.0,1.0,Urban,N
LP005259,Male,Yes,2,Not Graduate,No,2391,0.0,115.1,360.0,1.0,Rural,N
LP005260,Female,Yes,2,Not Graduate,,210,2796.0,101.5,360.0,1.0,Semiurban,Y
LP005261,Female,No,0,Graduate,Yes,7442,0.0,187.5,360.0,1.0,Rural,N
LP005262,Male,No,2,Graduate,No,4803,0.0,159.4,360.0,0.0,Semiurban,Y
LP005263,Female,Yes,0,Graduate,No,3740,1488.0,138.6,360.0,1.0,Semiurban,Y
LP005264,Male,Yes,0,Graduate,No,2267,2042.0,58.3,360.0,,Rural,Y
LP005265,Male,Yes,0,Graduate,No,2035,1520.0,98.0,360.0,1.0,Semiurban,Y
LP005266,Male,Yes,0,Graduate,,2625,3431.0,113.8,,1.0,Urban,Y
LP005267,Male,No,0,Graduate,No,2788,1930.0,126.5,360.0,1.0,Rural,Y
LP005268,Male,Yes,0,Graduate,No,5820,2172.0,175.2,360.0,1.0,Rural,N
LP005269,Female,Yes,0,Graduate,No,3293,0.0,34.8,360.0,1.0,Semiurban,Y
LP005270,Male,Yes,3+,Graduate,No,3540,3520.0,147.9,360.0,1.0,Rural,Y
LP005271,Male,Yes,0,Graduate,No,2291,0.0,57.7,360.0,0.0,Urban,N
LP005272,Male,Yes,2,Graduate,Yes,17792,0.0,387.5,360.0,1.0,Rural,Y
LP005273,Male,No,0,Graduate,No,5597,3534.0,318.8,360.0,1.0,Rural,N
LP005274,Male,Yes,,Graduate,Yes,5649,4640.0,71.8,,1.0,Semiurban,Y
LP005275,Female,Yes,1,Graduate,Yes,11166,0.0,292.9,360.0,0.0,Urban,Y
LP005276,Male,No,0,Graduate,No,6172,4198.0,212.8,360.0,0.0,Rural,Y
LP005277,Male,No,0,Not Graduate,,2631,1983.0,129.0,360.0,1.0,Rural,Y
LP005278,Male,Yes,0,Graduate,No,7961,0.0,278.8,360.0,1.0,Urban,N
LP005279,Male,Yes,0,Graduate,No,3997,3338.0,143.9,180.0,1.0,Rural,Y
LP005280,Male,No,0,Graduate,,2894,2057.0,121.6,360.0,1.0,Rural,Y
LP005281,Male,Yes,0,Graduate,No,2408,2241.0,58.1,360.0,,Rural,Y
LP005282,Male,Yes,2,Not Graduate,No,3217,2724.0,142.4,360.0,1.0,Urban,Y
LP005283,Female,No,1,Graduate,No,3591,0.0,114.1,360.0,,Semiurban,Y
LP005284,Female,No,0,Graduate,No,10262,0.0,210.6,360.0,1.0,Semiurban,N
LP005285,Female,No,0,Graduate,No,4585,0.0,115.4,360.0,1.0,Semiurban,Y
LP005286,Male,Yes,2,Graduate,No,3711,3779.0,214.8,360.0,0.0,Urban,N
LP005287,Male,No,0,Graduate,No,3574,0.0,111.0,480.0,1.0,Urban,N
LP005288,Female,No,0,Graduate,No,2056,0.0,102.8,360.0,0.0,Semiurban,N
LP005289,Male,Yes,2,Graduate,Yes,5816,0.0,141.2,84.0,,Rural,Y
LP005290,Female,Yes,0,Graduate,No,3304,2311.0,151.7,360.0,1.0,Semiurban,Y
LP005291,Male,Yes,0,Not Graduate,No,4743,0.0,129.4,360.0,1.0,Rural,N
LP005292,Male,No,0,Graduate,No,6652,0.0,107.7,360.0,0.0,Rural,Y
LP005293,Male,Yes,0,Graduate,No,2721,6286.0,188.3,360.0,1.0,Rural,Y
LP005294,Male,Yes,0,Graduate,No,4609,0.0,73.7,180.0,1.0,Semiurban,Y
LP005295,Male,Yes,0,Not Graduate,No,3632,3932.0,155.9,,0.0,Rural,Y
LP005296,Male,Yes,0,Graduate,No,4744,0.0,72.1,180.0,1.0,Semiurban,Y
LP005297,Female,No,0,Not Graduate,No,4245,0.0,150.2,360.0,1.0,Rural,Y
LP005298,Female,Yes,0,Graduate,No,2282,4384.0,97.6,360.0,1.0,Semiurban,Y
LP005299,Male,Yes,0,Not Graduate,No,3393,4288.0,154.8,,0.0,Rural,Y
LP005300,Male,Yes,2,Graduate,Yes,17290,999.0,151.4,360.0,1.0,Rural,Y
LP005301,Female,No,0,Graduate,No,5208,0.0,128.9,360.0,1.0,Rural,Y
LP005302,Male,Yes,1,Graduate,No,2272,1420.0,82.6,360.0,,Urban,Y
LP005303,Male,Yes,0,Not Graduate,No,1784,1092.0,95.0,360.0,1.0,Semiurban,Y
LP005304,Male,Yes,2,Not Graduate,No,2873,0.0,45.5,180.0,0.0,Urban,N
LP005305,Female,No,0,Not Graduate,No,1831,2308.0,115.2,,1.0,Urban,Y
LP005306,Male,Yes,3+,Not Graduate,No,4692,0.0,123.1,360.0,,Semiurban,N
LP005307,Male,Yes,1,Graduate,No,5714,0.0,43.6,360.0,1.0,Urban,Y
LP005308,Male,No,0,Not Graduate,No,4081,1678.0,110.7,360.0,1.0,Rural,Y
LP005309,Male,Yes,0,Graduate,No,4043,2721.0,164.5,360.0,1.0,Semiurban,Y
LP005310,Male,Yes,1,Graduate,Yes,1019,2920.0,109.4,360.0,1.0,Urban,N
LP005311,Male,Yes,2,Graduate,No,2837,0.0,82.2,360.0,1.0,Semiurban,Y
LP005312,Male,Yes,3+,Graduate,Yes,5147,1711.0,187.3,360.0,1.0,Semiurban,Y
LP005313,Female,Yes,0,Graduate,No,4500,0.0,87.2,360.0,1.0,Rural,N
LP005314,Male,Yes,0,Not Graduate,,2970,2779.0,150.8,360.0,1.0,Rural,Y
LP005315,Female,No,0,Graduate,No,1545,1779.0,103.8,360.0,0.0,Semiurban,N
LP005316,Male,Yes,0,Not Graduate,No,3770,1514.0,123.9,300.0,1.0,Semiurban,Y
LP005317,Male,No,0,Graduate,No,6231,4225.0,203.9,360.0,0.0,Rural,Y
LP005318,Male,Yes,2,Graduate,No,15906,0.0,280.5,360.0,1.0,Urban,Y
LP005319,Male,Yes,2,Graduate,Yes,3246,3665.0,86.4,360.0,1.0,Urban,Y
LP005320,Female,No,0,Graduate,No,3980,2164.0,142.6,360.0,1.0,Semiurban,Y
LP005321,Male,Yes,1,Not Graduate,No,2559,7172.0,276.2,180.0,1.0,Semiurban,Y
LP005322,Male,Yes,0,Graduate,No,5895,2066.0,206.7,360.0,1.0,Rural,Y
LP005323,Male,Yes,0,Graduate,No,2760,4142.0,120.3,360.0,1.0,Rural,Y
LP005324,Male,No,0,Not Graduate,No,3385,0.0,79.8,36.0,1.0,Semiurban,N
LP005325,Male,Yes,,Not Graduate,No,2753,1688.0,107.1,360.0,1.0,Semiurban,Y
LP005326,Male,Yes,2,Graduate,No,6338,0.0,209.3,360.0,1.0,Semiurban,Y
LP005327,Male,Yes,0,Graduate,No,6316,4717.0,251.9,360.0,,Semiurban,Y
LP005328,Female,Yes,0,Graduate,No,2608,3573.0,120.9,360.0,0.0,Urban,N
LP005329,Male,Yes,3+,Not Graduate,No,4687,0.0,98.0,,0.0,Semiurban,N
LP005330,Male,Yes,1,Graduate,No,6100,4157.0,319.7,360.0,,Urban,Y
LP005331,Female,No,,Graduate,No,3845,0.0,115.7,180.0,1.0,Urban,Y
LP005332,Male,No,0,Graduate,No,1890,33627.0,91.8,360.0,1.0,Urban,Y
LP005333,Male,Yes,0,Not Graduate,,2847,2751.0,156.4,360.0,1.0,Rural,Y
LP005334,Male,Yes,3+,Not Graduate,No,5081,0.0,123.9,360.0,,Semiurban,N
LP005335,Male,Yes,0,Graduate,No,2344,3191.0,170.6,360.0,1.0,Semiurban,Y
LP005336,Female,No,0,Graduate,No,2395,0.0,56.0,360.0,1.0,Rural,Y
LP005337,Male,Yes,1,Graduate,No,8115,244.0,263.0,360.0,1.0,Urban,Y
LP005338,Male,No,0,Graduate,No,1932,5227.0,65.3,360.0,,Rural,Y
LP005339,Male,Yes,0,Graduate,No,3143,2973.0,98.7,300.0,,Urban,Y
LP005340,Male,Yes,0,Graduate,No,2436,2242.0,57.4,360.0,,Rural,Y
LP005341,Female,No,0,Graduate,No,2477,0.0,8.8,360.0,1.0,Urban,N
LP005342,Female,No,1,Graduate,,3801,0.0,94.3,360.0,1.0,Semiurban,Y
LP005343,Male,No,0,Not Graduate,No,3873,0.0,111.0,360.0,1.0,Rural,Y
LP005344,Male,No,0,Graduate,No,2533,1707.0,141.7,360.0,1.0,Rural,Y
LP005345,Female,No,0,Not Graduate,No,2225,0.0,64.9,360.0,1.0,Rural,Y
LP005346,Male,Yes,0,Not Graduate,No,2360,2065.0,113.1,360.0,1.0,Rural,Y
LP005347,Female,No,0,Graduate,No,2442,0.0,47.8,360.0,1.0,Rural,N
LP005348,Female,Yes,2,Graduate,No,4114,2370.0,125.2,360.0,,Semiurban,Y
LP005349,Male,Yes,1,Graduate,No,3175,1273.0,117.6,360.0,0.0,Semiurban,N
LP005350,Female,Yes,2,Graduate,No,4141,2372.0,130.0,360.0,,Semiurban,Y
LP005351,Female,No,1,Graduate,No,2860,1522.0,90.7,360.0,1.0,Urban,Y
LP005352,Female,No,0,Graduate,No,1456,1838.0,99.7,360.0,0.0,Semiurban,N
LP005353,Male,No,0,Graduate,No,1952,5175.0,69.4,360.0,,Rural,Y
LP005354,Male,Yes,2,Not Graduate,No,4064,0.0,119.8,360.0,1.0,Semiurban,Y
LP005355,Male,No,0,Graduate,No,1797,33100.0,90.9,360.0,1.0,Urban,Y
LP005356,Male,Yes,1,Graduate,No,5239,1066.0,25.8,360.0,1.0,Semiurban,Y
LP005357,Male,Yes,2,Graduate,No,6124,1663.0,211.0,360.0,1.0,Semiurban,Y
LP005358,Male,No,0,Not Graduate,No,3899,0.0,107.5,360.0,1.0,Rural,Y
LP005359,Male,Yes,0,Graduate,No,1778,1910.0,91.4,360.0,1.0,Urban,Y
LP005360,Male,No,0,Graduate,No,3578,4872.0,193.9,360.0,1.0,Semiurban,Y
LP005361,Male,No,2,Graduate,No,3474,0.0,109.6,360.0,0.0,Rural,N
LP005362,Male,Yes,1,Graduate,No,3124,2497.0,170.3,360.0,1.0,Semiurban,N
LP005363,Male,No,0,Graduate,No,4578,1879.0,181.1,360.0,1.0,Semiurban,N
LP005364,Female,No,0,Graduate,No,4399,0.0,140.3,360.0,0.0,Semiurban,N
LP005365,Male,No,0,Not Graduate,No,3736,1681.0,113.1,360.0,1.0,Rural,Y
LP005366,Male,Yes,3+,Not Graduate,No,4057,0.0,,180.0,1.0,Urban,N
LP005367,Male,Yes,1,Graduate,No,1497,1445.0,30.7,360.0,1.0,Urban,Y
LP005368,Male,Yes,1,Not Graduate,No,2650,1484.0,113.4,180.0,0.0,Rural,N
LP005369,Female,Yes,0,Graduate,No,3342,2697.0,117.1,360.0,,Semiurban,Y
LP005370,Male,Yes,0,Graduate,No,2725,4245.0,117.6,360.0,1.0,Rural,Y
LP005371,Male,Yes,1,Not Graduate,No,5570,1152.0,185.7,360.0,,Urban,Y
LP005372,Male,No,0,Graduate,No,5642,0.0,168.5,360.0,1.0,Urban,Y
LP005373,Female,No,0,Graduate,No,2527,0.0,56.0,360.0,1.0,Rural,Y
LP005374,Male,Yes,0,Graduate,No,9288,0.0,76.8,180.0,1.0,Urban,Y
LP005375,Male,Yes,2,Graduate,Yes,5928,0.0,146.0,84.0,,Rural,Y
LP005376,Male,Yes,0,Not Graduate,No,7800,0.0,100.9,360.0,0.0,Urban,Y
LP005377,Male,Yes,1,Graduate,Yes,2319,0.0,,360.0,1.0,Semiurban,Y
LP005378,Male,Yes,2,Graduate,No,6749,0.0,202.5,360.0,1.0,Semiurban,Y
LP005379,Male,No,0,Graduate,Yes,20022,0.0,641.6,480.0,,Urban,Y
LP005380,Male,Yes,0,Graduate,Yes,9653,0.0,180.9,360.0,1.0,Rural,Y
LP005381,Male,No,0,Graduate,No,3912,2542.0,137.7,360.0,1.0,Rural,Y
LP005382,Female,No,0,Graduate,Yes,15392,0.0,53.3,360.0,1.0,Semiurban,Y
LP005383,Male,No,0,Graduate,Yes,7180,0.0,129.6,360.0,1.0,Urban,Y
LP005384,Male,Yes,0,Graduate,No,7138,8049.0,179.9,300.0,,Rural,Y
LP005385,Male,Yes,0,Graduate,No,14319,0.0,99.3,360.0,1.0,Semiurban,Y
LP005386,Male,Yes,0,Not Graduate,No,1792,989.0,101.7,360.0,1.0,Semiurban,Y
LP005387,Male,Yes,3+,Graduate,No,5561,11585.0,506.1,360.0,0.0,Semiurban,Y
LP005388,Male,No,0,Graduate,No,2492,0.0,72.8,360.0,1.0,Urban,N
LP005389,Male,No,0,Graduate,No,4829,0.0,133.7,360.0,0.0,Rural,Y
LP005390,Male,No,,Graduate,No,2848,0.0,87.3,360.0,0.0,Semiurban,N
LP005391,Female,No,0,Graduate,No,3970,0.0,117.1,360.0,1.0,Semiurban,Y
LP005392,,No,3+,Graduate,Yes,9745,0.0,292.7,360.0,1.0,Semiurban,Y
LP005393,Male,Yes,2,Graduate,No,16655,0.0,282.2,360.0,1.0,Urban,Y
LP005394,Male,Yes,2,Graduate,No,16588,0.0,273.4,360.0,1.0,Urban,Y
LP005395,Female,Yes,0,Graduate,Yes,5245,0.0,101.3,360.0,0.0,Rural,N
LP005396,Male,Yes,2,Not Graduate,No,4322,999.0,110.5,360.0,1.0,Urban,Y
LP005397,Male,Yes,0,Graduate,No,2406,0.0,73.0,360.0,,Urban,Y
LP005398,Male,Yes,0,Graduate,No,1765,1647.0,103.7,360.0,1.0,Urban,Y
LP005399,Male,No,,Graduate,No,2870,0.0,88.2,360.0,0.0,Semiurban,N
LP005400,Male,Yes,2,Graduate,No,2021,1538.0,101.4,360.0,1.0,Rural,Y
LP005401,Male,No,1,Not Graduate,No,2769,1293.0,97.1,360.0,1.0,Semiurban,Y
LP005402,Female,No,0,Graduate,No,3005,0.0,71.7,360.0,1.0,Rural,Y
LP005403,Female,No,0,Not Graduate,Yes,17440,0.0,221.4,360.0,1.0,Semiurban,Y
LP005404,Female,No,0,Not Graduate,No,1950,2365.0,118.0,,1.0,Urban,Y
LP005405,Female,No,0,Graduate,No,2788,0.0,71.0,360.0,1.0,Rural,Y
LP005406,,Yes,0,Graduate,No,3114,2240.0,140.0,360.0,0.0,Semiurban,N
LP005407,Female,Yes,2,Graduate,No,2064,1598.0,115.7,480.0,1.0,Semiurban,Y
LP005408,Male,Yes,0,Graduate,No,2066,6806.0,72.6,180.0,1.0,Semiurban,Y
LP005409,Male,Yes,1,Graduate,No,6181,5438.0,304.2,360.0,1.0,Urban,Y
LP005410,Female,Yes,0,Graduate,,2839,2410.0,136.4,360.0,1.0,Semiurban,Y
LP005411,Male,Yes,0,Graduate,No,2092,1602.0,92.8,360.0,1.0,Semiurban,Y
LP005412,Male,Yes,0,Graduate,No,5795,4633.0,263.2,360.0,1.0,Semiurban,Y
LP005413,Male,Yes,0,Graduate,No,2004,968.0,48.6,360.0,1.0,Semiurban,Y
LP005414,Male,Yes,0,Graduate,No,2751,1947.0,118.1,360.0,1.0,Semiurban,Y
LP005415,Male,No,0,Graduate,No,3604,0.0,100.5,360.0,1.0,Urban,Y
LP005416,Male,No,0,Graduate,No,2448,2522.0,135.0,360.0,1.0,Semiurban,Y
LP005417,Female,No,0,Not Graduate,No,2172,0.0,71.2,360.0,1.0,Semiurban,Y
LP005418,Male,Yes,3+,Not Graduate,No,3163,0.0,73.9,360.0,1.0,Semiurban,Y
LP005419,Female,No,,Graduate,No,5677,0.0,142.1,480.0,0.0,Urban,N
LP005420,Male,Yes,1,Graduate,No,3499,1770.0,184.9,360.0,1.0,Urban,Y
LP005421,Male,Yes,3+,Graduate,No,3949,0.0,41.2,180.0,1.0,Rural,Y
LP005422,Male,No,0,Graduate,No,3041,5470.0,153.7,60.0,1.0,Urban,Y
LP005423,Male,Yes,2,Not Graduate,No,3526,252.0,106.6,360.0,1.0,Semiurban,Y
LP005424,Male,No,0,Graduate,No,3017,0.0,73.0,360.0,1.0,Urban,N
LP005425,Male,No,3+,Graduate,No,9078,0.0,180.5,360.0,1.0,Rural,Y
LP005426,Male,Yes,0,Graduate,No,4190,3431.0,213.0,360.0,1.0,Semiurban,Y
LP005427,Male,Yes,3+,Graduate,No,4141,0.0,97.2,360.0,1.0,Urban,Y
LP005428,Male,Yes,2,Not Graduate,No,2320,0.0,116.7,360.0,1.0,Rural,N
LP005429,Female,No,0,Graduate,No,5804,0.0,153.3,360.0,1.0,Urban,Y
LP005430,Male,Yes,1,Graduate,No,10991,0.0,322.0,360.0,1.0,Urban,Y
LP005431,Male,Yes,3+,Not Graduate,Yes,5706,0.0,133.0,360.0,1.0,Rural,Y
LP005432,Male,Yes,0,Graduate,No,4903,927.0,120.8,180.0,1.0,Urban,Y
LP005433,Male,Yes,1,Graduate,Yes,7555,0.0,243.3,360.0,1.0,Urban,Y
LP005434,Male,Yes,3+,Graduate,No,3244,4180.0,177.5,300.0,0.0,Semiurban,N
LP005435,Male,No,0,Graduate,No,3858,4163.0,173.0,360.0,1.0,Rural,Y
LP005436,Male,Yes,0,Graduate,,3388,2381.0,125.9,360.0,1.0,Semiurban,Y
LP005437,Male,Yes,0,Graduate,No,3363,2098.0,133.9,360.0,1.0,Rural,N
LP005438,Male,Yes,0,Graduate,Yes,9964,0.0,195.0,360.0,1.0,Semiurban,Y
LP005439,Male,Yes,2,Not Graduate,No,4426,0.0,107.7,360.0,1.0,Rural,Y
LP005440,Male,Yes,0,Graduate,No,5857,4635.0,265.0,360.0,1.0,Semiurban,Y
LP005441,Male,Yes,1,Not Graduate,No,2764,6789.0,276.2,180.0,1.0,Semiurban,Y
LP005442,Male,Yes,0,Graduate,No,3768,2443.0,134.3,360.0,1.0,Semiurban,Y
LP005443,Female,Yes,0,Graduate,No,2471,2219.0,141.8,360.0,1.0,Semiurban,Y
LP005444,Male,Yes,0,Not Graduate,No,2381,2287.0,183.6,360.0,0.0,Urban,N
LP005445,Male,Yes,,Not Graduate,Yes,4766,0.0,139.6,360.0,1.0,Urban,N
LP005446,Female,,,Graduate,No,10197,0.0,,240.0,1.0,Semiurban,Y
LP005447,Female,No,3+,Graduate,,407,43010.0,355.9,180.0,,Urban,Y
LP005448,Male,No,0,Graduate,No,3056,0.0,73.4,480.0,1.0,Urban,N
LP005449,Male,Yes,3+,Graduate,No,5394,10982.0,485.0,360.0,0.0,Semiurban,Y
LP005450,Female,No,1,Not Graduate,No,4545,0.0,81.7,360.0,1.0,Rural,N
LP005451,Female,No,0,Graduate,No,3633,1623.0,133.9,360.0,1.0,Rural,Y
LP005452,Male,Yes,1,Not Graduate,No,4206,5377.0,132.6,360.0,,Rural,Y
LP005453,Male,Yes,3+,Graduate,No,4120,1770.0,155.2,360.0,0.0,Urban,Y
LP005454,Male,Yes,1,Graduate,No,4446,2915.0,169.6,84.0,1.0,Rural,N
LP005455,Male,Yes,3+,Graduate,No,3057,2442.0,158.8,360.0,0.0,Semiurban,N
LP005456,,No,0,Graduate,No,3522,0.0,98.9,360.0,1.0,Urban,N
LP005457,Male,Yes,2,Graduate,Yes,16893,1013.0,153.5,360.0,1.0,Rural,Y
LP005458,Male,Yes,1,Graduate,No,6880,0.0,200.9,360.0,1.0,Semiurban,Y
LP005459,Male,Yes,2,Graduate,No,4166,1514.0,152.6,360.0,1.0,Rural,Y
LP005460,Male,Yes,2,Graduate,No,8008,0.0,241.8,360.0,1.0,Semiurban,Y
LP005461,Male,Yes,2,Not Graduate,Yes,6312,1033.0,185.0,360.0,1.0,Rural,N
LP005462,Male,Yes,2,Not Graduate,Yes,1826,1834.0,97.9,360.0,1.0,Semiurban,Y
LP005463,Male,No,0,Graduate,No,3171,0.0,67.6,360.0,1.0,Urban,Y
LP005464,Male,Yes,0,Graduate,No,3832,2632.0,162.4,360.0,1.0,Semiurban,Y
LP005465,Female,No,0,Graduate,Yes,3320,0.0,125.9,360.0,,Urban,Y
LP005466,Male,Yes,0,Graduate,No,4538,3570.0,,360.0,1.0,Semiurban,Y
LP005467,Male,No,0,Graduate,No,3278,0.0,129.1,360.0,1.0,Semiurban,N
LP005468,Male,Yes,0,Not Graduate,No,2356,2444.0,185.3,360.0,0.0,Urban,N
LP005469,,Yes,0,Graduate,No,16189,0.0,111.6,360.0,1.0,Semiurban,Y
LP005470,Male,Yes,0,Graduate,No,2607,2385.0,87.9,180.0,0.0,Rural,Y
LP005471,Male,Yes,3+,Graduate,No,4117,1785.0,155.0,360.0,0.0,Urban,Y
LP005472,Male,No,1,Graduate,,3717,0.0,116.0,180.0,1.0,Urban,Y
LP005473,Male,No,0,Not Graduate,No,2261,1636.0,134.1,360.0,1.0,Semiurban,Y
LP005474,Male,Yes,0,Graduate,No,15300,2197.0,305.8,360.0,1.0,Rural,N
LP005475,Male,Yes,2,Graduate,No,2207,951.0,76.1,180.0,1.0,Urban,Y
LP005476,Male,No,0,Not Graduate,No,3918,1622.0,110.9,360.0,1.0,Semiurban,Y
LP005477,Male,Yes,1,Not Graduate,No,1979,2369.0,126.1,360.0,1.0,Rural,Y
LP005478,Female,Yes,2,Graduate,No,4069,2268.0,123.1,360.0,,Semiurban,Y
LP005479,Male,Yes,1,Graduate,Yes,10927,3890.0,157.6,180.0,0.0,Urban,Y
LP005480,Female,No,0,Not Graduate,No,3407,0.0,94.6,360.0,1.0,Rural,N
LP005481,Male,Yes,2,Graduate,No,7403,0.0,181.3,360.0,1.0,Urban,Y
LP005482,Male,Yes,2,Graduate,No,7785,0.0,181.3,360.0,1.0,Urban,Y
LP005483,Male,Yes,3+,Not Graduate,No,5141,0.0,130.3,360.0,,Semiurban,N
LP005484,Male,No,0,Not Graduate,No,6205,0.0,133.7,360.0,1.0,Rural,N
LP005485,Male,Yes,1,Not Graduate,No,2197,2567.0,128.3,360.0,1.0,Urban,Y
LP005486,Male,Yes,2,Graduate,Yes,8177,7239.0,478.2,360.0,1.0,Rural,Y
LP005487,Male,No,0,Graduate,No,5039,0.0,129.8,360.0,1.0,Urban,Y
LP005488,Male,Yes,1,Graduate,Yes,10921,3684.0,154.2,180.0,0.0,Urban,Y
LP005489,Male,Yes,3+,Graduate,No,6529,0.0,146.2,360.0,1.0,Semiurban,N
LP005490,Male,Yes,2,Graduate,No,3702,3444.0,218.5,360.0,0.0,Urban,N
LP005491,Male,No,2,Graduate,No,3742,0.0,106.8,360.0,0.0,Rural,N
LP005492,Female,No,0,Graduate,,3282,0.0,136.0,360.0,1.0,Rural,N
LP005493,Male,Yes,0,Graduate,No,7748,0.0,276.5,360.0,1.0,Urban,N
LP005494,Male,Yes,3+,Not Graduate,No,4940,0.0,132.8,360.0,,Semiurban,N
LP005495,Male,No,0,Graduate,No,4874,3695.0,155.6,360.0,1.0,Semiurban,Y
LP005496,Male,Yes,2,Graduate,No,3339,4323.0,251.7,360.0,1.0,Rural,Y
LP005497,Male,Yes,1,Graduate,No,3512,1800.0,180.3,360.0,1.0,Urban,Y
LP005498,Male,Yes,2,Graduate,No,9568,0.0,115.3,360.0,1.0,Urban,Y
LP005499,Male,Yes,0,Graduate,No,6075,3772.0,314.4,360.0,1.0,Urban,Y
LP005500,Male,No,0,Graduate,Yes,20789,0.0,656.9,480.0,,Urban,Y
LP005501,Male,Yes,3+,Graduate,No,2633,1988.0,96.7,360.0,1.0,Rural,Y
LP005502,Male,Yes,1,Graduate,No,2983,2555.0,165.4,360.0,1.0,Semiurban,N
LP005503,Male,No,0,Graduate,No,5748,4196.0,299.1,360.0,1.0,Semiurban,Y
LP005504,Male,Yes,,Not Graduate,Yes,4950,0.0,133.1,360.0,1.0,Urban,N
LP005505,Male,Yes,2,Graduate,Yes,15815,1009.0,147.5,360.0,1.0,Rural,Y
LP005506,Male,Yes,2,Graduate,No,6602,1807.0,237.7,300.0,1.0,Semiurban,Y
LP005507,Male,No,0,Graduate,Yes,5167,0.0,124.6,360.0,1.0,Semiurban,Y
LP005508,Male,Yes,2,Graduate,No,5181,0.0,149.6,360.0,1.0,Semiurban,Y
LP005509,Male,Yes,1,Not Graduate,No,1860,2338.0,130.4,360.0,1.0,Rural,Y
LP005510,Male,Yes,0,Graduate,No,2425,2387.0,147.0,360.0,1.0,Semiurban,Y
LP005511,Female,No,0,Graduate,No,9883,0.0,206.8,360.0,1.0,Semiurban,N
LP005512,Male,Yes,,Graduate,No,5357,1427.0,163.1,360.0,0.0,Urban,N
LP005513,Male,Yes,3+,Graduate,No,8451,4901.0,134.2,360.0,1.0,Rural,Y
LP005514,Male,Yes,2,Graduate,No,3054,1460.0,109.5,360.0,1.0,Urban,Y
LP005515,Male,No,1,Not Graduate,Yes,2746,1503.0,187.1,360.0,,Semiurban,N
LP005516,Male,Yes,0,Graduate,No,2980,3076.0,97.1,300.0,,Urban,Y
LP005517,Male,Yes,0,Graduate,No,4372,0.0,118.4,360.0,1.0,Urban,Y
LP005518,Male,Yes,0,Graduate,No,3157,0.0,174.5,360.0,1.0,Rural,N
LP005519,Male,No,0,Graduate,Yes,19603,0.0,629.8,480.0,,Urban,Y
LP005520,Female,No,0,Not Graduate,No,2214,0.0,72.4,360.0,1.0,Semiurban,Y
LP005521,Male,Yes,2,Graduate,Yes,16525,991.0,155.2,360.0,1.0,Rural,Y
LP005522,Male,Yes,0,Graduate,No,3959,3276.0,201.3,360.0,1.0,Semiurban,Y
LP005523,Male,Yes,3+,Graduate,No,38675,0.0,577.6,180.0,0.0,Semiurban,Y
LP005524,Male,Yes,0,Graduate,No,3610,1825.0,136.1,360.0,1.0,Semiurban,Y
LP005525,Male,Yes,0,Graduate,No,8871,0.0,187.7,180.0,1.0,Rural,Y
LP005526,Female,No,1,Graduate,No,2493,0.0,160.9,360.0,1.0,Urban,N
LP005527,Male,Yes,0,Graduate,No,2783,2024.0,156.4,360.0,1.0,Rural,Y
LP005528,Male,No,0,Graduate,No,3741,0.0,81.9,360.0,1.0,Urban,N
LP005529,Female,No,0,Graduate,No,3681,1722.0,138.4,360.0,1.0,Rural,Y
LP005530,Male,Yes,2,Graduate,Yes,2456,4637.0,171.7,360.0,1.0,Rural,Y
LP005531,Male,Yes,2,Graduate,Yes,5525,0.0,141.0,84.0,,Rural,Y
LP005532,Male,Yes,3+,Graduate,Yes,5207,1729.0,192.6,360.0,1.0,Semiurban,Y
LP005533,Male,Yes,0,Graduate,No,13908,0.0,447.1,360.0,1.0,Semiurban,Y
LP005534,Male,Yes,0,Graduate,No,3643,1995.0,117.1,360.0,1.0,Rural,Y
LP005535,Male,No,0,Graduate,No,2882,1895.0,131.0,360.0,1.0,Rural,Y
LP005536,Female,No,0,Graduate,No,4326,0.0,117.2,360.0,1.0,Semiurban,Y
LP005537,Male,Yes,0,Graduate,No,11572,0.0,132.9,360.0,1.0,Urban,Y
LP005538,Male,Yes,0,Graduate,No,5710,4370.0,265.2,360.0,1.0,Semiurban,Y
LP005539,Male,Yes,0,Graduate,No,2087,3130.0,127.1,360.0,1.0,Semiurban,Y
LP005540,Male,Yes,1,Not Graduate,No,6403,0.0,131.9,180.0,1.0,Urban,Y
LP005541,Male,Yes,3+,Graduate,No,39847,0.0,591.4,180.0,0.0,Semiurban,Y
LP005542,Male,Yes,1,Graduate,No,5876,0.0,44.9,360.0,1.0,Urban,Y
LP005543,Male,Yes,0,Graduate,No,2371,2550.0,93.3,180.0,0.0,Rural,Y
LP005544,Male,Yes,1,Not Graduate,No,2694,2497.0,88.4,360.0,1.0,Semiurban,Y
LP005545,Male,Yes,2,Graduate,No,2909,0.0,79.4,360.0,1.0,Semiurban,Y
LP005546,Male,No,0,Graduate,No,6082,0.0,,360.0,1.0,Urban,Y
LP005547,Male,No,0,Not Graduate,No,5100,0.0,48.2,360.0,1.0,Rural,Y
LP005548,Male,Yes,1,Graduate,No,1812,2189.0,109.7,360.0,1.0,Rural,Y
LP005549,Male,Yes,3+,Graduate,No,3522,3555.0,153.0,360.0,1.0,Rural,Y
LP005550,Male,Yes,0,Graduate,No,7863,1769.0,180.9,360.0,1.0,Rural,Y
LP005551,Male,No,0,Graduate,Yes,7183,0.0,176.8,180.0,1.0,Semiurban,Y
LP005552,Male,No,0,Not Graduate,No,5110,0.0,47.0,360.0,1.0,Rural,Y
LP005553,Male,No,2,Graduate,No,3686,0.0,109.4,360.0,0.0,Rural,N
LP005554,Male,Yes,,Not Graduate,Yes,4792,0.0,135.3,360.0,1.0,Urban,N
LP005555,Female,No,0,Graduate,No,2533,0.0,57.7,360.0,1.0,Rural,Y
LP005556,Male,Yes,,Not Graduate,No,2975,1698.0,101.7,360.0,1.0,Semiurban,Y
LP005557,Male,Yes,0,Graduate,No,8368,0.0,162.3,360.0,1.0,Semiurban,N
LP005558,Male,Yes,2,Not Graduate,No,2976,0.0,44.1,180.0,0.0,Urban,N
LP005559,Male,Yes,2,Graduate,Yes,6638,0.0,,360.0,0.0,Rural,Y
LP005560,Male,Yes,0,Graduate,No,2469,2154.0,119.8,360.0,,Urban,Y
LP005561,Female,No,0,Graduate,No,3206,0.0,78.7,360.0,1.0,Urban,Y
LP005562,Male,No,0,Graduate,No,3399,0.0,125.2,360.0,1.0,Semiurban,N
LP005563,Male,No,0,Graduate,,4869,0.0,115.7,360.0,1.0,Semiurban,Y
LP005564,Male,Yes,0,Not Graduate,No,1601,3832.0,205.1,360.0,0.0,Semiurban,N
LP005565,Male,Yes,2,Graduate,,5017,0.0,71.2,360.0,0.0,Semiurban,N
LP005566,Male,Yes,0,Not Graduate,No,2077,2451.0,117.1,360.0,1.0,Urban,Y
LP005567,Male,No,3+,Not Graduate,No,4614,1924.0,147.5,360.0,1.0,Semiurban,Y
LP005568,Male,Yes,3+,Graduate,No,5842,0.0,128.5,360.0,1.0,Urban,Y
LP005569,Female,Yes,0,Graduate,Yes,5755,0.0,105.4,360.0,0.0,Rural,N
LP005570,Male,Yes,3+,Graduate,Yes,10359,0.0,269.9,360.0,1.0,Semiurban,Y
LP005571,Male,Yes,0,Graduate,No,2922,1966.0,108.8,360.0,1.0,Rural,Y
LP005572,Male,No,0,Graduate,No,5524,0.0,164.1,360.0,1.0,Urban,Y
LP005573,Male,Yes,1,Graduate,No,7905,231.0,261.3,360.0,1.0,Urban,Y
LP005574,Female,No,0,Graduate,No,656,3849.0,110.1,480.0,1.0,Rural,Y
LP005575,Male,No,0,Not Graduate,No,3425,0.0,82.1,36.0,1.0,Semiurban,N
LP005576,Female,No,0,Graduate,No,2110,0.0,96.2,360.0,0.0,Semiurban,N
LP005577,Male,Yes,0,Graduate,No,19828,6603.0,486.1,360.0,,Urban,Y
LP005578,Male,No,0,Not Graduate,No,3910,0.0,106.9,360.0,1.0,Rural,Y
LP005579,Male,No,1,Not Graduate,Yes,3859,2386.0,163.3,360.0,0.0,Urban,N
LP005580,Male,Yes,1,Graduate,No,7345,1586.0,110.6,,0.0,Urban,Y
LP005581,Female,No,1,Graduate,No,2779,1505.0,88.8,360.0,1.0,Urban,Y
LP005582,Male,Yes,2,Not Graduate,No,2295,0.0,109.7,360.0,1.0,Rural,N
LP005583,Female,No,0,Graduate,Yes,4584,0.0,131.6,360.0,0.0,Semiurban,N
LP005584,Female,Yes,2,Graduate,No,1310,1866.0,169.7,360.0,1.0,Urban,N
LP005585,Male,Yes,0,Graduate,No,2629,4114.0,119.9,360.0,1.0,Rural,Y
LP005586,Male,Yes,2,Graduate,No,3939,0.0,88.2,360.0,1.0,Semiurban,Y
LP005587,Female,No,0,Graduate,No,1874,1667.0,54.3,360.0,1.0,Urban,Y
LP005588,Male,Yes,3+,Not Graduate,No,3658,0.0,80.5,180.0,1.0,Rural,N
LP005589,Male,No,0,Graduate,No,4909,0.0,126.5,360.0,0.0,Rural,Y
LP005590,Male,Yes,0,Not Graduate,Yes,2668,3433.0,160.4,180.0,0.0,Rural,N
LP005591,Male,No,0,Graduate,No,3435,0.0,82.3,300.0,1.0,Semiurban,Y
LP005592,Female,No,0,Graduate,,2720,1497.0,114.2,360.0,1.0,Urban,Y
LP005593,,No,0,Graduate,No,3473,0.0,94.0,360.0,1.0,Urban,N
LP005594,Male,Yes,0,Graduate,No,3051,1482.0,97.1,360.0,1.0,Urban,Y
LP005595,Female,No,0,Graduate,No,10214,0.0,250.5,360.0,1.0,Urban,Y
LP005596,Male,No,0,Graduate,No,1845,1840.0,49.5,360.0,1.0,Semiurban,Y
LP005597,Male,No,0,Graduate,No,4243,0.0,98.1,360.0,0.0,Semiurban,N
LP005598,Male,No,0,Graduate,No,3223,2968.0,87.4,360.0,1.0,Rural,Y
LP005599,Male,No,0,Graduate,Yes,5093,0.0,128.3,360.0,1.0,Semiurban,Y
LP005600,Male,Yes,1,Graduate,Yes,9576,0.0,159.7,360.0,1.0,Rural,N
LP005601,Male,Yes,0,Graduate,No,4781,943.0,124.3,180.0,1.0,Urban,Y
LP005602,Male,No,0,Graduate,No,8516,0.0,203.3,360.0,1.0,Urban,Y
LP005603,Male,Yes,3+,Not Graduate,No,4059,0.0,,180.0,1.0,Urban,N
LP005604,Male,Yes,0,Graduate,,62167,0.0,481.1,180.0,1.0,Urban,Y
LP005605,Male,Yes,2,Graduate,No,4082,1752.0,120.4,360.0,1.0,Semiurban,Y
LP005606,Male,No,0,Graduate,No,3733,0.0,78.5,360.0,1.0,Urban,N
LP005607,Male,Yes,1,Graduate,No,10467,0.0,316.8,360.0,1.0,Urban,Y
LP005608,Male,Yes,0,Graduate,No,2232,6434.0,68.6,180.0,1.0,Semiurban,Y
LP005609,Male,No,,Graduate,No,2953,0.0,87.0,360.0,0.0,Semiurban,N
LP005610,,Yes,3+,Graduate,No,23249,0.0,360.9,360.0,1.0,Rural,Y
LP005611,Male,No,0,Graduate,Yes,16122,0.0,197.5,360.0,0.0,Urban,Y
LP005612,Male,No,0,Graduate,No,4749,0.0,128.8,360.0,1.0,Urban,Y
LP005613,Male,Yes,2,Graduate,No,6449,1822.0,226.3,300.0,1.0,Semiurban,Y
LP005614,Male,Yes,3+,Graduate,No,3003,0.0,101.6,360.0,1.0,Urban,Y
LP005615,Male,No,0,Graduate,No,6670,0.0,103.8,360.0,0.0,Rural,Y
LP005616,Male,Yes,3+,Graduate,No,4506,1732.0,154.9,360.0,0.0,Urban,Y
LP005617,Male,No,3+,Graduate,No,12706,2866.0,326.6,360.0,1.0,Rural,N
LP005618,Male,Yes,2,Graduate,No,3034,446.0,108.8,84.0,1.0,Urban,Y
LP005619,Female,No,0,Not Graduate,Yes,17559,0.0,220.9,360.0,1.0,Semiurban,Y
LP005620,Female,Yes,1,Graduate,Yes,19747,0.0,588.1,360.0,1.0,Semiurban,Y
LP005621,Female,Yes,2,Not Graduate,,216,3036.0,101.7,360.0,1.0,Semiurban,Y
LP005622,Male,Yes,3+,Graduate,No,15487,0.0,308.7,360.0,1.0,Rural,Y
LP005623,Male,Yes,1,Graduate,No,1684,1806.0,98.4,360.0,1.0,Urban,Y
LP005624,Male,Yes,1,Graduate,No,2726,1895.0,111.6,360.0,1.0,Semiurban,Y
LP005625,Male,Yes,1,Not Graduate,No,2651,2431.0,91.8,360.0,1.0,Semiurban,Y
LP005626,Male,Yes,0,Graduate,No,7163,8324.0,171.0,300.0,,Rural,Y
LP005627,Female,No,0,Graduate,No,3324,2942.0,137.0,360.0,,Rural,Y
LP005628,Male,No,3+,Graduate,No,12094,3098.0,308.5,360.0,1.0,Rural,N
LP005629,Male,Yes,3+,Not Graduate,No,2943,0.0,111.7,360.0,1.0,Rural,Y
LP005630,Male,Yes,2,Graduate,No,2843,1526.0,,360.0,1.0,Urban,N
LP005631,Female,No,0,Graduate,No,4280,0.0,115.3,360.0,0.0,Semiurban,N
LP005632,Male,Yes,3+,Graduate,No,3019,2439.0,162.1,360.0,0.0,Semiurban,N
LP005633,Male,Yes,0,Not Graduate,No,1790,2832.0,95.0,360.0,0.0,Urban,N
LP005634,Male,Yes,1,Not Graduate,No,4761,1273.0,156.4,360.0,1.0,Urban,Y
LP005635,Female,No,1,Graduate,Yes,8985,0.0,150.8,360.0,1.0,Semiurban,Y
LP005636,Male,Yes,1,Graduate,No,7113,1661.0,113.0,,0.0,Urban,Y
LP005637,Male,No,0,Graduate,No,2849,0.0,94.2,360.0,1.0,Semiurban,Y
LP005638,Male,Yes,0,Graduate,No,2290,1114.0,,360.0,1.0,Urban,Y
LP005639,Female,No,0,Not Graduate,No,2252,0.0,71.7,360.0,1.0,Semiurban,Y
LP005640,Male,Yes,0,Graduate,No,5731,5596.0,193.7,360.0,1.0,Semiurban,Y
LP005641,Male,Yes,0,Graduate,No,3937,2794.0,155.9,360.0,1.0,Semiurban,Y
LP005642,Male,Yes,0,Graduate,No,3683,0.0,106.0,360.0,1.0,Semiurban,Y
LP005643,Male,Yes,0,Graduate,Yes,9847,0.0,188.6,360.0,1.0,Semiurban,Y
LP005644,Female,Yes,1,Graduate,No,12158,0.0,479.6,360.0,1.0,Semiurban,Y
LP005645,Female,No,0,Graduate,No,4548,0.0,114.8,360.0,1.0,Semiurban,Y
LP005646,Male,Yes,0,Graduate,,3552,0.0,42.8,180.0,1.0,Rural,Y
LP005647,Male,No,2,Graduate,No,3737,0.0,110.6,360.0,0.0,Rural,N
LP005648,Male,Yes,0,Graduate,No,2817,2086.0,107.3,360.0,1.0,Rural,Y
LP005649,Male,Yes,0,Not Graduate,No,3696,1513.0,125.5,300.0,1.0,Semiurban,Y
LP005650,Male,Yes,1,Graduate,No,3789,0.0,117.7,360.0,1.0,Semiurban,Y
LP005651,Male,No,0,Graduate,No,2049,1888.0,76.6,360.0,1.0,Urban,Y
LP005652,Male,No,0,Graduate,Yes,7103,0.0,81.6,360.0,1.0,Semiurban,Y
LP005653,Male,Yes,2,Not Graduate,No,3150,2095.0,127.9,360.0,1.0,Urban,Y
LP005654,Male,Yes,3+,Graduate,No,6469,0.0,162.2,180.0,1.0,Rural,Y
LP005655,Female,No,0,Graduate,No,4750,0.0,115.0,360.0,1.0,Semiurban,Y
LP005656,Male,No,0,Graduate,No,3582,0.0,111.8,480.0,1.0,Urban,N
LP005657,Male,Yes,1,Graduate,No,1711,2326.0,104.2,360.0,1.0,Rural,Y
LP005658,Male,Yes,1,Not Graduate,No,5158,1122.0,191.5,360.0,,Urban,Y
LP005659,Male,No,0,Graduate,No,3931,0.0,75.4,360.0,1.0,Semiurban,Y
LP005660,Male,Yes,0,Graduate,No,8048,0.0,284.3,360.0,1.0,Urban,N
LP005661,Male,Yes,,Not Graduate,No,3661,3158.0,156.2,360.0,0.0,Rural,N
LP005662,Female,No,1,Graduate,No,4832,0.0,80.2,360.0,1.0,Semiurban,N
LP005663,Male,Yes,1,Graduate,No,1881,0.0,61.4,360.0,,Rural,N
LP005664,Male,Yes,2,Not Graduate,No,3496,1994.0,95.3,360.0,,Semiurban,Y
LP005665,Male,No,0,Graduate,No,2011,2301.0,131.5,360.0,1.0,Semiurban,Y
LP005666,Male,Yes,3+,Not Graduate,Yes,5893,0.0,132.2,360.0,1.0,Rural,Y
LP005667,Male,Yes,2,Graduate,No,16543,0.0,278.9,360.0,1.0,Urban,Y
LP005668,Male,No,0,Graduate,No,2090,2184.0,132.4,360.0,1.0,Semiurban,Y
LP005669,Male,Yes,2,Graduate,No,2353,991.0,79.9,180.0,1.0,Urban,Y
LP005670,Male,Yes,3+,Not Graduate,No,2986,1714.0,68.5,180.0,0.0,Urban,N
LP005671,Male,Yes,2,Graduate,No,5197,0.0,129.6,360.0,1.0,Urban,Y
LP005672,Male,Yes,2,Graduate,No,4971,3640.0,235.5,360.0,1.0,Semiurban,Y
LP005673,Male,Yes,2,Graduate,No,3360,1664.0,148.1,360.0,0.0,Rural,N
LP005674,Male,No,0,Graduate,No,3787,5314.0,193.8,360.0,1.0,Semiurban,Y
LP005675,Male,Yes,2,Not Graduate,No,3254,1903.0,82.3,360.0,1.0,Urban,Y
LP005676,Male,Yes,1,Graduate,No,7553,1724.0,110.3,,0.0,Urban,Y
LP005677,Male,No,0,Graduate,No,5384,0.0,168.1,360.0,1.0,Urban,Y
LP005678,Male,Yes,0,Graduate,No,3089,2461.0,135.2,360.0,1.0,Rural,Y
LP005679,Male,No,0,Graduate,No,6692,0.0,103.9,360.0,0.0,Rural,Y
LP005680,Female,Yes,0,Graduate,No,2666,3369.0,121.7,360.0,0.0,Urban,N
LP005681,Male,Yes,,Not Graduate,No,3007,1822.0,108.6,360.0,1.0,Semiurban,Y
LP005682,Male,Yes,0,Graduate,No,9477,0.0,192.8,180.0,1.0,Rural,Y
LP005683,Male,Yes,3+,Graduate,No,4009,7576.0,285.4,360.0,1.0,Semiurban,Y
LP005684,Male,Yes,0,Graduate,No,3421,4394.0,131.3,180.0,0.0,Rural,Y
LP005685,Female,No,0,Not Graduate,No,1946,0.0,51.2,360.0,1.0,Semiurban,Y
LP005686,Male,Yes,0,Not Graduate,,2835,2908.0,150.1,360.0,1.0,Rural,Y
LP005687,Male,Yes,3+,Not Graduate,No,2712,1603.0,172.6,360.0,1.0,Rural,N
LP005688,Male,Yes,0,Graduate,No,1997,2198.0,88.2,360.0,,Urban,Y
LP005689,Male,Yes,0,Graduate,No,4609,2401.0,127.5,360.0,1.0,Urban,Y
LP005690,Male,No,0,Graduate,No,5756,4102.0,299.4,360.0,1.0,Semiurban,Y
LP005691,Male,No,0,Not Graduate,No,3069,2641.0,122.0,,1.0,Rural,Y
LP005692,Male,Yes,3+,Not Graduate,No,3113,0.0,72.8,360.0,1.0,Semiurban,Y
LP005693,Female,No,0,Graduate,No,5192,0.0,105.1,360.0,0.0,Semiurban,N
LP005694,Male,Yes,1,Graduate,No,3424,3117.0,154.3,360.0,1.0,Urban,Y
LP005695,Male,No,1,Not Graduate,No,2742,1303.0,94.3,360.0,1.0,Semiurban,Y
LP005696,Male,Yes,1,Graduate,No,3518,1690.0,190.5,360.0,1.0,Urban,Y
LP005697,Male,Yes,0,Graduate,No,4493,0.0,73.2,180.0,1.0,Semiurban,Y
LP005698,Male,No,0,Graduate,No,3739,0.0,82.6,360.0,1.0,Urban,N
LP005699,Male,Yes,2,Graduate,Yes,6392,0.0,,360.0,0.0,Rural,Y
LP005700,Female,No,0,Graduate,No,3127,0.0,68.5,360.0,0.0,Urban,N
LP005701,Female,No,0,Not Graduate,Yes,17412,0.0,226.6,360.0,1.0,Semiurban,Y
LP005702,Male,No,,Graduate,No,2720,0.0,71.4,360.0,1.0,Urban,Y
LP005703,,Yes,3+,Graduate,No,24350,0.0,374.7,360.0,1.0,Rural,Y
LP005704,Male,Yes,3+,Graduate,Yes,10024,0.0,266.9,360.0,1.0,Semiurban,Y
LP005705,Female,No,0,Graduate,No,2742,1611.0,85.5,360.0,,Urban,Y
LP005706,Male,No,0,Graduate,No,5844,0.0,,360.0,1.0,Urban,Y
LP005707,Male,Yes,0,Graduate,No,2361,3443.0,132.0,360.0,1.0,Rural,Y
LP005708,Male,Yes,0,Not Graduate,No,5001,0.0,130.8,360.0,1.0,Rural,N
LP005709,Male,No,0,Graduate,No,2862,0.0,97.1,360.0,1.0,Semiurban,Y
LP005710,Male,Yes,1,Graduate,No,1878,0.0,61.6,360.0,,Rural,N
LP005711,Male,Yes,2,Graduate,No,3695,0.0,96.4,360.0,1.0,Semiurban,Y
LP005712,Male,Yes,2,Graduate,No,3844,3775.0,224.0,360.0,0.0,Urban,N
LP005713,Male,Yes,3+,Graduate,No,4404,1778.0,156.0,360.0,0.0,Urban,Y
LP005714,Male,Yes,0,Graduate,No,7244,8359.0,172.9,300.0,,Rural,Y
LP005715,Male,Yes,1,Graduate,No,3465,0.0,96.6,360.0,1.0,Semiurban,Y
LP005716,Male,Yes,0,Not Graduate,No,1867,2937.0,95.7,360.0,0.0,Urban,N
LP005717,Male,Yes,0,Not Graduate,,2954,2918.0,160.3,360.0,1.0,Rural,Y
LP005718,Male,Yes,,Graduate,No,13941,0.0,,360.0,1.0,Urban,Y
LP005719,Male,Yes,0,Graduate,No,1764,1863.0,88.8,360.0,1.0,Urban,Y
LP005720,Male,Yes,0,Graduate,No,4009,1767.0,143.8,360.0,0.0,Rural,N
LP005721,Female,No,0,Not Graduate,No,3297,0.0,94.4,360.0,1.0,Rural,N
LP005722,Male,No,0,Graduate,No,8839,0.0,241.9,360.0,1.0,Urban,N
LP005723,Male,Yes,0,Graduate,No,5993,5862.0,194.3,360.0,1.0,Semiurban,Y
LP005724,Male,Yes,1,Not Graduate,No,4609,1213.0,157.1,360.0,1.0,Urban,Y
LP005725,Female,No,1,Graduate,Yes,8564,0.0,147.7,360.0,1.0,Semiurban,Y
LP005726,Female,No,0,Graduate,No,3098,3105.0,130.6,360.0,,Rural,Y
LP005727,Male,Yes,0,Graduate,No,3279,1476.0,136.9,360.0,1.0,Semiurban,Y
LP005728,Male,Yes,0,Graduate,No,3685,3442.0,145.7,180.0,1.0,Rural,Y
LP005729,Male,Yes,2,Graduate,No,7995,0.0,237.8,360.0,1.0,Semiurban,Y
LP005730,Male,Yes,0,Graduate,,5963,0.0,157.7,360.0,,Urban,Y
LP005731,Male,Yes,0,Graduate,No,5999,2198.0,274.9,360.0,,Semiurban,N
LP005732,Male,Yes,0,Not Graduate,No,3607,4073.0,147.8,,0.0,Rural,Y
LP005733,Male,No,0,Graduate,No,2806,0.0,99.9,360.0,1.0,Semiurban,Y
LP005734,Male,Yes,0,Graduate,No,4405,0.0,128.5,360.0,,Semiurban,Y
LP005735,Male,No,0,Graduate,No,3502,0.0,80.5,360.0,1.0,Urban,N
LP005736,Male,,,Graduate,No,3886,781.0,154.9,360.0,1.0,Urban,Y
LP005737,Male,No,2,Graduate,No,5160,0.0,163.4,360.0,0.0,Semiurban,Y
LP005738,Male,No,1,Not Graduate,Yes,2821,1520.0,190.0,360.0,,Semiurban,N
LP005739,Male,No,0,Graduate,No,4251,3481.0,147.8,360.0,1.0,Rural,Y
LP005740,Male,No,0,Graduate,No,3571,0.0,127.4,360.0,1.0,Semiurban,N
LP005741,Male,Yes,0,Graduate,No,5915,1975.0,206.3,360.0,1.0,Rural,Y
LP005742,Male,Yes,1,Graduate,No,2258,1335.0,86.0,360.0,,Urban,Y
LP005743,Male,Yes,3+,Graduate,No,9057,4952.0,134.2,360.0,1.0,Rural,Y
LP005744,Male,Yes,2,Graduate,Yes,6537,0.0,,360.0,0.0,Rural,Y
LP005745,Male,Yes,3+,Graduate,No,6263,0.0,151.8,180.0,1.0,Rural,Y
LP005746,Male,Yes,0,Graduate,No,6267,2267.0,259.0,360.0,,Semiurban,N
LP005747,Male,Yes,0,Graduate,No,2539,2439.0,92.5,180.0,0.0,Rural,Y
LP005748,Male,Yes,0,Graduate,No,2070,6717.0,70.7,180.0,1.0,Semiurban,Y
LP005749,Female,Yes,1,Graduate,No,11938,0.0,479.3,360.0,1.0,Semiurban,Y
LP005750,Male,No,0,Not Graduate,No,2415,1602.0,131.9,360.0,1.0,Semiurban,Y
LP005751,Male,Yes,0,Graduate,No,2637,6366.0,182.7,360.0,1.0,Rural,Y
LP005752,Male,Yes,3+,Graduate,,4482,1268.0,107.4,360.0,1.0,Urban,Y
LP005753,Male,Yes,3+,Graduate,No,5383,0.0,97.3,360.0,1.0,Urban,N
LP005754,Female,No,0,Graduate,No,3892,0.0,113.3,360.0,1.0,Semiurban,Y
LP005755,Male,Yes,3+,Graduate,No,4350,1797.0,162.5,360.0,0.0,Urban,Y
LP005756,Male,Yes,0,Graduate,No,1050,2752.0,109.7,360.0,1.0,Rural,Y
LP005757,Male,Yes,1,Graduate,No,3226,1715.0,135.7,360.0,1.0,Semiurban,Y
LP005758,Female,No,0,Graduate,No,2954,0.0,86.5,360.0,1.0,Semiurban,Y
LP005759,Male,Yes,2,Graduate,No,8216,3171.0,158.5,360.0,1.0,Rural,Y
LP005760,Male,Yes,1,Graduate,Yes,7713,0.0,237.9,360.0,1.0,Urban,Y
LP005761,Male,Yes,2,Not Graduate,No,6413,1639.0,183.7,480.0,1.0,Semiurban,N
LP005762,Female,Yes,0,Graduate,No,2542,3431.0,120.7,360.0,0.0,Urban,N
LP005763,,Yes,3+,Graduate,No,23251,0.0,362.6,360.0,1.0,Rural,Y
LP005764,Male,No,0,Graduate,No,2968,2742.0,141.8,360.0,1.0,Semiurban,Y
LP005765,Male,Yes,0,Graduate,No,15074,0.0,448.2,360.0,1.0,Semiurban,Y
LP005766,Female,No,0,Not Graduate,No,2138,0.0,66.5,360.0,1.0,Rural,Y
LP005767,Male,Yes,0,Not Graduate,No,3728,1515.0,120.5,300.0,1.0,Semiurban,Y
LP005768,Female,No,,Graduate,No,5181,0.0,145.6,480.0,0.0,Urban,N
LP005769,Male,Yes,0,Graduate,No,4075,3134.0,202.2,360.0,1.0,Semiurban,Y
LP005770,Male,Yes,0,Graduate,No,2155,1171.0,,360.0,1.0,Urban,Y
LP005771,Male,Yes,2,Graduate,No,11289,1072.0,223.8,360.0,1.0,Urban,Y
LP005772,Male,Yes,0,Graduate,No,3227,1482.0,139.6,360.0,1.0,Semiurban,Y
LP005773,Male,Yes,3+,Graduate,No,4266,0.0,39.3,180.0,1.0,Rural,Y
LP005774,Male,Yes,0,Graduate,No,2894,16.0,86.2,360.0,1.0,Rural,Y
LP005775,Female,No,0,Graduate,,2665,1446.0,112.1,360.0,1.0,Urban,Y
LP005776,Male,No,0,Graduate,No,3508,0.0,83.8,300.0,1.0,Semiurban,Y
LP005777,Female,No,2,Graduate,,3923,2032.0,120.3,360.0,1.0,Semiurban,Y
LP005778,Male,Yes,0,Graduate,No,2408,2033.0,55.7,360.0,,Rural,Y
LP005779,Male,Yes,0,Graduate,No,3158,2964.0,93.8,300.0,,Urban,Y
LP005780,Male,Yes,2,Not Graduate,No,2387,1205.0,124.0,360.0,0.0,Rural,N
LP005781,Male,No,0,Graduate,No,3996,0.0,118.5,360.0,1.0,Rural,Y
LP005782,Male,Yes,3+,Graduate,No,40632,0.0,596.9,180.0,0.0,Semiurban,Y
LP005783,,Yes,3+,Graduate,No,50659,0.0,707.4,300.0,1.0,Urban,Y
LP005784,Male,No,0,Graduate,No,3621,0.0,77.6,360.0,1.0,Urban,N
LP005785,Male,Yes,0,Not Graduate,Yes,2551,3504.0,162.0,180.0,0.0,Rural,N
LP005786,Male,Yes,0,Not Graduate,No,2560,1876.0,116.1,360.0,0.0,Semiurban,N
LP005787,Male,Yes,3+,Graduate,No,5385,3251.0,197.0,360.0,1.0,Semiurban,Y
LP005788,Male,Yes,3+,Graduate,Yes,5111,1722.0,194.3,360.0,1.0,Semiurban,Y
LP005789,Female,Yes,0,Graduate,No,4336,2398.0,181.0,360.0,1.0,Semiurban,Y
LP005790,Male,Yes,1,Graduate,No,2110,1401.0,87.5,360.0,,Urban,Y
LP005791,Male,Yes,1,Graduate,No,7741,230.0,261.0,360.0,1.0,Urban,Y
LP005792,Male,Yes,2,Graduate,No,5582,0.0,133.5,360.0,1.0,Urban,Y
LP005793,Male,No,0,Graduate,No,9632,0.0,180.2,360.0,1.0,Rural,Y
LP005794,Female,Yes,0,Not Graduate,Yes,7318,0.0,142.9,360.0,1.0,Rural,Y
LP005795,Male,Yes,0,Not Graduate,No,2265,1500.0,92.2,360.0,1.0,Urban,Y
LP005796,Male,Yes,1,Graduate,No,3136,2507.0,163.7,360.0,1.0,Semiurban,N
LP005797,Male,Yes,0,Graduate,No,5967,0.0,137.1,360.0,1.0,Rural,Y
LP005798,Male,Yes,3+,Graduate,No,3443,2424.0,120.0,360.0,0.0,Rural,N
LP005799,Male,Yes,0,Not Graduate,No,6015,0.0,156.0,360.0,1.0,Urban,N
LP005800,Male,Yes,0,Graduate,No,4065,2670.0,159.3,360.0,1.0,Semiurban,Y
LP005801,Male,Yes,1,Graduate,No,1565,1449.0,29.4,360.0,1.0,Urban,Y
LP005802,Male,No,2,Graduate,No,5123,0.0,168.5,360.0,0.0,Semiurban,Y
LP005803,Male,No,1,Graduate,No,38585,0.0,148.2,360.0,1.0,Semiurban,Y
LP005804,Male,Yes,0,Graduate,No,1049,2887.0,112.4,360.0,1.0,Rural,Y
LP005805,Female,No,1,Not Graduate,No,4412,0.0,84.2,360.0,1.0,Rural,N
LP005806,Male,Yes,1,Graduate,Yes,16432,2250.0,85.5,360.0,1.0,Semiurban,Y
LP005807,Male,No,2,Graduate,No,5730,4864.0,163.8,360.0,1.0,Rural,Y
LP005808,Female,No,0,Graduate,No,3593,0.0,96.5,360.0,,Rural,Y
LP005809,Male,Yes,2,Graduate,No,2980,1461.0,109.7,360.0,1.0,Urban,Y
LP005810,Male,Yes,2,Graduate,No,3104,477.0,107.3,84.0,1.0,Urban,Y
LP005811,Male,Yes,3+,Graduate,No,14580,0.0,308.4,360.0,1.0,Rural,Y
LP005812,Male,Yes,3+,Graduate,No,9908,0.0,284.5,360.0,1.0,Rural,Y
LP005813,Female,Yes,0,Not Graduate,Yes,7404,0.0,139.1,360.0,1.0,Rural,Y
LP005814,Male,Yes,1,Not Graduate,No,3499,1082.0,131.1,360.0,1.0,Urban,Y
LP005815,Male,Yes,1,Not Graduate,No,1872,2348.0,135.2,360.0,1.0,Rural,Y
LP005816,Male,Yes,1,Graduate,,4255,3273.0,195.8,360.0,,Urban,N
LP005817,Male,Yes,0,Not Graduate,No,3047,3182.0,,360.0,0.0,Urban,N
LP005818,Male,Yes,0,Graduate,No,2539,2321.0,141.3,360.0,1.0,Semiurban,Y
LP005819,Male,Yes,0,Graduate,No,4845,890.0,118.8,180.0,1.0,Urban,Y
LP005820,Male,Yes,3+,Not Graduate,No,3121,0.0,73.7,360.0,1.0,Semiurban,Y
LP005821,Male,No,3+,Not Graduate,No,4715,1988.0,151.4,360.0,1.0,Semiurban,Y
LP005822,Male,Yes,1,Graduate,No,1867,2124.0,109.6,360.0,1.0,Rural,Y
LP005823,Male,Yes,3+,Graduate,Yes,5369,1815.0,190.3,360.0,1.0,Semiurban,Y
LP005824,Female,No,0,Graduate,No,2712,1555.0,80.8,360.0,,Urban,Y
LP005825,Male,No,0,Graduate,No,3169,0.0,50.3,360.0,1.0,Urban,Y
LP005826,Male,No,0,Not Graduate,No,2783,0.0,61.2,180.0,1.0,Urban,Y
LP005827,Male,Yes,0,Graduate,No,4868,2363.0,129.4,360.0,1.0,Urban,Y
LP005828,Male,Yes,0,Graduate,,3474,1416.0,57.0,360.0,1.0,Rural,N
LP005829,Female,No,0,Graduate,No,8319,0.0,287.3,360.0,1.0,Semiurban,Y
LP005830,Male,Yes,0,Graduate,No,5801,1978.0,213.3,360.0,1.0,Rural,Y
LP005831,Male,No,0,Graduate,No,2010,2213.0,129.3,360.0,1.0,Semiurban,Y
LP005832,Male,Yes,0,Not Graduate,No,4096,2070.0,196.4,360.0,1.0,Rural,Y
LP005833,Male,Yes,0,Not Graduate,No,3332,4311.0,127.0,360.0,1.0,Semiurban,Y
LP005834,Female,No,0,Graduate,No,2149,0.0,98.0,360.0,0.0,Semiurban,N
LP005835,Male,Yes,2,Graduate,No,7917,0.0,252.7,360.0,1.0,Semiurban,Y
LP005836,Female,No,0,Graduate,No,4075,0.0,43.3,360.0,1.0,Semiurban,Y
LP005837,Male,Yes,0,Not Graduate,No,4464,1946.0,195.1,360.0,1.0,Rural,Y
LP005838,Female,No,0,Graduate,No,5046,0.0,104.2,360.0,0.0,Semiurban,N
LP005839,Male,Yes,2,Graduate,No,8086,0.0,202.8,360.0,1.0,Semiurban,Y
LP005840,Male,Yes,2,Graduate,No,2928,0.0,83.5,360.0,1.0,Semiurban,Y
LP005841,Male,No,3+,Graduate,No,12720,2951.0,313.2,360.0,1.0,Rural,N
LP005842,Male,Yes,2,Not Graduate,No,3229,2010.0,97.1,360.0,,Semiurban,Y
LP005843,Male,Yes,1,Not Graduate,No,2682,2518.0,91.5,360.0,1.0,Semiurban,Y
LP005844,Male,Yes,1,Graduate,No,6082,0.0,170.5,360.0,1.0,Semiurban,Y
LP005845,Male,No,0,Graduate,No,3808,4574.0,175.5,360.0,1.0,Urban,Y
LP005846,Male,Yes,1,Graduate,No,7951,2240.0,173.1,360.0,1.0,Urban,Y
LP005847,Female,No,1,Graduate,Yes,8837,0.0,145.7,360.0,1.0,Semiurban,Y
LP005848,Male,No,0,Graduate,No,6314,4313.0,212.0,360.0,0.0,Rural,Y
LP005849,Male,Yes,2,Graduate,No,3781,3723.0,220.3,360.0,0.0,Urban,N
LP005850,Male,Yes,0,Graduate,No,3000,1275.0,77.5,360.0,1.0,Urban,Y
LP005851,Male,Yes,1,Graduate,No,10897,0.0,305.2,360.0,1.0,Urban,Y
LP005852,Male,Yes,3+,Not Graduate,Yes,7437,0.0,121.0,60.0,1.0,Urban,Y
LP005853,Male,Yes,0,Graduate,No,9626,0.0,74.6,180.0,1.0,Urban,Y
LP005854,Male,Yes,2,Graduate,Yes,4381,2153.0,155.2,360.0,1.0,Semiurban,Y
LP005855,Male,No,0,Graduate,No,3950,2482.0,139.3,360.0,1.0,Rural,Y
LP005856,Male,No,0,Graduate,Yes,7112,0.0,143.6,360.0,1.0,Rural,Y
LP005857,Male,No,0,Graduate,No,3069,0.0,72.0,480.0,1.0,Urban,N
LP005858,Male,Yes,1,Not Graduate,No,4627,1256.0,155.2,360.0,1.0,Urban,Y
LP005859,Male,Yes,0,Not Graduate,No,2555,2335.0,183.5,360.0,0.0,Urban,N
LP005860,Female,Yes,0,Graduate,Yes,5705,0.0,108.6,360.0,0.0,Rural,N
LP005861,Female,No,0,Graduate,No,2995,0.0,59.3,360.0,1.0,Urban,Y
LP005862,Male,Yes,2,Graduate,No,3776,3643.0,213.0,360.0,0.0,Urban,N
LP005863,Male,Yes,0,Graduate,No,5828,2032.0,212.2,360.0,1.0,Rural,Y
LP005864,Male,Yes,0,Not Graduate,No,2656,1745.0,104.8,360.0,1.0,Rural,Y
LP005865,Male,Yes,3+,Not Graduate,No,2590,1575.0,175.1,360.0,1.0,Rural,N
LP005866,Female,No,0,Graduate,No,5849,0.0,160.1,360.0,1.0,Urban,Y
LP005867,Male,No,2,Graduate,No,3536,0.0,109.6,360.0,0.0,Rural,N
LP005868,Male,Yes,1,Graduate,No,1948,2912.0,114.6,360.0,1.0,Urban,N
LP005869,Male,No,0,Graduate,No,15291,0.0,244.9,360.0,0.0,Semiurban,Y
LP005870,Male,Yes,0,Not Graduate,No,3034,1668.0,96.3,480.0,0.0,Urban,N
LP005871,Male,Yes,1,Graduate,Yes,2890,0.0,92.6,360.0,1.0,Semiurban,Y
LP005872,Male,Yes,2,Graduate,No,4515,0.0,103.1,360.0,1.0,Urban,N
LP005873,Male,No,0,Graduate,No,3826,4443.0,178.0,360.0,1.0,Rural,Y
LP005874,Female,Yes,0,Not Graduate,No,3906,0.0,126.8,360.0,,Rural,Y
LP005875,Male,Yes,0,Graduate,No,2139,3200.0,132.3,360.0,1.0,Semiurban,Y
LP005876,Male,No,0,Graduate,No,5529,0.0,133.9,360.0,1.0,Urban,Y
LP005877,Male,No,0,Graduate,No,14918,0.0,237.1,360.0,0.0,Semiurban,Y
LP005878,Male,No,0,Graduate,No,3769,0.0,99.1,360.0,1.0,Urban,Y
LP005879,Male,Yes,0,Graduate,Yes,2589,2967.0,181.3,360.0,1.0,Urban,Y
LP005880,Male,No,0,Graduate,No,2751,1888.0,129.1,360.0,1.0,Rural,Y
LP005881,Male,Yes,0,Not Graduate,No,4196,0.0,119.5,180.0,1.0,Semiurban,Y
LP005882,Male,Yes,0,Graduate,No,4640,3634.0,,360.0,1.0,Semiurban,Y
LP005883,Male,Yes,3+,Not Graduate,Yes,5565,0.0,133.4,360.0,1.0,Rural,Y
LP005884,Male,Yes,0,Graduate,No,9620,0.0,75.3,180.0,1.0,Urban,Y
LP005885,Female,No,0,Not Graduate,No,3535,0.0,93.4,360.0,1.0,Rural,N
LP005886,Female,No,0,Graduate,No,1862,1737.0,52.7,360.0,1.0,Urban,Y
LP005887,Female,Yes,2,Graduate,No,1969,1687.0,111.8,480.0,1.0,Semiurban,Y
LP005888,Male,Yes,2,Graduate,No,7269,0.0,189.5,360.0,1.0,Urban,Y
LP005889,Male,Yes,2,Graduate,No,4210,1468.0,157.3,360.0,1.0,Rural,Y
LP005890,Male,Yes,1,Graduate,No,4725,0.0,,360.0,0.0,Rural,N
LP005891,Male,Yes,0,Graduate,No,3009,2854.0,135.5,360.0,1.0,Semiurban,Y
LP005892,Female,Yes,0,Graduate,No,3176,2346.0,158.4,360.0,1.0,Semiurban,Y
LP005893,Male,Yes,2,Graduate,No,4784,1397.0,145.2,360.0,1.0,Semiurban,Y
LP005894,Male,Yes,0,Graduate,No,3922,2798.0,157.2,360.0,1.0,Semiurban,Y
LP005895,Male,Yes,2,Not Graduate,No,4167,1393.0,130.8,360.0,1.0,Rural,N
LP005896,Male,No,0,Graduate,Yes,5869,4150.0,117.4,180.0,1.0,Urban,Y
LP005897,Male,Yes,2,Graduate,No,3039,1339.0,115.6,360.0,1.0,Urban,Y
LP005898,Male,No,2,Graduate,No,3555,0.0,80.6,360.0,0.0,Rural,N
LP005899,Male,Yes,2,Graduate,Yes,16775,1028.0,146.8,360.0,1.0,Rural,Y
LP005900,Female,Yes,2,Graduate,No,2087,1703.0,112.8,480.0,1.0,Semiurban,Y
LP005901,Male,Yes,1,Graduate,No,34750,0.0,258.0,360.0,1.0,Semiurban,N
LP005902,Male,Yes,0,Graduate,,2722,3325.0,118.4,,1.0,Urban,Y
LP005903,Male,Yes,3+,Graduate,Yes,9921,0.0,250.3,360.0,1.0,Semiurban,Y
LP005904,Male,Yes,2,Graduate,Yes,7607,7327.0,495.2,360.0,1.0,Rural,Y
LP005905,Male,No,0,Graduate,No,1807,34368.0,91.1,360.0,1.0,Urban,Y
LP005906,Male,No,1,Not Graduate,No,2744,1332.0,95.8,360.0,1.0,Semiurban,Y
LP005907,Female,Yes,2,Graduate,No,14773,0.0,67.2,360.0,1.0,Urban,Y
LP005908,Male,Yes,1,Graduate,No,1676,1776.0,97.0,360.0,1.0,Urban,Y
LP005909,Male,No,0,Graduate,No,1845,34921.0,90.6,360.0,1.0,Urban,Y
LP005910,Male,Yes,2,Graduate,No,6518,1617.0,210.6,360.0,1.0,Semiurban,Y
LP005911,Male,No,0,Graduate,No,5059,3903.0,154.5,360.0,1.0,Semiurban,Y
LP005912,Male,Yes,0,Graduate,No,2198,1486.0,104.5,360.0,1.0,Urban,Y
LP005913,Female,No,1,Graduate,No,2588,0.0,164.6,360.0,1.0,Urban,N
LP005914,Male,Yes,3+,Not Graduate,No,3892,980.0,97.9,360.0,1.0,Semiurban,Y
LP005915,Male,Yes,0,Not Graduate,No,2114,2477.0,117.8,360.0,1.0,Urban,Y
LP005916,Male,No,0,Not Graduate,No,3865,1627.0,106.2,360.0,1.0,Rural,Y
LP005917,Male,Yes,1,Graduate,Yes,2946,0.0,97.4,360.0,1.0,Semiurban,Y
LP005918,Male,No,0,Graduate,No,4052,0.0,101.5,360.0,0.0,Semiurban,N
LP005919,Male,Yes,1,Graduate,Yes,2419,0.0,,360.0,1.0,Semiurban,Y
LP005920,Male,No,0,Graduate,No,3748,4165.0,169.7,360.0,1.0,Rural,Y
LP005921,Male,No,0,Graduate,Yes,6542,0.0,141.3,360.0,1.0,Rural,Y
LP005922,Male,Yes,1,Graduate,No,3088,1303.0,122.5,360.0,0.0,Semiurban,N
LP005923,Male,Yes,0,Graduate,No,5683,0.0,139.2,360.0,1.0,Urban,Y
LP005924,Male,No,0,Not Graduate,No,3678,1291.0,100.0,360.0,1.0,Rural,N
LP005925,Female,Yes,0,Graduate,No,4198,2454.0,108.8,360.0,1.0,Urban,N
LP005926,Male,Yes,1,Graduate,No,15155,0.0,190.5,180.0,1.0,Rural,Y
LP005927,Male,Yes,1,Graduate,,5213,671.0,164.8,360.0,1.0,Rural,Y
LP005928,Female,Yes,2,Graduate,No,14417,0.0,71.1,360.0,1.0,Urban,Y
LP005929,Male,Yes,3+,Graduate,No,6366,0.0,151.9,360.0,1.0,Semiurban,N
LP005930,Male,Yes,2,Not Graduate,No,3568,1516.0,,360.0,1.0,Rural,Y
LP005931,Male,No,3+,Not Graduate,No,4673,1975.0,150.8,360.0,1.0,Semiurban,Y
LP005932,Male,Yes,2,Graduate,No,3099,7787.0,197.9,360.0,1.0,Urban,Y
LP005933,Female,No,0,Not Graduate,Yes,17299,0.0,223.3,360.0,1.0,Semiurban,Y
LP005934,Female,No,0,Graduate,Yes,2508,1786.0,99.4,300.0,1.0,Semiurban,N
LP005935,Female,No,1,Graduate,Yes,7127,0.0,,360.0,1.0,Semiurban,Y
LP005936,Male,Yes,2,Graduate,No,3014,1529.0,,360.0,1.0,Urban,N
LP005937,Male,Yes,1,Graduate,No,5990,5586.0,326.0,360.0,1.0,Urban,Y
LP005938,Male,Yes,0,Graduate,No,6243,4377.0,263.6,360.0,,Semiurban,Y
LP005939,Male,Yes,0,Not Graduate,No,4604,0.0,120.5,360.0,,Rural,Y
LP005940,Male,Yes,1,Graduate,Yes,9888,0.0,158.4,360.0,1.0,Rural,N
LP005941,Female,No,0,Graduate,No,3801,0.0,92.0,360.0,,Rural,Y
LP005942,Male,Yes,0,Graduate,No,3915,3141.0,210.8,360.0,1.0,Semiurban,Y
LP005943,Male,Yes,1,Not Graduate,No,3350,1100.0,134.0,360.0,1.0,Urban,Y
LP005944,Male,No,0,Graduate,No,4024,0.0,74.7,360.0,1.0,Semiurban,Y
LP005945,Male,No,0,Not Graduate,No,3322,0.0,80.7,36.0,1.0,Semiurban,N
LP005946,Male,No,0,Graduate,No,3250,3097.0,90.3,360.0,1.0,Rural,Y
LP005947,Male,Yes,0,Graduate,No,2084,1516.0,95.7,360.0,1.0,Semiurban,Y
LP005948,Female,No,0,Graduate,No,5073,0.0,132.7,360.0,1.0,Rural,Y
LP005949,Male,Yes,1,Graduate,No,3204,1216.0,122.9,360.0,0.0,Semiurban,N
LP005950,Male,Yes,0,Not Graduate,No,4663,0.0,135.8,360.0,1.0,Rural,N
LP005951,Male,Yes,0,Graduate,No,20382,5044.0,588.0,360.0,1.0,Rural,Y
LP005952,Female,No,0,Graduate,No,7251,0.0,118.6,360.0,1.0,Rural,Y
LP005953,Male,Yes,0,Not Graduate,No,3610,4222.0,157.5,,0.0,Rural,Y
LP005954,Male,Yes,1,Graduate,No,18375,0.0,505.5,360.0,1.0,Urban,N
LP005955,Male,No,0,Graduate,No,5101,0.0,133.0,360.0,0.0,Rural,Y
LP005956,Female,No,0,Graduate,No,2040,0.0,100.6,360.0,0.0,Semiurban,N
LP005957,Male,Yes,1,Graduate,No,1739,2250.0,104.5,360.0,1.0,Rural,Y
LP005958,Female,No,0,Graduate,No,4322,0.0,112.0,360.0,0.0,Semiurban,N
LP005959,Male,Yes,2,Graduate,No,4511,0.0,129.3,360.0,0.0,Semiurban,N
LP005960,Male,Yes,1,Graduate,,3537,2789.0,151.1,360.0,,Semiurban,N
LP005961,Female,No,0,Graduate,No,5008,0.0,104.7,360.0,0.0,Semiurban,N
LP005962,Male,No,0,Graduate,No,5866,0.0,,360.0,1.0,Urban,Y
LP005963,Female,No,0,Graduate,No,4950,0.0,102.8,360.0,0.0,Semiurban,N
LP005964,Male,Yes,2,Graduate,No,4939,2080.0,182.2,360.0,1.0,Rural,N
LP005965,Male,Yes,0,Graduate,No,2426,2183.0,57.0,360.0,,Rural,Y
LP005966,Male,No,0,Graduate,No,3752,1700.0,,360.0,1.0,Rural,Y
LP005967,Male,Yes,1,Not Graduate,No,2677,2608.0,91.7,360.0,1.0,Semiurban,Y
LP005968,,Yes,3+,Graduate,No,24524,0.0,363.4,360.0,1.0,Rural,Y
LP005969,Male,No,0,Not Graduate,No,5993,0.0,117.0,360.0,0.0,Rural,Y
LP005970,Male,No,0,Not Graduate,No,3285,0.0,79.3,36.0,1.0,Semiurban,N
LP005971,Male,No,0,Graduate,No,3774,0.0,77.6,360.0,1.0,Semiurban,Y
LP005972,Male,Yes,0,Graduate,No,4643,3521.0,,360.0,1.0,Semiurban,Y
LP005973,Female,No,0,Not Graduate,Yes,18563,0.0,121.4,360.0,1.0,Urban,Y
LP005974,Male,No,0,Graduate,Yes,5093,0.0,125.0,360.0,1.0,Semiurban,Y
LP005975,Male,No,0,Graduate,Yes,7245,0.0,129.9,360.0,1.0,Urban,Y
LP005976,Male,Yes,3+,Not Graduate,No,4873,0.0,128.6,360.0,,Semiurban,N
LP005977,Male,Yes,0,Not Graduate,No,2208,1958.0,107.4,360.0,1.0,Rural,Y
LP005978,Male,Yes,1,Graduate,No,3690,0.0,69.2,360.0,1.0,Urban,N
LP005979,Male,Yes,3+,Graduate,Yes,5004,1727.0,183.6,360.0,1.0,Semiurban,Y
LP005980,Female,Yes,0,Graduate,No,2356,518.0,129.2,360.0,1.0,Semiurban,Y
LP005981,Male,Yes,1,Graduate,No,1862,0.0,59.5,360.0,,Rural,N
LP005982,Male,Yes,0,Graduate,No,2466,2238.0,57.5,360.0,,Rural,Y
LP005983,Male,No,0,Graduate,No,9791,0.0,186.9,360.0,1.0,Rural,Y
LP005984,Male,Yes,0,Not Graduate,Yes,4585,0.0,94.4,,1.0,Urban,Y
LP005985,Male,Yes,2,Graduate,No,16240,0.0,280.9,360.0,1.0,Urban,Y
LP005986,Female,Yes,2,Graduate,No,1340,1874.0,165.6,360.0,1.0,Urban,N
LP005987,Female,No,0,Graduate,No,2102,8805.0,139.5,360.0,0.0,Semiurban,Y
LP005988,Male,Yes,1,Graduate,No,3874,0.0,65.4,360.0,1.0,Urban,N
LP005989,Male,Yes,1,Not Graduate,No,5252,1419.0,159.4,360.0,0.0,Semiurban,Y
LP005990,Male,Yes,0,Graduate,No,5564,4505.0,247.8,360.0,1.0,Semiurban,Y
LP005991,Female,No,0,Graduate,,2661,1423.0,112.3,360.0,1.0,Urban,Y
LP005992,Male,Yes,0,Graduate,No,7546,0.0,277.8,360.0,1.0,Urban,N
LP005993,Male,Yes,2,Graduate,No,5204,0.0,133.3,360.0,1.0,Urban,Y
LP005994,Male,Yes,1,Graduate,No,3954,0.0,66.8,360.0,1.0,Urban,N
LP005995,Male,Yes,0,Graduate,No,2321,2158.0,59.4,360.0,,Rural,Y
LP005996,Male,Yes,3+,Graduate,No,4328,179.0,125.5,360.0,1.0,Semiurban,Y
LP005997,Male,No,1,Not Graduate,Yes,2794,1504.0,182.5,360.0,,Semiurban,N
LP005998,Female,No,0,Graduate,Yes,2596,0.0,91.2,360.0,,Urban,Y
LP005999,Male,Yes,2,Graduate,No,3192,8236.0,199.9,360.0,1.0,Urban,Y
LP006000,Male,Yes,1,Graduate,No,34677,0.0,262.5,360.0,1.0,Semiurban,N
LP006001,Male,No,0,Graduate,No,5068,0.0,131.3,360.0,1.0,Urban,Y
LP006002,,No,0,Graduate,No,3609,0.0,97.6,360.0,1.0,Urban,N
LP006003,Male,No,0,Graduate,No,9780,0.0,187.7,360.0,1.0,Rural,Y
LP006004,Male,Yes,0,Graduate,No,2267,3177.0,172.4,360.0,1.0,Semiurban,Y
LP006005,Male,Yes,2,Not Graduate,No,2320,1202.0,122.9,360.0,0.0,Rural,N
LP006006,Male,Yes,0,Graduate,No,3286,2958.0,138.0,360.0,1.0,Urban,Y
LP006007,Male,No,0,Graduate,No,3324,0.0,67.4,360.0,1.0,Urban,Y
LP006008,Male,Yes,0,Graduate,No,2660,2338.0,117.8,360.0,1.0,Semiurban,Y
LP006009,Male,Yes,1,Graduate,No,2369,2108.0,105.9,360.0,1.0,Semiurban,Y
LP006010,Male,Yes,2,Graduate,No,8725,0.0,254.3,360.0,0.0,Urban,Y
LP006011,Male,Yes,0,Graduate,No,2317,2063.0,113.6,360.0,1.0,Semiurban,Y
LP006012,Male,No,0,Not Graduate,No,3241,2598.0,117.2,,1.0,Rural,Y
LP006013,Male,No,0,Graduate,No,1966,1809.0,49.8,360.0,1.0,Semiurban,Y
LP006014,Male,No,2,Graduate,No,3472,0.0,106.1,360.0,0.0,Rural,N
LP006015,Male,No,0,Graduate,No,2597,20297.0,101.4,360.0,1.0,Semiurban,Y
LP006016,Female,No,0,Graduate,No,4205,0.0,112.2,360.0,1.0,Semiurban,N
LP006017,Female,No,0,Graduate,No,2417,0.0,55.8,360.0,1.0,Rural,Y
LP006018,Male,No,1,Not Graduate,Yes,4160,2479.0,164.3,360.0,0.0,Urban,N
LP006019,Male,Yes,1,Graduate,,4286,3491.0,199.2,360.0,,Urban,N
LP006020,Male,Yes,1,Graduate,,5323,686.0,158.6,360.0,1.0,Rural,Y
LP006021,Male,Yes,0,Graduate,No,4762,0.0,73.0,180.0,1.0,Semiurban,Y
LP006022,Male,Yes,0,Not Graduate,No,2661,2005.0,113.1,360.0,0.0,Semiurban,N
LP006023,Male,Yes,1,Not Graduate,No,2324,2645.0,131.9,360.0,1.0,Urban,Y
LP006024,Male,Yes,1,Graduate,Yes,3443,1256.0,130.8,360.0,1.0,Rural,Y
LP006025,Male,Yes,3+,Not Graduate,No,4872,0.0,92.7,,0.0,Semiurban,N
LP006026,Male,Yes,1,Graduate,No,13482,11050.0,357.2,360.0,1.0,Semiurban,Y
LP006027,Male,Yes,0,Graduate,No,11076,0.0,225.3,360.0,1.0,Semiurban,Y
LP006028,Male,Yes,2,Graduate,No,3710,0.0,99.7,360.0,1.0,Semiurban,Y
LP006029,Male,Yes,0,Not Graduate,No,4475,0.0,123.5,360.0,,Rural,Y
LP006030,Male,No,0,Not Graduate,Yes,5850,0.0,132.8,360.0,1.0,Semiurban,Y
LP006031,Male,Yes,0,Graduate,No,4433,5567.0,247.1,360.0,1.0,Semiurban,Y
LP006032,Male,No,0,Graduate,No,1938,2801.0,111.4,360.0,1.0,Rural,N
LP006033,Male,Yes,3+,Graduate,No,5337,10748.0,486.3,360.0,0.0,Semiurban,Y
LP006034,Male,Yes,0,Graduate,,6054,0.0,156.7,360.0,,Urban,Y
LP006035,Female,No,0,Graduate,No,4405,0.0,112.0,360.0,1.0,Semiurban,N
LP006036,Female,No,0,Not Graduate,No,2205,0.0,68.3,360.0,1.0,Rural,Y
LP006037,Male,Yes,1,Graduate,No,5694,5483.0,313.6,360.0,1.0,Urban,Y
LP006038,Female,No,2,Graduate,,3786,2128.0,121.6,360.0,1.0,Semiurban,Y
LP006039,Male,Yes,3+,Not Graduate,No,4981,0.0,129.9,360.0,,Semiurban,N
LP006040,Male,Yes,2,Not Graduate,No,3746,0.0,127.7,360.0,1.0,Semiurban,Y
LP006041,Male,Yes,1,Graduate,No,8461,2273.0,173.3,360.0,1.0,Urban,Y
LP006042,Male,Yes,1,Graduate,Yes,3465,2165.0,160.8,360.0,1.0,Semiurban,Y
LP006043,Male,No,0,Graduate,No,6035,0.0,143.2,360.0,1.0,Rural,Y
LP006044,Male,Yes,2,Graduate,,2505,1757.0,111.7,360.0,1.0,Urban,Y
LP006045,Male,No,0,Graduate,No,9613,0.0,193.4,360.0,1.0,Rural,Y
LP006046,Female,Yes,0,Graduate,Yes,5370,0.0,106.7,360.0,0.0,Rural,N
LP006047,Male,Yes,3+,Graduate,Yes,5153,1712.0,183.2,360.0,1.0,Semiurban,Y
LP006048,Male,Yes,2,Not Graduate,No,3679,248.0,108.0,360.0,1.0,Semiurban,Y
LP006049,Male,Yes,0,Graduate,No,3092,3367.0,53.9,180.0,1.0,Semiurban,Y
LP006050,Male,No,0,Graduate,No,3495,4870.0,189.2,360.0,1.0,Semiurban,Y
LP006051,Male,Yes,2,Graduate,No,5879,5248.0,120.5,360.0,1.0,Rural,Y
LP006052,Male,Yes,2,Not Graduate,No,2350,0.0,114.5,360.0,1.0,Rural,N
LP006053,Male,No,0,Graduate,,6549,0.0,,360.0,,Urban,N
LP006054,Female,No,,Graduate,No,5154,0.0,147.9,480.0,0.0,Urban,N
LP006055,Male,No,0,Graduate,No,2432,0.0,59.9,360.0,1.0,Urban,Y
LP006056,Male,Yes,1,Not Graduate,No,4594,1264.0,155.7,360.0,1.0,Urban,Y
LP006057,Male,Yes,0,Graduate,No,2409,2098.0,101.5,360.0,1.0,Semiurban,Y
LP006058,Male,Yes,0,Graduate,No,5447,0.0,128.5,360.0,1.0,Rural,Y
LP006059,Male,Yes,3+,Graduate,No,15078,0.0,292.7,360.0,1.0,Rural,Y
LP006060,Male,Yes,1,Graduate,No,6059,0.0,155.7,360.0,,Rural,Y
LP006061,,Yes,0,Graduate,No,3017,2281.0,132.8,360.0,0.0,Semiurban,N
LP006062,Female,Yes,0,Graduate,No,4537,0.0,84.1,360.0,1.0,Rural,N
LP006063,Male,Yes,2,Graduate,No,6100,0.0,129.0,360.0,1.0,Semiurban,Y
LP006064,Male,Yes,2,Not Graduate,No,2044,1482.0,62.1,300.0,,Urban,Y
LP006065,Male,Yes,1,Graduate,No,8364,246.0,262.4,360.0,1.0,Urban,Y
LP006066,Male,Yes,2,Graduate,No,5074,2148.0,192.0,360.0,1.0,Rural,N
LP006067,Female,Yes,2,Graduate,No,1365,1802.0,160.8,360.0,1.0,Urban,N
LP006068,Male,Yes,2,Graduate,No,2010,1638.0,104.6,360.0,1.0,Rural,Y
LP006069,Female,No,0,Not Graduate,No,1835,2248.0,124.8,,1.0,Urban,Y
LP006070,Male,Yes,3+,Graduate,No,3266,2385.0,127.4,360.0,0.0,Rural,N
LP006071,Male,Yes,0,Graduate,No,5938,0.0,139.9,360.0,1.0,Rural,Y
LP006072,Male,Yes,2,Not Graduate,No,2819,0.0,45.7,180.0,0.0,Urban,N
LP006073,Male,Yes,1,Graduate,Yes,3365,2162.0,157.1,360.0,1.0,Semiurban,Y
LP006074,Male,Yes,0,Graduate,No,3912,1779.0,134.9,360.0,1.0,Semiurban,Y
LP006075,Male,Yes,0,Not Graduate,Yes,4208,753.0,83.9,360.0,1.0,Semiurban,N
LP006076,Male,Yes,0,Not Graduate,No,2508,1975.0,114.3,360.0,0.0,Semiurban,N
LP006077,Male,Yes,1,Graduate,No,3028,1858.0,145.5,360.0,1.0,Semiurban,Y
LP006078,Male,Yes,2,Graduate,No,3097,8405.0,198.8,360.0,1.0,Urban,Y
LP006079,Male,Yes,2,Not Graduate,No,4342,3257.0,129.1,180.0,1.0,Urban,Y
LP006080,Male,No,0,Not Graduate,,2515,2008.0,130.7,360.0,1.0,Rural,Y
LP006081,Male,Yes,3+,Graduate,Yes,5697,1374.0,103.9,360.0,1.0,Rural,Y
LP006082,Male,Yes,2,Not Graduate,No,2014,1441.0,58.5,300.0,,Urban,Y
LP006083,Female,No,1,Graduate,Yes,8898,0.0,154.4,360.0,1.0,Semiurban,Y
LP006084,Male,Yes,0,Not Graduate,No,2509,3749.0,,180.0,1.0,Urban,N
LP006085,Male,No,2,Graduate,No,3704,0.0,109.0,360.0,0.0,Rural,N
LP006086,Male,Yes,2,Graduate,No,3173,1569.0,132.7,360.0,1.0,Urban,Y
LP006087,Male,Yes,2,Not Graduate,No,4150,3317.0,130.5,180.0,1.0,Urban,Y
LP006088,Female,No,0,Graduate,No,3032,0.0,96.4,360.0,1.0,Semiurban,Y
LP006089,Male,Yes,1,Graduate,No,1552,1889.0,94.2,360.0,1.0,Urban,Y
LP006090,Male,Yes,3+,Graduate,No,6523,0.0,151.4,180.0,1.0,Rural,Y
LP006091,Male,Yes,1,Graduate,No,3435,3324.0,163.4,360.0,1.0,Urban,Y
LP006092,Female,Yes,0,Graduate,No,2425,512.0,131.7,360.0,1.0,Semiurban,Y
LP006093,Female,No,0,Graduate,No,4777,0.0,136.1,360.0,1.0,Rural,Y
LP006094,Female,Yes,1,Graduate,No,3337,897.0,106.8,84.0,1.0,Semiurban,Y
LP006095,Male,Yes,,Not Graduate,Yes,4941,0.0,133.9,360.0,1.0,Urban,N
LP006096,Male,Yes,1,Graduate,No,5553,1201.0,176.0,360.0,1.0,Rural,Y
LP006097,Male,No,0,Graduate,Yes,7304,0.0,86.7,360.0,1.0,Semiurban,Y
LP006098,Male,Yes,2,Graduate,No,3165,7934.0,197.6,360.0,1.0,Urban,Y
LP006099,Male,No,0,Graduate,No,3565,0.0,123.1,360.0,1.0,Semiurban,N
LP006100,Female,No,0,Graduate,No,3265,0.0,72.2,360.0,0.0,Urban,N
LP006101,Male,Yes,0,Graduate,No,1802,3636.0,133.4,360.0,1.0,Semiurban,Y
LP006102,Male,Yes,1,Graduate,,4055,3269.0,207.4,360.0,,Urban,N
LP006103,Male,Yes,1,Not Graduate,No,5052,1460.0,155.2,360.0,0.0,Semiurban,Y
LP006104,Female,Yes,0,Graduate,No,4340,2470.0,106.8,360.0,1.0,Urban,N
LP006105,Male,Yes,0,Graduate,No,3567,3062.0,183.4,,1.0,Rural,Y
LP006106,Male,No,2,Graduate,No,4555,0.0,137.3,360.0,1.0,Rural,Y
LP006107,Male,Yes,0,Graduate,No,1722,3456.0,126.1,360.0,1.0,Semiurban,Y
LP006108,Male,Yes,3+,Not Graduate,No,3646,0.0,80.3,180.0,1.0,Rural,N
LP006109,Male,Yes,0,Graduate,No,7843,0.0,276.9,360.0,1.0,Urban,N
LP006110,Female,No,1,Graduate,No,3419,0.0,158.0,36.0,1.0,Semiurban,N
LP006111,Male,Yes,0,Graduate,No,2734,2222.0,147.8,360.0,1.0,Semiurban,Y
LP006112,Male,Yes,0,Graduate,Yes,2958,0.0,65.9,360.0,1.0,Urban,Y
LP006113,Male,Yes,2,Not Graduate,No,4179,1031.0,112.8,360.0,1.0,Urban,Y
LP006114,Male,Yes,1,Graduate,Yes,8324,5121.0,389.7,360.0,0.0,Rural,Y
LP006115,Female,No,0,Graduate,No,10170,1705.0,220.1,360.0,1.0,Rural,N
LP006116,Male,Yes,3+,Graduate,No,6281,0.0,153.9,180.0,1.0,Rural,Y
LP006117,Male,Yes,1,Graduate,No,18489,0.0,517.6,360.0,1.0,Urban,N
LP006118,Male,Yes,0,Graduate,No,2233,1133.0,,360.0,1.0,Urban,Y
LP006119,Female,No,0,Graduate,No,4257,0.0,115.0,360.0,0.0,Semiurban,N
LP006120,Female,No,,Graduate,No,3906,0.0,118.0,180.0,1.0,Urban,Y
LP006121,Male,No,2,Graduate,No,3593,0.0,111.0,360.0,0.0,Rural,N
LP006122,Female,No,2,Graduate,No,3369,0.0,135.6,360.0,1.0,Urban,N
LP006123,Male,Yes,1,Graduate,No,3261,1836.0,141.7,360.0,1.0,Semiurban,Y
LP006124,Male,Yes,,Not Graduate,Yes,4644,0.0,139.7,360.0,1.0,Urban,N
LP006125,Male,No,0,Graduate,No,4683,2100.0,,360.0,1.0,Semiurban,N
LP006126,Female,No,0,Graduate,No,2482,0.0,56.4,360.0,1.0,Rural,Y
LP006127,Female,Yes,0,Graduate,No,2738,3599.0,116.2,360.0,0.0,Urban,N
LP006128,Male,Yes,1,Graduate,No,2198,1358.0,88.4,360.0,,Urban,Y
LP006129,Male,Yes,2,Graduate,No,4563,0.0,132.9,360.0,1.0,Urban,N
LP006130,Male,Yes,2,Graduate,No,8966,0.0,260.9,360.0,0.0,Urban,Y
LP006131,Male,Yes,0,Graduate,No,3981,2386.0,138.1,360.0,1.0,Semiurban,Y
LP006132,Female,No,0,Graduate,No,4063,0.0,111.3,360.0,1.0,Semiurban,N
LP006133,Male,Yes,1,Graduate,No,4286,2960.0,175.8,84.0,1.0,Rural,N
LP006134,Male,Yes,3+,Graduate,Yes,10377,0.0,269.8,360.0,1.0,Semiurban,Y
LP006135,Male,No,0,Graduate,No,4910,2040.0,,360.0,1.0,Semiurban,N
LP006136,Male,No,0,Graduate,No,4905,3684.0,149.3,360.0,1.0,Semiurban,Y
LP006137,Male,Yes,0,Graduate,No,2993,1466.0,94.3,360.0,1.0,Urban,Y
LP006138,Male,Yes,2,Graduate,Yes,3225,3400.0,90.9,360.0,1.0,Urban,Y
LP006139,Male,No,0,Not Graduate,No,2433,1552.0,128.4,360.0,1.0,Semiurban,Y
LP006140,Male,No,0,Graduate,No,5483,0.0,130.9,360.0,1.0,Urban,Y
LP006141,Female,No,0,Graduate,Yes,4461,0.0,137.4,360.0,0.0,Semiurban,N
LP006142,Male,No,1,Not Graduate,No,3488,0.0,102.6,240.0,,Urban,Y
LP006143,Male,No,0,Graduate,No,1957,5311.0,69.5,360.0,,Rural,Y
LP006144,Male,No,0,Not Graduate,,2502,2103.0,121.5,360.0,1.0,Rural,Y
LP006145,Female,Yes,1,Graduate,No,4518,2915.0,136.1,180.0,1.0,Semiurban,Y
LP006146,Male,Yes,0,Not Graduate,,1756,1821.0,92.0,360.0,1.0,Rural,Y
LP006147,Male,Yes,1,Graduate,No,8104,0.0,154.2,300.0,0.0,Semiurban,Y
LP006148,Male,Yes,0,Graduate,No,4278,0.0,131.1,360.0,,Semiurban,Y
LP006149,Male,Yes,0,Graduate,No,2438,2238.0,57.3,360.0,,Rural,Y
LP006150,Male,No,0,Graduate,Yes,6295,0.0,192.9,360.0,1.0,Rural,Y
LP006151,Male,Yes,0,Graduate,No,5472,2157.0,177.0,360.0,1.0,Rural,N
LP006152,Male,Yes,3+,Graduate,No,39138,0.0,603.4,180.0,0.0,Semiurban,Y
LP006153,Male,No,0,Graduate,No,4156,0.0,95.0,360.0,0.0,Semiurban,N
LP006154,Male,Yes,0,Graduate,No,4503,3482.0,,360.0,1.0,Semiurban,Y
LP006155,Male,No,0,Graduate,No,3670,4456.0,177.6,360.0,1.0,Rural,Y
LP006156,Female,No,0,Graduate,No,3223,0.0,97.6,360.0,1.0,Semiurban,Y
LP006157,Male,Yes,0,Not Graduate,Yes,4139,753.0,88.7,360.0,1.0,Semiurban,N
LP006158,Male,Yes,0,Graduate,No,5543,0.0,142.3,360.0,1.0,Rural,Y
LP006159,Male,Yes,0,Graduate,Yes,3312,0.0,25.2,120.0,1.0,Semiurban,Y
LP006160,Male,No,3+,Graduate,No,9199,0.0,181.3,360.0,1.0,Rural,Y
LP006161,Female,No,0,Graduate,No,667,3651.0,111.3,480.0,1.0,Rural,Y
LP006162,Male,No,1,Graduate,Yes,4459,0.0,109.3,360.0,1.0,Rural,N
LP006163,Female,Yes,1,Graduate,Yes,12002,0.0,281.4,360.0,0.0,Urban,Y
LP006164,Male,No,0,Graduate,No,4498,1909.0,188.6,360.0,1.0,Semiurban,N
LP006165,Male,Yes,2,Graduate,,2585,1823.0,113.3,360.0,1.0,Urban,Y
LP006166,Male,Yes,1,Not Graduate,No,5275,1491.0,167.4,360.0,0.0,Semiurban,Y
LP006167,Male,Yes,0,Graduate,No,3650,4199.0,132.4,180.0,0.0,Rural,Y
LP006168,Male,Yes,2,Graduate,Yes,9332,8237.0,389.9,300.0,1.0,Rural,Y
LP006169,Male,Yes,0,Graduate,No,10808,0.0,243.2,360.0,1.0,Semiurban,Y
LP006170,Male,Yes,2,Graduate,No,6459,1764.0,207.9,360.0,1.0,Semiurban,Y
LP006171,Female,No,0,Graduate,No,3858,1687.0,132.3,360.0,1.0,Rural,Y
LP006172,Male,Yes,0,Graduate,No,4293,0.0,114.4,360.0,1.0,Urban,Y
LP006173,Male,Yes,0,Graduate,No,4405,5669.0,247.7,360.0,1.0,Semiurban,Y
LP006174,Male,No,1,Graduate,No,4215,1769.0,120.3,360.0,1.0,Urban,Y
LP006175,Male,Yes,0,Graduate,No,6438,0.0,128.9,360.0,1.0,Semiurban,Y
LP006176,Male,Yes,1,Not Graduate,No,4061,5046.0,142.1,360.0,,Rural,Y
LP006177,Male,Yes,2,Graduate,No,3851,0.0,98.2,360.0,1.0,Semiurban,Y
LP006178,Male,Yes,0,Not Graduate,Yes,4779,0.0,97.3,,1.0,Urban,Y
LP006179,Male,Yes,3+,Not Graduate,Yes,5907,0.0,131.1,360.0,1.0,Rural,Y
LP006180,Male,Yes,1,Graduate,No,8184,2166.0,173.5,360.0,1.0,Urban,Y
LP006181,Male,No,0,Graduate,No,4301,0.0,123.6,360.0,1.0,Rural,Y
LP006182,Male,Yes,2,Graduate,Yes,4704,2135.0,158.9,360.0,1.0,Semiurban,Y
LP006183,Male,Yes,1,Graduate,No,5913,0.0,160.8,360.0,,Rural,Y
LP006184,Female,No,0,Graduate,No,2834,0.0,68.3,360.0,1.0,Rural,Y
LP006185,Male,Yes,0,Graduate,No,3347,0.0,175.9,360.0,1.0,Rural,N
LP006186,Male,Yes,0,Graduate,,6179,0.0,165.2,360.0,,Urban,Y
LP006187,Male,Yes,2,Not Graduate,No,4074,0.0,124.4,360.0,1.0,Semiurban,Y
LP006188,Male,Yes,3+,Graduate,No,3030,3988.0,181.1,300.0,0.0,Semiurban,N
LP006189,Male,Yes,2,Graduate,No,2826,0.0,82.3,360.0,1.0,Semiurban,Y
LP006190,Male,Yes,1,Graduate,Yes,3597,2006.0,159.0,360.0,1.0,Semiurban,Y
LP006191,Male,Yes,0,Graduate,No,3782,1733.0,128.1,360.0,1.0,Semiurban,Y
LP006192,Male,Yes,3+,Graduate,No,3424,3581.0,152.1,360.0,1.0,Rural,Y
LP006193,Male,Yes,0,Not Graduate,,2967,2754.0,150.1,360.0,1.0,Rural,Y
LP006194,Male,Yes,0,Graduate,No,4732,3729.0,,360.0,1.0,Semiurban,Y
LP006195,Male,Yes,0,Graduate,No,2591,2073.0,119.6,360.0,,Urban,Y
LP006196,Male,Yes,2,Not Graduate,No,3827,1417.0,156.9,360.0,1.0,Rural,Y
LP006197,Male,Yes,0,Graduate,No,2500,2227.0,141.6,360.0,1.0,Semiurban,Y
LP006198,Male,No,1,Graduate,No,4544,1796.0,114.1,360.0,1.0,Urban,Y
LP006199,Male,No,0,Graduate,Yes,6722,0.0,173.0,180.0,1.0,Semiurban,Y
LP006200,Male,Yes,3+,Graduate,No,6641,0.0,155.0,180.0,1.0,Rural,Y
LP006201,Male,Yes,0,Graduate,No,3220,1317.0,80.0,360.0,1.0,Urban,Y
LP006202,Male,No,0,Not Graduate,No,3204,2528.0,121.7,,1.0,Rural,Y
LP006203,Male,No,1,Not Graduate,No,2720,1312.0,97.5,360.0,1.0,Semiurban,Y
LP006204,Male,Yes,1,Graduate,No,3376,1775.0,180.7,360.0,1.0,Urban,Y
LP006205,Male,Yes,0,Graduate,No,5570,4244.0,180.2,360.0,1.0,Semiurban,Y
LP006206,Male,Yes,1,Not Graduate,No,5451,1162.0,182.8,360.0,,Urban,Y
LP006207,Female,Yes,0,Graduate,No,3539,2762.0,113.8,360.0,,Semiurban,Y
LP006208,Male,Yes,2,Graduate,No,5077,3691.0,236.9,360.0,1.0,Semiurban,Y
LP006209,Male,No,0,Graduate,No,3664,5307.0,187.9,360.0,1.0,Semiurban,Y
LP006210,Male,Yes,0,Graduate,Yes,9233,0.0,194.4,360.0,1.0,Semiurban,Y
LP006211,Male,Yes,1,Graduate,,3551,3041.0,149.6,360.0,,Semiurban,N
LP006212,Male,Yes,2,Not Graduate,No,1982,1698.0,111.4,180.0,1.0,Semiurban,Y
LP006213,Male,Yes,0,Graduate,No,19894,6591.0,493.5,360.0,,Urban,Y
LP006214,Male,Yes,0,Not Graduate,No,1812,3018.0,90.9,360.0,0.0,Urban,N
LP006215,Female,No,3+,Not Graduate,No,1808,0.0,,360.0,0.0,Urban,N
LP006216,Male,Yes,2,Graduate,No,4829,1403.0,146.2,360.0,1.0,Semiurban,Y
LP006217,,Yes,0,Graduate,Yes,2042,3912.0,153.8,360.0,,Semiurban,Y
LP006218,Male,Yes,2,Graduate,No,3894,0.0,93.8,360.0,1.0,Semiurban,Y
LP006219,Male,Yes,3+,Graduate,No,5186,3269.0,200.3,360.0,1.0,Semiurban,Y
LP006220,Male,Yes,1,Graduate,No,10217,0.0,313.0,360.0,1.0,Urban,Y
LP006221,Male,Yes,0,Graduate,,5988,0.0,156.9,360.0,,Urban,Y
LP006222,Male,No,0,Not Graduate,No,2642,2834.0,92.7,360.0,,Semiurban,Y
LP006223,Female,Yes,0,Graduate,No,2746,3336.0,122.3,360.0,0.0,Urban,N
LP006224,Male,No,0,Not Graduate,Yes,5595,0.0,134.7,360.0,1.0,Semiurban,Y
LP006225,Male,No,0,Graduate,No,4945,3646.0,157.0,360.0,1.0,Semiurban,Y
LP006226,Male,Yes,3+,Not Graduate,No,4032,1016.0,103.2,360.0,1.0,Semiurban,Y
LP006227,Male,Yes,0,Graduate,No,2277,1077.0,,360.0,1.0,Urban,Y
LP006228,Female,No,0,Graduate,No,2316,0.0,9.3,360.0,1.0,Urban,N
LP006229,Male,Yes,0,Graduate,No,4045,2559.0,165.9,360.0,1.0,Semiurban,Y
LP006230,Male,No,0,Graduate,,2858,2067.0,121.1,360.0,1.0,Rural,Y
LP006231,Male,Yes,2,Graduate,Yes,4568,2006.0,155.2,360.0,1.0,Semiurban,Y
LP006232,Male,Yes,1,Not Graduate,No,2607,2065.0,141.4,180.0,1.0,Urban,N
LP006233,Male,No,0,Graduate,No,6084,0.0,136.0,360.0,1.0,Urban,Y
LP006234,Male,No,0,Not Graduate,No,3799,0.0,113.4,360.0,1.0,Rural,Y
LP006235,Female,No,1,Graduate,No,4625,0.0,80.9,360.0,1.0,Semiurban,N
LP006236,Male,No,2,Graduate,No,4299,0.0,138.1,360.0,1.0,Rural,Y
LP006237,Male,Yes,1,Not Graduate,No,6613,0.0,132.1,180.0,1.0,Urban,Y
LP006238,Male,Yes,0,Not Graduate,No,4386,0.0,120.3,360.0,,Rural,Y
LP006239,Female,No,0,Not Graduate,No,2847,0.0,78.7,,0.0,Urban,N
LP006240,Male,Yes,2,Graduate,No,1355,1082.0,16.7,120.0,1.0,Urban,Y
LP006241,Male,Yes,2,Graduate,No,17283,0.0,272.6,360.0,1.0,Urban,Y
LP006242,Female,No,0,Graduate,No,4133,0.0,42.2,360.0,1.0,Semiurban,Y
LP006243,Male,Yes,0,Graduate,No,4069,3296.0,206.4,360.0,1.0,Semiurban,Y
LP006244,Male,Yes,3+,Graduate,Yes,10547,0.0,259.7,360.0,1.0,Semiurban,Y
LP006245,Male,Yes,0,Graduate,No,4086,1807.0,153.3,360.0,0.0,Rural,N
LP006246,Male,Yes,0,Graduate,No,5440,0.0,124.5,360.0,1.0,Rural,Y
LP006247,Female,No,,Graduate,No,5207,0.0,141.4,480.0,0.0,Urban,N
LP006248,Male,Yes,2,Not Graduate,No,5865,1629.0,194.4,480.0,1.0,Semiurban,N
LP006249,Male,No,,Graduate,No,3010,0.0,88.5,360.0,0.0,Semiurban,N
LP006250,Male,Yes,1,Graduate,Yes,3515,1192.0,129.7,360.0,1.0,Rural,Y
LP006251,Male,No,0,Graduate,No,3537,0.0,127.0,360.0,1.0,Semiurban,N
LP006252,Male,Yes,2,Graduate,Yes,2669,0.0,108.6,360.0,0.0,Semiurban,N
LP006253,Male,Yes,,Not Graduate,No,2779,1802.0,103.7,360.0,1.0,Semiurban,Y
LP006254,Male,No,0,Graduate,No,2935,2775.0,142.7,360.0,1.0,Semiurban,Y
LP006255,Male,Yes,0,Graduate,Yes,2956,0.0,67.4,360.0,1.0,Urban,Y
LP006256,Male,Yes,,Not Graduate,No,2961,1767.0,118.8,360.0,0.0,Semiurban,N
LP006257,Male,Yes,2,Not Graduate,No,3329,1860.0,83.4,360.0,1.0,Urban,Y
LP006258,Female,No,0,Not Graduate,No,3402,0.0,94.5,360.0,1.0,Rural,N
LP006259,Male,Yes,2,Graduate,No,6066,0.0,133.9,360.0,1.0,Semiurban,Y
LP006260,Male,No,0,Not Graduate,No,3636,0.0,112.3,360.0,1.0,Rural,Y
LP006261,Male,Yes,1,Graduate,No,3100,1832.0,137.4,360.0,1.0,Semiurban,Y
LP006262,Male,Yes,0,Not Graduate,No,1857,1071.0,101.1,360.0,1.0,Semiurban,Y
LP006263,Male,No,1,Graduate,No,4549,1878.0,121.5,360.0,1.0,Urban,Y
LP006264,Male,No,,Graduate,No,2702,0.0,71.0,360.0,1.0,Urban,Y
LP006265,Female,No,0,Graduate,No,4121,2340.0,149.0,360.0,1.0,Semiurban,Y
LP006266,Male,Yes,3+,Graduate,Yes,5602,1462.0,96.0,360.0,1.0,Rural,Y
LP006267,Male,Yes,1,Not Graduate,No,5522,1171.0,191.9,360.0,,Urban,Y
LP006268,Male,No,0,Graduate,No,1891,32145.0,88.6,360.0,1.0,Urban,Y
LP006269,Male,Yes,0,Graduate,No,10977,0.0,133.9,360.0,1.0,Urban,Y
LP006270,Male,No,0,Graduate,,3243,2876.0,157.5,360.0,1.0,Urban,Y
LP006271,Female,No,2,Graduate,No,3310,0.0,136.0,360.0,1.0,Urban,N
LP006272,Female,Yes,0,Graduate,No,4345,2360.0,177.8,360.0,1.0,Semiurban,Y
LP006273,Male,Yes,0,Graduate,No,5640,4208.0,180.7,360.0,1.0,Semiurban,Y
LP006274,Male,Yes,1,Graduate,Yes,3450,1170.0,134.1,360.0,1.0,Rural,Y
LP006275,Male,No,0,Graduate,No,2995,0.0,94.9,360.0,1.0,Semiurban,Y
LP006276,Male,No,0,Graduate,No,15480,0.0,235.1,360.0,0.0,Semiurban,Y
LP006277,Male,Yes,2,Graduate,No,8113,3104.0,169.8,360.0,1.0,Rural,Y
LP006278,Female,No,3+,Graduate,,422,40986.0,347.2,180.0,,Urban,Y
LP006279,Male,Yes,0,Graduate,No,2591,2238.0,146.0,360.0,1.0,Semiurban,Y
LP006280,Male,Yes,0,Not Graduate,No,4822,0.0,133.1,360.0,1.0,Rural,N
LP006281,Female,No,0,Graduate,No,2972,0.0,83.4,360.0,1.0,Semiurban,Y
LP006282,Male,Yes,2,Not Graduate,No,2255,0.0,110.5,360.0,1.0,Rural,N
LP006283,Male,Yes,0,Graduate,No,5403,0.0,127.2,360.0,1.0,Rural,Y
LP006284,Male,Yes,3+,Not Graduate,No,5096,0.0,129.3,360.0,,Semiurban,N
LP006285,Male,Yes,1,Graduate,No,3280,1808.0,180.0,360.0,1.0,Urban,Y
LP006286,Male,Yes,0,Not Graduate,No,4375,2101.0,200.6,360.0,1.0,Rural,Y
LP006287,Female,Yes,0,Graduate,Yes,5361,0.0,105.5,360.0,0.0,Rural,N
LP006288,Male,No,0,Graduate,No,2695,1903.0,123.5,360.0,1.0,Rural,Y
LP006289,Male,Yes,0,Not Graduate,No,3292,4568.0,120.1,360.0,1.0,Semiurban,Y
LP006290,Male,No,1,Not Graduate,Yes,2798,1537.0,184.5,360.0,,Semiurban,N
LP006291,Male,Yes,2,Graduate,No,9905,0.0,111.3,360.0,1.0,Urban,Y
LP006292,Female,No,0,Not Graduate,No,3237,0.0,92.2,360.0,1.0,Rural,N
LP006293,Male,Yes,2,Graduate,No,4808,2060.0,183.8,360.0,1.0,Rural,N
LP006294,Male,Yes,2,Graduate,No,5201,3627.0,229.4,360.0,1.0,Semiurban,Y
LP006295,Male,Yes,3+,Graduate,No,2906,2533.0,160.0,360.0,0.0,Semiurban,N
LP006296,,Yes,2,Graduate,No,2986,1801.0,135.0,360.0,0.0,Semiurban,N
LP006297,Male,No,0,Graduate,No,8512,4200.0,309.2,360.0,1.0,Rural,Y
LP006298,Male,Yes,0,Graduate,No,3683,2192.0,120.7,360.0,0.0,Rural,N
LP006299,Male,Yes,0,Not Graduate,No,2354,3776.0,,180.0,1.0,Urban,N
LP006300,Female,No,1,Not Graduate,No,4771,0.0,83.8,360.0,1.0,Rural,N
LP006301,Male,No,0,Graduate,No,4249,7536.0,186.0,360.0,1.0,Urban,Y
LP006302,,No,3+,Graduate,Yes,9265,0.0,288.8,360.0,1.0,Semiurban,Y
LP006303,Male,Yes,1,Graduate,Yes,2085,0.0,65.7,300.0,0.0,Rural,N
LP006304,Male,No,0,Not Graduate,No,3922,0.0,113.2,360.0,1.0,Rural,Y
LP006305,Male,Yes,2,Graduate,No,5847,0.0,186.3,360.0,1.0,Urban,Y
LP006306,Male,Yes,2,Not Graduate,No,3110,1839.0,79.9,360.0,1.0,Urban,Y
LP006307,Male,No,0,Graduate,No,2249,2460.0,136.8,360.0,1.0,Semiurban,Y
LP006308,Male,Yes,0,Graduate,No,4062,2331.0,135.9,360.0,1.0,Semiurban,Y
LP006309,Female,Yes,0,Graduate,No,4472,0.0,85.8,360.0,1.0,Rural,N
LP006310,Male,Yes,0,Graduate,No,5908,0.0,136.0,360.0,1.0,Rural,Y
LP006311,Male,Yes,3+,Not Graduate,No,4733,0.0,92.3,,0.0,Semiurban,N
LP006312,Male,No,0,Graduate,No,2617,1814.0,150.3,360.0,1.0,Rural,Y
LP006313,Male,Yes,2,Graduate,No,7899,0.0,180.7,360.0,1.0,Urban,Y
LP006314,Male,Yes,1,Graduate,No,6366,1968.0,241.9,360.0,1.0,Semiurban,Y
LP006315,Male,Yes,3+,Graduate,No,38613,0.0,599.8,180.0,0.0,Semiurban,Y
LP006316,Male,No,0,Graduate,Yes,16839,0.0,196.9,360.0,0.0,Urban,Y
LP006317,Male,Yes,0,Not Graduate,,1777,1694.0,97.1,360.0,1.0,Rural,Y
LP006318,Male,Yes,2,Graduate,No,8072,0.0,207.0,360.0,1.0,Semiurban,Y
LP006319,Male,Yes,3+,Graduate,No,4344,190.0,120.4,360.0,1.0,Semiurban,Y
LP006320,Male,No,0,Graduate,No,3172,0.0,69.3,360.0,1.0,Urban,Y
LP006321,Male,Yes,2,Graduate,No,4026,0.0,94.3,360.0,1.0,Semiurban,Y
LP006322,Male,Yes,3+,Graduate,No,5462,0.0,131.7,360.0,1.0,Urban,Y
LP006323,Male,Yes,2,Graduate,No,7725,0.0,186.8,360.0,1.0,Urban,Y
LP006324,Male,No,0,Graduate,No,3346,0.0,48.1,360.0,1.0,Urban,Y
LP006325,Male,Yes,0,Graduate,No,6520,4788.0,263.3,360.0,,Semiurban,Y
LP006326,Male,Yes,2,Not Graduate,No,2224,1253.0,123.9,360.0,0.0,Rural,N
LP006327,Male,Yes,3+,Not Graduate,No,3503,0.0,81.2,180.0,1.0,Rural,N
LP006328,Male,Yes,1,Graduate,No,13264,11413.0,360.0,360.0,1.0,Semiurban,Y
LP006329,Male,No,0,Graduate,Yes,5064,0.0,125.5,360.0,1.0,Semiurban,Y
LP006330,Male,Yes,0,Graduate,No,2205,1162.0,,360.0,1.0,Urban,Y
LP006331,Male,Yes,2,Graduate,No,9482,0.0,109.7,360.0,1.0,Urban,Y
LP006332,Male,Yes,0,Graduate,No,2757,1881.0,152.1,360.0,1.0,Rural,Y
LP006333,Male,Yes,1,Graduate,Yes,3007,0.0,93.8,360.0,1.0,Semiurban,Y
LP006334,Male,Yes,1,Graduate,Yes,10465,3930.0,155.0,180.0,0.0,Urban,Y
LP006335,Female,No,3+,Graduate,,418,41398.0,355.5,180.0,,Urban,Y
LP006336,Female,Yes,1,Graduate,No,11884,0.0,484.4,360.0,1.0,Semiurban,Y
LP006337,Male,No,0,Graduate,No,4897,0.0,134.4,360.0,0.0,Rural,Y
LP006338,Female,No,0,Not Graduate,No,1867,0.0,51.8,360.0,1.0,Semiurban,Y
LP006339,Male,Yes,0,Not Graduate,No,2348,3705.0,,180.0,1.0,Urban,N
LP006340,Male,Yes,3+,Graduate,No,4079,0.0,39.2,180.0,1.0,Rural,Y
LP006341,Male,Yes,0,Not Graduate,No,3040,1697.0,98.4,480.0,0.0,Urban,N
LP006342,Male,Yes,3+,Graduate,No,5674,0.0,130.7,360.0,1.0,Urban,Y
LP006343,Male,No,1,Not Graduate,No,3537,0.0,99.4,240.0,,Urban,Y
LP006344,Male,Yes,0,Graduate,No,2590,2276.0,153.8,360.0,1.0,Semiurban,Y
LP006345,Male,Yes,1,Graduate,No,14207,0.0,189.2,180.0,1.0,Rural,Y
LP006346,Male,Yes,0,Graduate,No,3083,2807.0,135.5,360.0,1.0,Semiurban,Y
LP006347,Male,Yes,1,Graduate,Yes,2400,0.0,,360.0,1.0,Semiurban,Y
LP006348,Female,No,0,Graduate,No,3011,3108.0,134.7,360.0,,Rural,Y
LP006349,Female,No,1,Graduate,Yes,7092,0.0,,360.0,1.0,Semiurban,Y
LP006350,Male,Yes,0,Graduate,No,3525,2255.0,130.2,360.0,1.0,Rural,N
LP006351,Male,Yes,2,Not Graduate,No,2217,0.0,116.0,360.0,1.0,Rural,N
LP006352,Female,No,0,Not Graduate,No,2022,0.0,54.9,360.0,1.0,Semiurban,Y
LP006353,Male,No,0,Graduate,No,3914,3596.0,157.0,360.0,1.0,Rural,Y
LP006354,,Yes,0,Graduate,No,2577,1809.0,154.2,360.0,1.0,Rural,N
LP006355,Male,No,0,Graduate,No,3734,0.0,80.7,360.0,1.0,Urban,N
LP006356,Male,,,Graduate,No,3843,787.0,156.2,360.0,1.0,Urban,Y
LP006357,Male,Yes,0,Not Graduate,No,5736,0.0,157.0,360.0,1.0,Urban,N
LP006358,Male,Yes,2,Not Graduate,No,2819,0.0,45.9,180.0,0.0,Urban,N
LP006359,Male,Yes,0,Graduate,No,3074,1282.0,83.1,360.0,1.0,Urban,Y
LP006360,Female,Yes,0,Graduate,Yes,5478,0.0,105.8,360.0,0.0,Rural,N
LP006361,Male,No,0,Graduate,,3117,2786.0,165.5,360.0,1.0,Urban,Y
LP006362,Female,No,3+,Graduate,No,2939,0.0,245.0,360.0,1.0,Rural,Y
LP006363,Male,Yes,0,Not Graduate,No,4225,0.0,110.7,180.0,1.0,Semiurban,Y
LP006364,Female,No,0,Not Graduate,No,2170,0.0,70.5,360.0,1.0,Semiurban,Y
LP006365,Male,Yes,0,Graduate,No,3841,821.0,111.0,360.0,1.0,Semiurban,Y
LP006366,Male,No,0,Graduate,No,2384,20407.0,106.2,360.0,1.0,Semiurban,Y
LP006367,Male,Yes,2,Graduate,No,3987,3635.0,212.6,360.0,0.0,Urban,N
LP006368,Female,Yes,0,Graduate,No,3409,2813.0,112.4,360.0,,Semiurban,Y
LP006369,Female,No,0,Graduate,No,5128,0.0,132.3,360.0,1.0,Rural,Y
LP006370,Male,No,0,Graduate,No,4893,0.0,127.6,360.0,0.0,Rural,Y
LP006371,Male,Yes,2,Not Graduate,No,2176,0.0,116.7,360.0,1.0,Rural,N
LP006372,Male,Yes,1,Not Graduate,No,2444,2263.0,,360.0,1.0,Rural,Y
LP006373,Female,No,0,Graduate,Yes,7307,0.0,193.4,360.0,1.0,Rural,N
LP006374,Male,Yes,3+,Graduate,No,8001,0.0,127.2,180.0,1.0,Urban,Y
LP006375,Male,No,0,Graduate,No,2045,1953.0,76.1,360.0,1.0,Urban,Y
LP006376,Male,Yes,0,Graduate,No,5865,2231.0,261.0,360.0,,Semiurban,N
LP006377,Male,No,0,Not Graduate,No,4084,1676.0,111.8,360.0,1.0,Rural,Y
LP006378,Male,Yes,2,Graduate,No,3732,3574.0,209.5,360.0,0.0,Urban,N
LP006379,Male,Yes,0,Graduate,No,2331,0.0,58.5,360.0,0.0,Urban,N
LP006380,Male,Yes,1,Graduate,No,3498,3401.0,163.7,360.0,1.0,Urban,Y
LP006381,Male,No,0,Graduate,No,4965,0.0,127.4,,0.0,Rural,N
LP006382,Female,Yes,2,Graduate,No,14587,0.0,69.4,360.0,1.0,Urban,Y
LP006383,Female,Yes,0,Graduate,,2924,2357.0,140.5,360.0,1.0,Semiurban,Y
LP006384,Male,Yes,3+,Graduate,Yes,10305,0.0,269.2,360.0,1.0,Semiurban,Y
LP006385,Female,No,0,Not Graduate,Yes,17311,0.0,219.8,360.0,1.0,Semiurban,Y
LP006386,Male,Yes,0,Not Graduate,No,3993,1519.0,119.6,300.0,1.0,Semiurban,Y
LP006387,Male,No,2,Graduate,No,5655,4850.0,162.5,360.0,1.0,Rural,Y
LP006388,Female,No,0,Graduate,No,3143,0.0,29.1,360.0,1.0,Urban,Y
LP006389,Male,Yes,0,Graduate,No,5598,0.0,134.5,360.0,1.0,Rural,Y
LP006390,Male,No,0,Graduate,No,2547,0.0,99.0,480.0,1.0,Semiurban,N
LP006391,Female,Yes,0,Not Graduate,No,3959,0.0,119.1,360.0,,Rural,Y
LP006392,Male,Yes,2,Graduate,No,2367,994.0,80.0,180.0,1.0,Urban,Y
LP006393,Male,No,0,Not Graduate,No,3677,1586.0,110.1,360.0,1.0,Semiurban,Y
LP006394,,Yes,0,Graduate,Yes,662,5049.0,168.8,360.0,1.0,Rural,Y
LP006395,Male,Yes,2,Graduate,No,3963,1476.0,160.2,360.0,1.0,Rural,Y
LP006396,Male,No,0,Not Graduate,,2601,1996.0,125.3,360.0,1.0,Rural,Y
LP006397,Male,No,0,Not Graduate,,2451,2058.0,122.1,360.0,1.0,Rural,Y
LP006398,Male,Yes,0,Not Graduate,No,2653,2287.0,116.2,360.0,1.0,Urban,Y
LP006399,Male,No,0,Graduate,No,9500,0.0,190.8,360.0,1.0,Rural,Y
LP006400,Male,No,0,Graduate,,13242,0.0,396.0,360.0,1.0,Semiurban,Y
LP006401,Male,Yes,1,Graduate,Yes,3478,2031.0,155.9,360.0,1.0,Semiurban,Y
LP006402,Male,Yes,1,Graduate,No,6132,7253.0,186.9,360.0,0.0,Urban,Y
LP006403,Male,Yes,1,Not Graduate,No,6783,0.0,142.3,180.0,1.0,Urban,Y
LP006404,Male,Yes,0,Graduate,No,13955,0.0,431.7,360.0,1.0,Semiurban,Y
LP006405,Male,Yes,2,Graduate,No,6526,0.0,197.2,360.0,1.0,Semiurban,Y
LP006406,Male,Yes,1,Not Graduate,No,2573,7438.0,284.1,180.0,1.0,Semiurban,Y
LP006407,Male,Yes,1,Graduate,No,6561,7334.0,184.8,360.0,0.0,Urban,Y
LP006408,Male,Yes,0,Graduate,Yes,2581,3144.0,182.4,360.0,1.0,Urban,Y
LP006409,Male,Yes,0,Not Graduate,No,4491,0.0,116.5,360.0,,Rural,Y
LP006410,Male,Yes,1,Graduate,Yes,8689,5211.0,385.7,360.0,0.0,Rural,Y
LP006411,Male,Yes,2,Graduate,No,8552,3074.0,170.6,360.0,1.0,Rural,Y
LP006412,Male,No,3+,Graduate,No,8713,0.0,189.3,360.0,1.0,Rural,Y
LP006413,Male,Yes,1,Graduate,No,4154,0.0,48.8,240.0,1.0,Urban,Y
LP006414,Male,Yes,2,Graduate,No,3604,0.0,119.2,360.0,1.0,Semiurban,Y
LP006415,Male,Yes,3+,Graduate,No,3596,1226.0,129.0,360.0,0.0,Semiurban,N
LP006416,Male,No,0,Graduate,No,5952,3764.0,302.5,360.0,1.0,Rural,N
LP006417,Male,No,0,Graduate,Yes,7363,0.0,125.0,360.0,1.0,Urban,Y
LP006418,Female,No,0,Graduate,No,2415,0.0,45.2,360.0,1.0,Rural,N
LP006419,Female,Yes,0,Graduate,No,3656,1512.0,144.1,360.0,1.0,Semiurban,Y
LP006420,Male,No,0,Not Graduate,No,3623,1289.0,100.1,360.0,1.0,Rural,N
LP006421,Male,Yes,0,Graduate,No,3098,1486.0,141.5,360.0,1.0,Semiurban,Y
LP006422,Male,No,0,Graduate,No,2264,0.0,64.3,480.0,0.0,Semiurban,N
LP006423,Male,Yes,1,Not Graduate,No,4611,1168.0,163.2,360.0,1.0,Urban,Y
LP006424,Male,No,0,Not Graduate,No,2078,0.0,,360.0,1.0,Urban,N
LP006425,Female,No,0,Graduate,No,2139,0.0,101.6,360.0,0.0,Semiurban,N
LP006426,Male,Yes,0,Graduate,No,5873,3827.0,317.6,360.0,1.0,Urban,Y
LP006427,Female,Yes,0,Graduate,,2872,2361.0,137.1,360.0,1.0,Semiurban,Y
LP006428,Female,No,1,Not Graduate,Yes,3927,0.0,62.0,360.0,1.0,Semiurban,N
LP006429,Female,No,0,Not Graduate,No,4293,0.0,115.3,360.0,1.0,Semiurban,Y
LP006430,Female,Yes,0,Graduate,No,3545,0.0,111.5,360.0,1.0,Semiurban,Y
LP006431,Male,No,0,Graduate,No,6131,4219.0,285.2,360.0,1.0,Semiurban,Y
LP006432,Female,Yes,1,Graduate,No,3354,877.0,103.5,84.0,1.0,Semiurban,Y
LP006433,Male,No,0,Graduate,No,3071,0.0,71.4,480.0,1.0,Urban,N
LP006434,Male,Yes,1,Graduate,No,5546,0.0,44.1,360.0,1.0,Urban,Y
LP006435,Male,Yes,2,Graduate,Yes,6786,0.0,,360.0,0.0,Rural,Y
LP006436,Male,Yes,1,Not Graduate,No,5172,1411.0,163.0,360.0,0.0,Semiurban,Y
LP006437,Male,Yes,1,Not Graduate,No,4146,5050.0,138.3,360.0,,Rural,Y
LP006438,Male,Yes,1,Graduate,No,5698,5705.0,308.2,360.0,1.0,Urban,Y
LP006439,Male,Yes,1,Graduate,Yes,8070,0.0,234.3,360.0,1.0,Urban,Y
LP006440,Male,Yes,2,Not Graduate,No,7666,0.0,191.0,360.0,,Rural,Y
LP006441,Male,Yes,0,Graduate,No,11077,0.0,133.4,360.0,1.0,Urban,Y
LP006442,Male,Yes,1,Graduate,No,3454,1818.0,182.7,360.0,1.0,Urban,Y
LP006443,Male,No,2,Graduate,No,4984,0.0,164.8,360.0,0.0,Semiurban,Y
LP006444,Male,No,0,Graduate,No,3050,0.0,71.9,360.0,1.0,Urban,N
LP006445,Male,No,3+,Not Graduate,No,4827,2069.0,148.1,360.0,1.0,Semiurban,Y
LP006446,Male,Yes,0,Graduate,No,7755,0.0,278.6,360.0,1.0,Urban,N
LP006447,Male,Yes,1,Not Graduate,No,2768,7242.0,285.4,180.0,1.0,Semiurban,Y
LP006448,Male,Yes,2,Not Graduate,No,2261,1736.0,45.8,360.0,1.0,Semiurban,Y
LP006449,Male,Yes,2,Graduate,No,2901,1604.0,,360.0,1.0,Urban,N
LP006450,Male,Yes,1,Graduate,No,13236,10569.0,339.2,360.0,1.0,Semiurban,Y
LP006451,Male,Yes,0,Not Graduate,No,3759,1459.0,123.6,300.0,1.0,Semiurban,Y
LP006452,Female,Yes,0,Graduate,No,4013,2233.0,175.3,360.0,1.0,Semiurban,Y
LP006453,Female,,,Graduate,No,10511,0.0,,240.0,1.0,Semiurban,Y
LP006454,Male,No,0,Graduate,No,5397,0.0,130.8,360.0,1.0,Urban,Y
LP006455,Male,No,0,Graduate,No,9125,0.0,242.8,360.0,1.0,Urban,N
LP006456,Male,No,0,Graduate,No,4793,3928.0,148.0,360.0,1.0,Semiurban,Y
LP006457,Male,No,0,Not Graduate,No,4799,0.0,48.7,360.0,1.0,Rural,Y
LP006458,Male,Yes,0,Graduate,No,6208,2139.0,214.8,360.0,1.0,Rural,Y
LP006459,Female,No,0,Graduate,No,3705,0.0,114.5,360.0,1.0,Semiurban,Y
LP006460,Male,Yes,2,Graduate,Yes,4498,2090.0,163.3,360.0,1.0,Semiurban,Y
LP006461,Male,Yes,0,Graduate,No,2496,2166.0,100.2,360.0,1.0,Semiurban,Y
LP006462,Male,No,0,Graduate,No,3849,0.0,75.2,360.0,1.0,Semiurban,Y
LP006463,Male,Yes,0,Graduate,No,4638,3447.0,,360.0,1.0,Semiurban,Y
LP006464,Male,No,0,Graduate,,6562,0.0,,360.0,,Urban,N
LP006465,Male,Yes,0,Graduate,No,1755,1737.0,98.2,360.0,1.0,Urban,Y
LP006466,Female,No,0,Not Graduate,No,1860,2412.0,118.9,,1.0,Urban,Y
LP006467,Male,No,0,Graduate,No,6091,0.0,,360.0,1.0,Urban,Y
LP006468,Male,Yes,0,Not Graduate,No,2083,2388.0,111.9,360.0,1.0,Urban,Y
LP006469,Male,Yes,0,Graduate,No,4420,0.0,125.8,360.0,,Semiurban,Y
LP006470,Female,Yes,0,Graduate,No,4701,0.0,112.2,360.0,1.0,Rural,N
LP006471,Male,Yes,0,Graduate,Yes,2555,2935.0,191.3,360.0,1.0,Urban,Y
LP006472,Female,No,0,Graduate,No,2603,0.0,56.9,360.0,1.0,Rural,Y
LP006473,,No,3+,Graduate,Yes,9135,0.0,290.9,360.0,1.0,Semiurban,Y
LP006474,Male,Yes,2,Graduate,Yes,1555,20754.0,239.4,360.0,1.0,Urban,Y
LP006475,Male,Yes,2,Graduate,No,6676,1792.0,230.3,300.0,1.0,Semiurban,Y
LP006476,Male,No,0,Graduate,No,3417,0.0,82.2,300.0,1.0,Semiurban,Y
LP006477,Male,Yes,2,Graduate,No,5160,2166.0,178.3,360.0,1.0,Rural,N
LP006478,Male,No,0,Graduate,No,1860,34914.0,91.5,360.0,1.0,Urban,Y
LP006479,Male,No,0,Graduate,No,2137,2317.0,134.9,360.0,1.0,Semiurban,Y
LP006480,Female,No,0,Graduate,No,3986,0.0,69.3,360.0,1.0,Semiurban,Y
LP006481,Female,No,0,Graduate,No,2499,1805.0,100.2,360.0,0.0,Urban,N
LP006482,Male,Yes,0,Not Graduate,No,3335,4234.0,119.1,360.0,1.0,Semiurban,Y
LP006483,Male,No,0,Graduate,No,5809,3606.0,311.6,360.0,1.0,Rural,N
LP006484,Male,Yes,1,Graduate,,5217,662.0,163.3,360.0,1.0,Rural,Y
LP006485,Male,Yes,3+,Graduate,No,6572,0.0,148.0,360.0,1.0,Semiurban,N
LP006486,Male,Yes,2,Not Graduate,No,3645,242.0,107.0,360.0,1.0,Semiurban,Y
LP006487,Male,No,0,Graduate,No,3916,0.0,116.9,480.0,1.0,Urban,N
LP006488,Male,Yes,0,Not Graduate,Yes,4518,745.0,85.0,360.0,1.0,Semiurban,N
LP006489,Male,Yes,2,Graduate,No,3941,3628.0,209.2,360.0,0.0,Urban,N
LP006490,Male,Yes,0,Graduate,No,4402,0.0,72.1,180.0,1.0,Semiurban,Y
LP006491,Male,No,0,Graduate,No,12425,0.0,167.2,360.0,1.0,Semiurban,N
LP006492,Female,No,0,Graduate,No,4283,0.0,117.2,360.0,0.0,Semiurban,N
LP006493,Female,No,0,Graduate,Yes,2400,0.0,92.4,360.0,,Urban,Y
LP006494,Male,Yes,0,Graduate,No,1689,3455.0,135.9,360.0,1.0,Semiurban,Y
LP006495,Male,Yes,1,Not Graduate,No,2149,2627.0,130.4,360.0,1.0,Urban,Y
LP006496,Male,No,0,Graduate,No,3676,1561.0,,360.0,1.0,Rural,Y
LP006497,Male,Yes,2,Not Graduate,No,1967,1433.0,57.9,300.0,,Urban,Y
LP006498,Male,Yes,1,Graduate,No,6624,0.0,178.4,360.0,1.0,Semiurban,Y
LP006499,Male,Yes,0,Graduate,No,2385,0.0,72.1,360.0,,Urban,Y
LP006500,Male,Yes,0,Graduate,No,1029,2833.0,113.3,360.0,1.0,Rural,Y
LP006501,Male,Yes,1,Graduate,No,19190,0.0,488.4,360.0,1.0,Urban,N
LP006502,Male,Yes,1,Graduate,Yes,975,3102.0,111.7,360.0,1.0,Urban,N
LP006503,Female,No,1,Graduate,No,2979,1546.0,88.6,360.0,1.0,Urban,Y
LP006504,,Yes,0,Graduate,No,2484,1753.0,163.7,360.0,1.0,Rural,N
LP006505,Male,Yes,0,Graduate,No,2455,3372.0,127.3,360.0,1.0,Rural,Y
LP006506,Female,No,3+,Not Graduate,No,1801,0.0,,360.0,0.0,Urban,N
LP006507,Male,Yes,0,Not Graduate,No,6070,0.0,161.5,360.0,1.0,Urban,N
LP006508,Male,Yes,0,Graduate,No,3779,1657.0,146.4,360.0,0.0,Rural,N
LP006509,Male,Yes,2,Graduate,No,2361,947.0,80.6,180.0,1.0,Urban,Y
LP006510,Male,Yes,,Graduate,Yes,5384,4557.0,71.6,,1.0,Semiurban,Y
LP006511,Male,Yes,0,Graduate,No,5700,0.0,122.4,360.0,1.0,Rural,Y
LP006512,Male,No,0,Graduate,No,4618,2047.0,,360.0,1.0,Semiurban,N
LP006513,Male,Yes,1,Graduate,No,3196,0.0,99.4,360.0,1.0,Semiurban,Y
LP006514,Male,Yes,0,Graduate,No,2123,3102.0,126.5,360.0,1.0,Semiurban,Y
LP006515,Male,Yes,2,Graduate,Yes,5798,0.0,207.5,240.0,1.0,Semiurban,N
LP006516,Male,Yes,0,Graduate,No,3684,4260.0,134.6,180.0,0.0,Rural,Y
LP006517,Male,Yes,0,Graduate,No,3881,2691.0,166.4,360.0,1.0,Urban,N
LP006518,Male,No,0,Graduate,No,8805,0.0,217.7,360.0,1.0,Urban,Y
LP006519,Male,No,0,Not Graduate,No,3447,0.0,24.7,120.0,1.0,Semiurban,Y
LP006520,Male,Yes,2,Not Graduate,No,1977,1523.0,58.5,300.0,,Urban,Y
LP006521,Male,Yes,2,Graduate,No,6050,0.0,136.7,360.0,1.0,Semiurban,Y
LP006522,Male,No,0,Graduate,No,6481,0.0,119.9,360.0,0.0,Rural,Y
LP006523,Male,Yes,0,Graduate,No,2035,6610.0,67.7,180.0,1.0,Semiurban,Y
LP006524,Male,Yes,0,Graduate,No,4807,901.0,116.3,180.0,1.0,Urban,Y
LP006525,Male,Yes,1,Graduate,No,5976,5513.0,320.4,360.0,1.0,Urban,Y
LP006526,Female,No,0,Graduate,No,2424,0.0,54.1,360.0,1.0,Rural,Y
LP006527,Male,No,0,Graduate,No,4599,1870.0,191.2,360.0,1.0,Semiurban,N
LP006528,Female,No,0,Not Graduate,No,4381,0.0,122.3,360.0,1.0,Semiurban,Y
LP006529,Female,No,0,Graduate,,2856,1463.0,108.6,360.0,1.0,Urban,Y
LP006530,Male,Yes,2,Not Graduate,No,2408,1268.0,123.6,360.0,0.0,Rural,N
LP006531,Male,Yes,0,Graduate,Yes,16327,0.0,260.1,360.0,1.0,Urban,Y
LP006532,Male,Yes,1,Graduate,No,3710,0.0,114.7,360.0,1.0,Semiurban,Y
LP006533,Male,No,0,Graduate,No,3333,0.0,129.9,360.0,1.0,Semiurban,N
LP006534,Male,No,0,Graduate,No,6585,4411.0,216.9,360.0,0.0,Rural,Y
LP006535,Female,No,1,Not Graduate,,5441,0.0,132.9,360.0,1.0,Semiurban,Y
LP006536,Male,Yes,2,Graduate,No,3082,0.0,80.7,360.0,1.0,Semiurban,Y
LP006537,Male,Yes,0,Not Graduate,No,3674,4076.0,148.6,,0.0,Rural,Y
LP006538,Male,Yes,2,Graduate,,2456,1786.0,110.3,360.0,1.0,Urban,Y
LP006539,Female,No,0,Graduate,No,3809,0.0,94.4,360.0,,Rural,Y
LP006540,Male,Yes,2,Graduate,No,8718,0.0,261.8,360.0,0.0,Urban,Y
LP006541,Male,No,1,Graduate,No,4308,1789.0,112.6,360.0,1.0,Urban,Y
LP006542,Male,Yes,2,Graduate,No,2357,970.0,80.5,180.0,1.0,Urban,Y
LP006543,Male,Yes,2,Not Graduate,No,4023,1435.0,127.3,360.0,1.0,Rural,N
LP006544,Male,Yes,2,Not Graduate,No,2758,0.0,45.9,180.0,0.0,Urban,N
LP006545,Female,Yes,0,Graduate,No,2471,2342.0,139.8,360.0,1.0,Semiurban,Y
LP006546,Female,Yes,2,Graduate,No,2019,1653.0,114.4,480.0,1.0,Semiurban,Y
LP006547,Female,No,0,Graduate,No,2472,0.0,8.9,360.0,1.0,Urban,N
LP006548,Male,Yes,3+,Not Graduate,Yes,6834,0.0,126.1,60.0,1.0,Urban,Y
LP006549,Male,Yes,1,Graduate,No,2130,1392.0,81.9,360.0,,Urban,Y
LP006550,Male,Yes,1,Graduate,No,7795,2262.0,183.8,360.0,1.0,Urban,Y
LP006551,Male,No,1,Graduate,Yes,4471,0.0,102.6,360.0,1.0,Rural,N
LP006552,Male,Yes,0,Graduate,No,1969,2088.0,87.3,360.0,,Urban,Y
LP006553,Female,No,0,Graduate,No,4063,2166.0,139.4,360.0,1.0,Semiurban,Y
LP006554,Male,Yes,2,Graduate,Yes,4551,2109.0,164.3,360.0,1.0,Semiurban,Y
LP006555,Male,Yes,0,Not Graduate,No,5015,0.0,133.5,360.0,1.0,Rural,N
LP006556,Male,No,0,Graduate,No,8743,3657.0,189.9,360.0,1.0,Rural,Y
LP006557,Male,No,1,Not Graduate,Yes,2813,1568.0,192.8,360.0,,Semiurban,N
LP006558,Male,Yes,0,Graduate,No,3712,2734.0,166.4,360.0,1.0,Semiurban,Y
LP006559,Male,Yes,2,Not Graduate,No,1880,1516.0,58.2,300.0,,Urban,Y
LP006560,Female,No,0,Graduate,No,4281,0.0,116.5,360.0,1.0,Semiurban,Y
LP006561,Male,Yes,2,Graduate,No,5055,2178.0,186.1,360.0,1.0,Rural,N
LP006562,Male,Yes,0,Graduate,No,6194,2139.0,255.1,360.0,,Semiurban,N
LP006563,Male,No,3+,Graduate,No,9493,0.0,180.6,360.0,1.0,Rural,Y
LP006564,Male,Yes,0,Graduate,No,3128,3583.0,55.0,180.0,1.0,Semiurban,Y
LP006565,Male,Yes,0,Graduate,No,3315,3076.0,132.3,360.0,1.0,Urban,Y
LP006566,Male,Yes,2,Graduate,Yes,17595,0.0,395.4,360.0,1.0,Rural,Y
LP006567,Male,Yes,0,Graduate,No,3122,3064.0,131.8,360.0,1.0,Urban,Y
LP006568,Male,No,0,Graduate,No,2615,19030.0,103.4,360.0,1.0,Semiurban,Y
LP006569,Male,No,0,Graduate,No,3883,1699.0,,360.0,1.0,Rural,Y
LP006570,Male,Yes,2,Graduate,No,6408,1687.0,224.7,300.0,1.0,Semiurban,Y
LP006571,Female,No,0,Not Graduate,No,1991,0.0,52.1,360.0,1.0,Semiurban,Y
LP006572,Male,No,0,Not Graduate,No,1454,0.0,36.1,360.0,1.0,Urban,N
LP006573,Male,Yes,2,Graduate,Yes,2598,4755.0,176.0,360.0,1.0,Rural,Y
LP006574,Female,No,1,Graduate,No,4795,0.0,79.5,360.0,1.0,Semiurban,N
LP006575,Female,No,0,Graduate,No,2342,0.0,9.1,360.0,1.0,Urban,N
LP006576,Male,Yes,3+,Graduate,No,9947,0.0,268.4,360.0,1.0,Rural,Y
LP006577,Male,Yes,0,Graduate,No,3839,1689.0,126.5,360.0,1.0,Semiurban,Y
LP006578,Male,Yes,2,Not Graduate,No,6204,1648.0,179.8,480.0,1.0,Semiurban,N
LP006579,Male,No,2,Graduate,No,4821,0.0,172.0,360.0,0.0,Semiurban,Y
LP006580,Male,No,1,Not Graduate,No,3550,0.0,101.8,240.0,,Urban,Y
LP006581,Male,Yes,3+,Graduate,No,4415,187.0,127.0,360.0,1.0,Semiurban,Y
LP006582,Male,Yes,,Not Graduate,No,2942,1746.0,127.7,360.0,0.0,Semiurban,N
LP006583,Male,Yes,0,Graduate,No,3088,1983.0,107.6,360.0,0.0,Urban,N
LP006584,Male,Yes,3+,Graduate,No,15320,0.0,305.7,360.0,1.0,Rural,Y
LP006585,Male,Yes,0,Graduate,,6243,0.0,162.5,360.0,,Urban,Y
LP006586,Male,Yes,0,Graduate,No,2037,2121.0,86.9,360.0,,Urban,Y
LP006587,Male,Yes,1,Graduate,Yes,2311,0.0,,360.0,1.0,Semiurban,Y
LP006588,Female,No,0,Graduate,Yes,2485,0.0,90.1,360.0,,Urban,Y
LP006589,,Yes,0,Graduate,No,17143,0.0,110.6,360.0,1.0,Semiurban,Y
LP006590,Male,Yes,0,Graduate,No,14528,0.0,96.6,360.0,1.0,Semiurban,Y
LP006591,Male,Yes,1,Not Graduate,No,3326,1042.0,139.9,360.0,1.0,Urban,Y
LP006592,Female,Yes,0,Graduate,No,3219,0.0,35.8,360.0,1.0,Semiurban,Y
LP006593,Male,No,0,Not Graduate,No,2456,1597.0,134.0,360.0,1.0,Semiurban,Y
LP006594,Male,Yes,0,Graduate,No,1998,1009.0,50.3,360.0,1.0,Semiurban,Y
LP006595,Male,Yes,2,Graduate,,2484,2406.0,121.8,360.0,1.0,Rural,Y
LP006596,Male,No,0,Not Graduate,No,3903,2576.0,55.4,360.0,1.0,Rural,Y
LP006597,Male,Yes,0,Graduate,No,2208,6376.0,70.2,180.0,1.0,Semiurban,Y
LP006598,Male,Yes,1,Graduate,No,4168,2942.0,171.9,84.0,1.0,Rural,N
LP006599,Male,Yes,0,Graduate,No,3746,3098.0,182.2,,1.0,Rural,Y
LP006600,Male,Yes,1,Graduate,No,5897,5858.0,306.5,360.0,1.0,Urban,Y
LP006601,Male,Yes,2,Not Graduate,No,2214,0.0,112.7,360.0,1.0,Rural,N
LP006602,Male,No,0,Graduate,Yes,10742,0.0,188.6,360.0,0.0,Urban,Y
LP006603,Male,Yes,0,Graduate,No,2440,3456.0,171.9,360.0,1.0,Semiurban,Y
LP006604,Male,Yes,2,Graduate,,5080,0.0,71.9,360.0,0.0,Semiurban,N
LP006605,Male,Yes,0,Graduate,No,3502,2128.0,115.0,360.0,0.0,Rural,N
LP006606,Male,No,0,Graduate,Yes,6142,0.0,195.1,360.0,1.0,Rural,Y
LP006607,Male,Yes,0,Graduate,,2619,3349.0,113.4,,1.0,Urban,Y
LP006608,Male,Yes,1,Graduate,No,3350,3378.0,157.0,360.0,1.0,Urban,Y
LP006609,Male,Yes,1,Graduate,No,1490,1480.0,30.2,360.0,1.0,Urban,Y
LP006610,Male,No,0,Not Graduate,,7007,0.0,123.5,360.0,1.0,Rural,N
LP006611,Male,No,0,Graduate,No,2395,20709.0,100.2,360.0,1.0,Semiurban,Y
LP006612,Male,No,0,Not Graduate,No,4021,0.0,105.7,360.0,1.0,Rural,Y
LP006613,Male,Yes,0,Graduate,No,2142,3258.0,127.5,360.0,1.0,Semiurban,Y
LP006614,Male,No,0,Graduate,No,2605,0.0,95.5,480.0,1.0,Semiurban,N
LP006615,Male,Yes,0,Not Graduate,No,2184,2028.0,110.5,360.0,1.0,Rural,Y
LP006616,Male,No,0,Graduate,No,21164,0.0,492.8,360.0,1.0,Rural,N
LP006617,Male,Yes,0,Graduate,Yes,3335,0.0,25.6,120.0,1.0,Semiurban,Y
LP006618,Male,Yes,2,Graduate,No,2303,954.0,75.5,180.0,1.0,Urban,Y
LP006619,Male,No,0,Graduate,No,3615,0.0,83.8,300.0,1.0,Semiurban,Y
LP006620,Female,No,0,Not Graduate,No,4284,0.0,149.2,360.0,1.0,Rural,Y
LP006621,Male,No,0,Graduate,No,8684,4157.0,311.3,360.0,1.0,Rural,Y
LP006622,Female,Yes,0,Graduate,No,4024,2304.0,184.5,360.0,1.0,Semiurban,Y
LP006623,Male,Yes,1,Graduate,Yes,8339,4977.0,381.4,360.0,0.0,Rural,Y
LP006624,Male,No,3+,Not Graduate,No,4763,2000.0,145.2,360.0,1.0,Semiurban,Y
LP006625,Male,Yes,0,Graduate,No,1789,3455.0,129.2,360.0,1.0,Semiurban,Y
LP006626,Male,Yes,1,Graduate,No,8304,2219.0,180.7,360.0,1.0,Urban,Y
LP006627,,No,0,Graduate,No,3603,0.0,93.7,360.0,1.0,Urban,N
LP006628,Male,Yes,3+,Graduate,No,5326,0.0,90.4,360.0,1.0,Urban,N
LP006629,Male,Yes,0,Not Graduate,No,5799,0.0,219.1,360.0,0.0,Rural,Y
LP006630,Male,Yes,2,Not Graduate,No,1891,1446.0,59.8,300.0,,Urban,Y
LP006631,Female,No,0,Graduate,No,4368,0.0,117.5,360.0,0.0,Semiurban,N
LP006632,Male,Yes,0,Graduate,Yes,15436,0.0,252.7,360.0,1.0,Urban,Y
LP006633,Male,Yes,2,Not Graduate,No,2321,0.0,116.1,360.0,1.0,Rural,N
LP006634,Male,No,0,Graduate,No,3962,3319.0,146.7,360.0,1.0,Rural,Y
LP006635,Male,Yes,3+,Graduate,No,3235,3982.0,185.6,300.0,0.0,Semiurban,N
LP006636,,Yes,0,Graduate,No,2523,1900.0,158.4,360.0,1.0,Rural,N
LP006637,Female,Yes,0,Graduate,No,4068,2381.0,182.7,360.0,1.0,Semiurban,Y
LP006638,Male,Yes,1,Not Graduate,No,6455,0.0,141.3,180.0,1.0,Urban,Y
LP006639,Female,No,0,Graduate,No,2944,0.0,69.9,360.0,1.0,Rural,Y
LP006640,Male,Yes,0,Not Graduate,No,2228,2015.0,107.2,360.0,1.0,Rural,Y
LP006641,Male,Yes,1,Graduate,,3603,2930.0,150.3,360.0,,Semiurban,N
LP006642,Female,No,0,Graduate,No,1852,1588.0,52.9,360.0,1.0,Urban,Y
LP006643,Male,Yes,2,Graduate,No,3224,1739.0,150.3,360.0,0.0,Rural,N
LP006644,Male,Yes,0,Not Graduate,No,1864,2906.0,91.3,360.0,0.0,Urban,N
LP006645,Male,Yes,1,Graduate,No,10765,0.0,321.1,360.0,1.0,Urban,Y
LP006646,Male,Yes,0,Not Graduate,No,2241,1507.0,95.8,360.0,1.0,Urban,Y
LP006647,Female,Yes,0,Graduate,No,4671,0.0,80.6,360.0,1.0,Rural,N
LP006648,Male,Yes,2,Graduate,No,4174,1501.0,161.9,360.0,1.0,Rural,Y
LP006649,Female,Yes,2,Graduate,No,1350,1873.0,164.7,360.0,1.0,Urban,N
LP006650,Male,Yes,0,Graduate,No,3220,1349.0,136.0,360.0,1.0,Semiurban,Y
LP006651,Male,No,0,Graduate,No,3429,0.0,80.2,300.0,1.0,Semiurban,Y
LP006652,Male,Yes,0,Graduate,,5609,0.0,257.7,360.0,,Urban,N
LP006653,Female,No,0,Graduate,No,3295,0.0,87.6,,1.0,Urban,Y
LP006654,Male,No,0,Graduate,No,2031,2148.0,135.4,360.0,1.0,Semiurban,Y
LP006655,Male,Yes,0,Graduate,No,3409,1959.0,112.7,360.0,1.0,Rural,Y
LP006656,Male,Yes,0,Graduate,No,3774,3142.0,188.8,,1.0,Rural,Y
LP006657,Male,Yes,0,Graduate,No,20092,5455.0,580.5,360.0,1.0,Rural,Y
LP006658,Male,Yes,2,Graduate,No,4616,0.0,131.3,360.0,1.0,Urban,N
LP006659,Male,Yes,0,Graduate,No,1053,2784.0,114.0,360.0,1.0,Rural,Y
LP006660,Male,Yes,0,Graduate,No,21544,6793.0,482.9,360.0,,Urban,Y
LP006661,Male,Yes,3+,Not Graduate,No,2668,1582.0,167.6,360.0,1.0,Rural,N
LP006662,,Yes,3+,Graduate,No,24086,0.0,360.5,360.0,1.0,Rural,Y
LP006663,Male,Yes,1,Graduate,No,8119,0.0,146.4,300.0,0.0,Semiurban,Y
LP006664,Male,No,0,Graduate,No,2598,0.0,98.4,480.0,1.0,Semiurban,N
LP006665,Female,No,0,Graduate,No,3082,0.0,30.1,360.0,1.0,Urban,Y
LP006666,Female,Yes,1,Graduate,No,11818,0.0,488.7,360.0,1.0,Semiurban,Y
LP006667,Male,No,0,Graduate,No,3137,0.0,68.9,480.0,1.0,Urban,N
LP006668,Male,No,0,Graduate,No,3353,0.0,80.9,300.0,1.0,Semiurban,Y
LP006669,Male,Yes,1,Not Graduate,No,6398,0.0,137.3,180.0,1.0,Urban,Y
LP006670,Male,Yes,0,Graduate,No,2421,0.0,76.2,360.0,,Urban,Y
LP006671,Male,Yes,3+,Graduate,No,8802,4965.0,134.9,360.0,1.0,Rural,Y
LP006672,Male,No,0,Graduate,No,3686,0.0,79.6,360.0,1.0,Urban,N
LP006673,Male,Yes,2,Graduate,No,8250,0.0,198.5,360.0,1.0,Semiurban,Y
LP006674,Male,Yes,3+,Graduate,No,3302,1243.0,126.7,360.0,0.0,Semiurban,N
LP006675,Male,No,0,Not Graduate,No,3513,0.0,112.9,360.0,1.0,Rural,Y
LP006676,Male,No,0,Graduate,No,4245,7145.0,178.9,360.0,1.0,Urban,Y
LP006677,Male,Yes,1,Graduate,No,6199,0.0,172.8,360.0,1.0,Semiurban,Y
LP006678,Male,No,0,Graduate,No,6356,0.0,120.1,360.0,0.0,Rural,Y
LP006679,Male,No,0,Graduate,No,5130,0.0,130.7,360.0,1.0,Urban,Y
LP006680,Male,Yes,2,Graduate,No,2937,1609.0,,360.0,1.0,Urban,N
LP006681,Female,,,Graduate,No,10051,0.0,,240.0,1.0,Semiurban,Y
LP006682,Male,Yes,1,Graduate,No,5697,0.0,43.3,360.0,1.0,Urban,Y
LP006683,Male,Yes,3+,Graduate,No,6414,0.0,151.7,360.0,1.0,Semiurban,N
LP006684,Male,No,0,Not Graduate,No,6213,0.0,129.7,360.0,1.0,Rural,N
LP006685,Male,Yes,3+,Not Graduate,Yes,6981,0.0,123.0,60.0,1.0,Urban,Y
LP006686,Female,No,0,Graduate,No,4785,2477.0,150.8,480.0,1.0,Rural,N
LP006687,Male,Yes,3+,Graduate,,4234,1298.0,109.3,360.0,1.0,Urban,Y
LP006688,Male,Yes,3+,Not Graduate,No,3965,0.0,,180.0,1.0,Urban,N
LP006689,Male,Yes,0,Graduate,No,2463,3732.0,116.2,360.0,1.0,Urban,Y
LP006690,Male,Yes,2,Graduate,Yes,5755,0.0,149.0,84.0,,Rural,Y
LP006691,Male,Yes,0,Not Graduate,No,1826,1004.0,94.4,360.0,1.0,Semiurban,Y
LP006692,Male,No,1,Graduate,No,4466,1720.0,119.3,360.0,1.0,Urban,Y
LP006693,Male,Yes,1,Not Graduate,No,5477,1360.0,155.5,360.0,0.0,Semiurban,Y
LP006694,Male,Yes,2,Graduate,Yes,2449,4564.0,175.5,360.0,1.0,Rural,Y
LP006695,Male,Yes,0,Not Graduate,No,2326,3681.0,,180.0,1.0,Urban,N
LP006696,Male,Yes,1,Graduate,No,1562,1716.0,93.5,360.0,1.0,Urban,Y
LP006697,Male,Yes,2,Graduate,No,4921,5635.0,202.0,360.0,1.0,Semiurban,Y
LP006698,Male,Yes,2,Graduate,Yes,2485,4682.0,170.7,360.0,1.0,Rural,Y
LP006699,Male,Yes,0,Graduate,No,2698,1932.0,109.6,360.0,1.0,Rural,Y
LP006700,Male,Yes,2,Graduate,No,3959,0.0,90.1,360.0,1.0,Semiurban,Y
LP006701,Male,Yes,2,Graduate,No,4020,1441.0,153.4,360.0,1.0,Rural,Y
LP006702,Male,No,3+,Not Graduate,No,4732,2041.0,153.7,360.0,1.0,Semiurban,Y
LP006703,Female,No,1,Graduate,No,3550,0.0,109.8,360.0,,Semiurban,Y
LP006704,,No,0,Graduate,No,4861,0.0,93.7,360.0,1.0,Semiurban,Y
LP006705,Male,Yes,1,Not Graduate,No,3869,5559.0,134.9,360.0,,Rural,Y
LP006706,Male,No,0,Not Graduate,No,2436,1626.0,131.9,360.0,1.0,Semiurban,Y
LP006707,Male,Yes,3+,Graduate,No,5818,0.0,130.6,360.0,1.0,Urban,Y
LP006708,Female,No,0,Not Graduate,Yes,16772,0.0,225.4,360.0,1.0,Semiurban,Y
LP006709,Male,No,0,Graduate,No,2357,0.0,73.7,360.0,1.0,Urban,N
LP006710,Male,No,0,Graduate,No,3476,0.0,79.4,300.0,1.0,Semiurban,Y
LP006711,Male,Yes,0,Graduate,Yes,2557,2936.0,191.9,360.0,1.0,Urban,Y
LP006712,Male,Yes,0,Graduate,No,5676,0.0,121.2,360.0,1.0,Rural,Y
LP006713,Male,Yes,0,Graduate,No,2387,3406.0,170.2,360.0,1.0,Semiurban,Y
LP006714,Male,Yes,1,Graduate,No,6553,0.0,170.1,360.0,1.0,Semiurban,Y
LP006715,Female,No,0,Graduate,No,4752,0.0,101.0,360.0,0.0,Semiurban,N
LP006716,Male,Yes,3+,Graduate,No,3241,2524.0,119.6,360.0,0.0,Rural,N
LP006717,Male,Yes,1,Graduate,Yes,2267,0.0,68.0,300.0,0.0,Rural,N
LP006718,Male,Yes,0,Graduate,No,7534,8092.0,178.2,300.0,,Rural,Y
LP006719,Male,Yes,0,Graduate,No,3150,2136.0,104.5,360.0,0.0,Urban,N
LP006720,Male,Yes,0,Graduate,No,4870,2316.0,127.1,360.0,1.0,Urban,Y
LP006721,Female,No,0,Graduate,No,2234,9394.0,137.1,360.0,0.0,Semiurban,Y
LP006722,Male,Yes,0,Graduate,No,2447,2185.0,58.1,360.0,,Rural,Y
LP006723,Male,Yes,0,Graduate,No,3357,1437.0,139.0,360.0,1.0,Semiurban,Y
LP006724,Female,No,2,Graduate,No,3516,0.0,133.1,360.0,1.0,Urban,N
LP006725,Female,No,0,Graduate,No,4834,0.0,106.9,360.0,0.0,Semiurban,N
LP006726,,Yes,1,Graduate,Yes,10161,1874.0,181.5,180.0,1.0,Urban,Y
LP006727,Male,Yes,2,Graduate,No,6059,5641.0,194.4,180.0,1.0,Semiurban,Y
LP006728,Male,No,0,Not Graduate,No,7049,0.0,124.9,360.0,1.0,Semiurban,Y
LP006729,Male,Yes,0,Not Graduate,Yes,2598,3450.0,161.7,180.0,0.0,Rural,N
LP006730,Male,Yes,1,Graduate,No,6172,2074.0,242.1,360.0,1.0,Semiurban,Y
LP006731,Male,No,0,Graduate,No,14994,0.0,247.2,360.0,0.0,Semiurban,Y
LP006732,Female,Yes,0,Graduate,No,3477,0.0,106.4,360.0,1.0,Semiurban,Y
LP006733,Male,Yes,2,Not Graduate,No,3835,0.0,127.4,360.0,1.0,Semiurban,Y
LP006734,Male,Yes,3+,Not Graduate,Yes,5978,0.0,133.5,360.0,1.0,Rural,Y
LP006735,Female,No,3+,Graduate,No,3225,0.0,258.4,360.0,1.0,Rural,Y
LP006736,Male,No,0,Graduate,No,4807,0.0,103.4,360.0,1.0,Semiurban,Y
LP006737,Male,Yes,2,Graduate,No,17493,0.0,279.4,360.0,1.0,Urban,Y
LP006738,Male,Yes,0,Graduate,No,2586,2156.0,105.4,360.0,1.0,Semiurban,Y
LP006739,Female,No,0,Graduate,No,3279,0.0,79.3,360.0,1.0,Urban,Y
LP006740,Male,Yes,1,Graduate,Yes,10029,4002.0,162.3,180.0,0.0,Urban,Y
LP006741,Male,Yes,0,Graduate,Yes,3120,0.0,68.1,360.0,1.0,Urban,Y
LP006742,Male,Yes,,Graduate,No,5699,2771.0,177.6,360.0,1.0,Rural,Y
LP006743,Male,Yes,2,Graduate,No,4734,0.0,103.6,360.0,1.0,Urban,N
LP006744,Female,No,0,Graduate,Yes,4736,0.0,127.8,360.0,0.0,Semiurban,N
LP006745,Female,Yes,0,Graduate,No,3789,1528.0,142.3,360.0,1.0,Semiurban,Y
LP006746,Male,Yes,3+,Not Graduate,No,2699,1618.0,167.9,360.0,1.0,Rural,N
LP006747,Male,Yes,0,Not Graduate,No,7500,0.0,100.9,360.0,0.0,Urban,Y
LP006748,Male,Yes,1,Not Graduate,No,2468,1983.0,143.5,180.0,1.0,Urban,N
LP006749,Male,No,0,Graduate,Yes,6949,0.0,86.8,360.0,1.0,Semiurban,Y
LP006750,Female,No,0,Graduate,No,4760,0.0,134.9,360.0,1.0,Rural,Y
LP006751,Male,No,0,Not Graduate,No,3864,0.0,114.2,360.0,1.0,Rural,Y
LP006752,Male,Yes,0,Graduate,Yes,16440,0.0,254.1,360.0,1.0,Urban,Y
LP006753,Male,Yes,3+,Not Graduate,Yes,7351,0.0,121.4,60.0,1.0,Urban,Y
LP006754,Male,Yes,1,Graduate,Yes,10134,3721.0,160.3,180.0,0.0,Urban,Y
LP006755,Male,Yes,1,Graduate,No,3138,2636.0,174.5,360.0,1.0,Semiurban,N
LP006756,Male,Yes,2,Not Graduate,No,3993,1400.0,124.3,360.0,1.0,Rural,N
LP006757,Male,No,1,Graduate,No,36191,0.0,158.0,360.0,1.0,Semiurban,Y
LP006758,Male,Yes,2,Graduate,No,2198,964.0,78.6,180.0,1.0,Urban,Y
LP006759,Male,No,0,Not Graduate,No,2992,2342.0,115.3,360.0,1.0,Semiurban,Y
LP006760,Female,No,0,Not Graduate,Yes,17403,0.0,123.7,360.0,1.0,Urban,Y
LP006761,Male,Yes,0,Graduate,No,4079,3396.0,206.3,360.0,1.0,Semiurban,Y
LP006762,Male,Yes,0,Graduate,No,2437,3935.0,122.4,360.0,1.0,Urban,Y
LP006763,Female,No,1,Graduate,No,3674,0.0,114.6,360.0,,Semiurban,Y
LP006764,Female,No,0,Graduate,No,3182,0.0,117.4,360.0,1.0,Semiurban,Y
LP006765,Male,No,0,Graduate,No,9585,0.0,252.4,360.0,1.0,Urban,N
LP006766,Female,No,0,Graduate,No,3028,0.0,86.5,360.0,1.0,Semiurban,Y
LP006767,Male,Yes,1,Not Graduate,No,2336,2557.0,123.1,360.0,1.0,Urban,Y
LP006768,Male,No,0,Graduate,No,3452,0.0,67.9,360.0,1.0,Urban,Y
LP006769,Male,Yes,0,Graduate,No,2378,2410.0,136.0,360.0,1.0,Urban,Y
LP006770,Male,No,0,Graduate,No,2442,1813.0,144.5,360.0,1.0,Rural,Y
LP006771,Male,Yes,2,Graduate,No,1998,1636.0,102.7,360.0,1.0,Rural,Y
LP006772,Male,Yes,2,Graduate,No,4856,3636.0,228.3,360.0,1.0,Semiurban,Y
LP006773,Male,Yes,2,Graduate,Yes,5805,0.0,145.7,84.0,,Rural,Y
LP006774,Female,Yes,0,Graduate,No,2484,2274.0,138.3,360.0,1.0,Semiurban,Y
LP006775,Male,Yes,1,Graduate,Yes,8072,0.0,234.9,360.0,1.0,Urban,Y
LP006776,Female,Yes,0,Graduate,No,4790,0.0,84.3,360.0,1.0,Rural,N
LP006777,Male,Yes,2,Graduate,Yes,5365,4146.0,261.1,360.0,1.0,Urban,Y
LP006778,Male,Yes,2,Graduate,No,3802,3632.0,209.9,360.0,0.0,Urban,N
LP006779,Male,No,0,Not Graduate,No,3516,0.0,80.5,36.0,1.0,Semiurban,N
LP006780,Male,No,0,Graduate,No,4072,7316.0,191.0,360.0,1.0,Urban,Y
LP006781,Male,Yes,0,Graduate,No,15315,0.0,94.0,360.0,1.0,Semiurban,Y
LP006782,Male,Yes,1,Graduate,No,5915,4229.0,326.2,360.0,,Urban,Y
LP006783,Male,Yes,0,Graduate,No,2714,4501.0,118.6,360.0,1.0,Rural,Y
LP006784,Male,Yes,2,Not Graduate,No,3250,1916.0,97.2,360.0,,Semiurban,Y
LP006785,Male,No,0,Graduate,No,4325,0.0,97.2,360.0,0.0,Semiurban,N
LP006786,Male,No,0,Graduate,No,3773,0.0,114.8,480.0,1.0,Urban,N
LP006787,Male,Yes,1,Graduate,Yes,3341,2047.0,156.0,360.0,1.0,Semiurban,Y
LP006788,Male,Yes,0,Not Graduate,No,2190,2016.0,114.0,360.0,1.0,Rural,Y
LP006789,Male,Yes,0,Graduate,No,4298,0.0,113.7,360.0,1.0,Urban,Y
LP006790,Male,Yes,0,Graduate,No,21620,0.0,,360.0,1.0,Rural,N
LP006791,Female,No,1,Graduate,No,3914,0.0,115.4,360.0,1.0,Rural,Y
LP006792,Male,Yes,0,Graduate,Yes,9951,0.0,185.7,360.0,1.0,Rural,Y
LP006793,Male,Yes,3+,Graduate,Yes,9974,0.0,260.5,360.0,1.0,Semiurban,Y
LP006794,Male,Yes,2,Graduate,No,5210,0.0,150.5,360.0,1.0,Semiurban,Y
LP006795,Male,Yes,0,Graduate,No,3686,2052.0,119.6,360.0,0.0,Rural,N
LP006796,Male,Yes,0,Not Graduate,Yes,4828,0.0,97.0,,1.0,Urban,Y
LP006797,Male,Yes,2,Not Graduate,No,2838,0.0,46.3,180.0,0.0,Urban,N
LP006798,Male,Yes,2,Graduate,No,9917,0.0,112.5,360.0,1.0,Urban,Y
LP006799,Male,Yes,2,Not Graduate,Yes,6483,986.0,185.7,360.0,1.0,Rural,N
LP006800,Male,No,1,Not Graduate,Yes,2896,1507.0,195.1,360.0,,Semiurban,N
LP006801,Male,Yes,2,Graduate,No,8692,0.0,255.5,360.0,1.0,Semiurban,Y
LP006802,Female,No,0,Graduate,No,3611,0.0,76.9,360.0,0.0,Urban,N
LP006803,Male,Yes,0,Not Graduate,No,2453,3802.0,,180.0,1.0,Urban,N
LP006804,Female,No,0,Graduate,No,4030,0.0,118.4,360.0,1.0,Semiurban,Y
LP006805,Male,Yes,0,Not Graduate,No,2330,1999.0,110.9,360.0,1.0,Rural,Y
LP006806,Male,Yes,1,Graduate,No,3132,1819.0,142.1,360.0,1.0,Semiurban,Y
LP006807,Female,No,0,Graduate,No,2926,0.0,60.9,360.0,1.0,Urban,Y
LP006808,Male,Yes,1,Graduate,Yes,2861,0.0,96.6,360.0,1.0,Semiurban,Y
LP006809,Male,No,0,Graduate,,5219,0.0,116.3,360.0,1.0,Semiurban,Y
LP006810,Female,No,0,Graduate,No,8040,0.0,281.7,360.0,1.0,Semiurban,Y
LP006811,Male,Yes,3+,Graduate,No,6388,0.0,158.2,180.0,1.0,Rural,Y
LP006812,Male,Yes,2,Graduate,No,3197,700.0,69.0,360.0,1.0,Urban,Y
LP006813,Female,No,0,Not Graduate,No,4203,0.0,118.6,360.0,1.0,Semiurban,Y
LP006814,Male,Yes,2,Graduate,No,9407,0.0,114.3,360.0,1.0,Urban,Y
LP006815,Male,Yes,0,Graduate,No,4014,2570.0,163.1,360.0,1.0,Semiurban,Y
LP006816,,Yes,3+,Graduate,No,24590,0.0,359.6,360.0,1.0,Rural,Y
LP006817,Female,Yes,2,Graduate,No,14557,0.0,71.9,360.0,1.0,Urban,Y
LP006818,Male,Yes,1,Graduate,No,2297,1432.0,87.6,360.0,,Urban,Y
LP006819,Male,No,0,Graduate,No,6102,4062.0,295.2,360.0,1.0,Semiurban,Y
LP006820,Male,Yes,0,Graduate,,6204,0.0,156.3,360.0,,Urban,Y
LP006821,Male,Yes,1,Graduate,No,1926,0.0,63.2,360.0,,Rural,N
LP006822,Male,Yes,0,Graduate,No,4969,2412.0,134.0,360.0,1.0,Urban,Y
LP006823,Male,Yes,0,Graduate,Yes,2468,3142.0,184.2,360.0,1.0,Urban,Y
LP006824,Female,Yes,0,Graduate,No,4463,0.0,81.3,360.0,1.0,Rural,N
LP006825,Male,Yes,0,Not Graduate,Yes,4535,722.0,86.6,360.0,1.0,Semiurban,N
LP006826,Female,No,0,Graduate,No,4166,0.0,116.6,360.0,1.0,Semiurban,Y
LP006827,Female,No,0,Not Graduate,No,4178,0.0,150.0,360.0,1.0,Rural,Y
LP006828,Male,Yes,0,Not Graduate,No,4922,0.0,133.1,360.0,1.0,Rural,N
LP006829,Male,No,0,Graduate,No,4191,0.0,119.3,360.0,1.0,Rural,Y
LP006830,Female,No,0,Graduate,No,2588,0.0,69.1,360.0,1.0,Urban,Y
LP006831,Male,Yes,0,Not Graduate,Yes,4357,767.0,86.5,360.0,1.0,Semiurban,N
LP006832,Male,Yes,2,Graduate,No,3258,1760.0,150.4,360.0,0.0,Rural,N
LP006833,Female,Yes,0,Graduate,Yes,5596,0.0,108.8,360.0,0.0,Rural,N
LP006834,Male,Yes,1,Graduate,Yes,2907,0.0,93.5,360.0,1.0,Semiurban,Y
LP006835,Male,Yes,2,Graduate,No,4907,2170.0,181.9,360.0,1.0,Rural,N
LP006836,Male,Yes,2,Not Graduate,No,3297,1850.0,82.9,360.0,1.0,Urban,Y
LP006837,Female,No,1,Graduate,No,3934,0.0,110.0,360.0,1.0,Rural,Y
LP006838,Male,Yes,2,Not Graduate,No,3732,0.0,127.3,360.0,1.0,Semiurban,Y
LP006839,Female,Yes,0,Graduate,No,4234,2245.0,176.1,360.0,1.0,Semiurban,Y
LP006840,Male,No,0,Graduate,,12682,0.0,392.4,360.0,1.0,Semiurban,Y
LP006841,Male,Yes,0,Not Graduate,No,3335,4591.0,126.9,360.0,1.0,Semiurban,Y
LP006842,Male,Yes,2,Graduate,No,3677,0.0,120.4,360.0,1.0,Semiurban,Y
LP006843,Male,Yes,0,Graduate,No,2345,3228.0,175.0,360.0,1.0,Semiurban,Y
LP006844,Male,Yes,0,Graduate,No,4057,777.0,109.5,360.0,1.0,Semiurban,Y
LP006845,Male,No,1,Not Graduate,No,3515,0.0,97.3,240.0,,Urban,Y
LP006846,Male,Yes,0,Graduate,No,3282,2995.0,176.6,360.0,1.0,Urban,Y
LP006847,Female,No,0,Graduate,,3279,0.0,133.5,360.0,1.0,Rural,N
LP006848,Male,Yes,3+,Graduate,No,15677,0.0,298.9,360.0,1.0,Rural,Y
LP006849,Male,No,0,Graduate,No,4048,2451.0,134.7,360.0,1.0,Rural,Y
LP006850,Male,Yes,2,Not Graduate,No,2356,1256.0,123.9,360.0,0.0,Rural,N
LP006851,Male,Yes,0,Not Graduate,No,2285,1548.0,97.1,360.0,1.0,Urban,Y
LP006852,Male,Yes,2,Graduate,Yes,5695,0.0,147.7,84.0,,Rural,Y
LP006853,Male,Yes,,Graduate,No,13272,0.0,,360.0,1.0,Urban,Y
LP006854,Male,Yes,0,Not Graduate,No,6293,0.0,162.5,360.0,1.0,Urban,N
LP006855,Male,Yes,2,Not Graduate,No,6117,1694.0,189.9,480.0,1.0,Semiurban,N
LP006856,Male,No,1,Not Graduate,No,2713,1248.0,94.0,360.0,1.0,Semiurban,Y
LP006857,Male,Yes,0,Not Graduate,,1862,1849.0,95.3,360.0,1.0,Rural,Y
LP006858,Male,Yes,0,Graduate,No,6053,4070.0,330.3,360.0,1.0,Urban,Y
LP006859,Male,Yes,0,Not Graduate,No,1704,3716.0,196.9,360.0,0.0,Semiurban,N
LP006860,Male,No,0,Not Graduate,No,2387,1577.0,129.2,360.0,1.0,Semiurban,Y
LP006861,Female,No,0,Graduate,No,3310,0.0,82.9,360.0,1.0,Urban,Y
LP006862,Female,Yes,1,Graduate,No,4603,2934.0,134.7,180.0,1.0,Semiurban,Y
LP006863,Female,No,0,Graduate,No,2959,0.0,58.3,360.0,1.0,Urban,Y
LP006864,Male,Yes,2,Graduate,No,5241,0.0,130.7,360.0,1.0,Urban,Y
LP006865,Male,Yes,0,Graduate,No,2785,2056.0,124.3,360.0,1.0,Semiurban,Y
LP006866,Male,Yes,1,Graduate,,3757,3006.0,151.5,360.0,,Semiurban,N
LP006867,Male,No,0,Graduate,No,3480,0.0,80.1,300.0,1.0,Semiurban,Y
LP006868,Male,Yes,2,Not Graduate,No,3418,1859.0,84.1,360.0,1.0,Urban,Y
LP006869,Male,Yes,0,Not Graduate,No,3641,1482.0,126.0,300.0,1.0,Semiurban,Y
LP006870,Male,No,,Graduate,No,3091,0.0,90.3,360.0,0.0,Semiurban,N
LP006871,Male,Yes,,Graduate,Yes,5776,4284.0,67.4,,1.0,Semiurban,Y
LP006872,Male,Yes,0,Graduate,No,15455,0.0,94.0,360.0,1.0,Semiurban,Y
LP006873,Male,Yes,1,Graduate,Yes,2984,0.0,94.0,360.0,1.0,Semiurban,Y
LP006874,Male,Yes,0,Graduate,No,2975,3058.0,92.6,300.0,,Urban,Y
LP006875,Female,Yes,0,Graduate,No,3324,2688.0,109.1,360.0,,Semiurban,Y
LP006876,Male,Yes,0,Not Graduate,No,6239,0.0,213.2,360.0,0.0,Rural,Y
LP006877,Female,No,3+,Not Graduate,No,1794,0.0,,360.0,0.0,Urban,N
LP006878,Male,Yes,0,Graduate,No,2825,16.0,87.2,360.0,1.0,Rural,Y
LP006879,Male,No,0,Graduate,No,15428,0.0,245.8,360.0,0.0,Semiurban,Y
LP006880,Female,No,0,Graduate,No,2097,0.0,101.2,360.0,0.0,Semiurban,N
LP006881,Male,Yes,0,Graduate,No,2220,1638.0,92.5,360.0,1.0,Semiurban,Y
LP006882,Male,Yes,0,Graduate,,3842,0.0,41.8,180.0,1.0,Rural,Y
LP006883,Male,No,0,Graduate,No,3880,0.0,97.0,360.0,1.0,Urban,Y
LP006884,Male,No,0,Graduate,Yes,7361,0.0,127.3,360.0,1.0,Urban,Y
LP006885,Female,Yes,0,Graduate,No,4339,2325.0,181.0,360.0,1.0,Semiurban,Y
LP006886,Male,No,0,Graduate,No,3975,0.0,76.0,360.0,1.0,Semiurban,Y
LP006887,Male,No,1,Graduate,No,11365,0.0,202.2,360.0,,Semiurban,N
LP006888,Male,Yes,,Not Graduate,No,3011,1889.0,126.0,360.0,0.0,Semiurban,N
LP006889,Female,Yes,0,Graduate,No,3765,0.0,109.2,360.0,1.0,Semiurban,Y
LP006890,Male,Yes,2,Graduate,No,4549,0.0,130.9,360.0,0.0,Semiurban,N
LP006891,,Yes,1,Graduate,Yes,9806,1824.0,184.6,180.0,1.0,Urban,Y
LP006892,Male,Yes,1,Graduate,No,13910,0.0,189.7,180.0,1.0,Rural,Y
LP006893,Female,Yes,0,Graduate,No,2681,3525.0,120.6,360.0,0.0,Urban,N
LP006894,Male,Yes,1,Graduate,Yes,2287,0.0,,360.0,1.0,Semiurban,Y
LP006895,Male,No,,Graduate,No,2953,0.0,71.1,360.0,1.0,Urban,Y
LP006896,Female,No,0,Graduate,No,2790,1652.0,85.5,360.0,,Urban,Y
LP006897,,Yes,1,Graduate,Yes,9527,1923.0,175.0,180.0,1.0,Urban,Y
LP006898,Male,Yes,3+,Graduate,No,4356,0.0,101.5,360.0,1.0,Urban,Y
LP006899,Male,Yes,0,Graduate,No,2130,0.0,62.1,360.0,0.0,Urban,N
LP006900,Male,Yes,2,Not Graduate,No,3683,1623.0,,360.0,1.0,Rural,Y
LP006901,Male,Yes,0,Graduate,Yes,2954,0.0,67.1,360.0,1.0,Urban,Y
LP006902,Female,No,0,Not Graduate,No,4487,0.0,115.6,360.0,1.0,Semiurban,Y
LP006903,Male,No,0,Not Graduate,No,3700,1611.0,108.9,360.0,1.0,Semiurban,Y
LP006904,Male,Yes,1,Graduate,No,7793,2352.0,184.5,360.0,1.0,Urban,Y
LP006905,Male,Yes,2,Not Graduate,No,6067,1652.0,193.9,480.0,1.0,Semiurban,N
LP006906,Male,Yes,0,Graduate,No,20026,6373.0,475.0,360.0,,Urban,Y
LP006907,Male,Yes,,Graduate,No,5155,1473.0,169.5,360.0,0.0,Urban,N
LP006908,Female,No,0,Graduate,No,3974,0.0,45.3,360.0,1.0,Semiurban,Y
LP006909,Male,Yes,1,Graduate,Yes,16712,2336.0,83.4,360.0,1.0,Semiurban,Y
LP006910,Male,No,0,Graduate,,7044,0.0,,360.0,,Urban,N
LP006911,Male,Yes,0,Not Graduate,No,2329,2048.0,113.0,360.0,1.0,Rural,Y
LP006912,Male,Yes,1,Graduate,No,3275,1753.0,138.0,360.0,1.0,Semiurban,Y
LP006913,Male,Yes,3+,Graduate,No,3156,0.0,99.7,360.0,1.0,Urban,Y
LP006914,Female,No,3+,Graduate,No,2961,0.0,255.8,360.0,1.0,Rural,Y
LP006915,Male,Yes,2,Not Graduate,No,3538,249.0,109.4,360.0,1.0,Semiurban,Y
LP006916,Male,Yes,2,Not Graduate,No,3100,2229.0,128.4,360.0,1.0,Urban,Y
LP006917,Male,Yes,2,Graduate,No,3073,0.0,80.6,360.0,1.0,Semiurban,Y
LP006918,Male,Yes,3+,Not Graduate,No,3241,0.0,116.5,360.0,1.0,Rural,Y
LP006919,Male,Yes,2,Graduate,No,3548,0.0,123.0,360.0,1.0,Semiurban,Y
LP006920,Male,Yes,1,Not Graduate,No,3991,5325.0,141.2,360.0,,Rural,Y
LP006921,Male,Yes,0,Graduate,No,5653,0.0,143.5,360.0,1.0,Urban,Y
LP006922,Male,Yes,1,Graduate,No,8512,0.0,146.4,300.0,0.0,Semiurban,Y
LP006923,Male,Yes,3+,Graduate,No,4056,7482.0,289.8,360.0,1.0,Semiurban,Y
LP006924,Male,Yes,1,Not Graduate,No,2501,2437.0,92.9,360.0,1.0,Semiurban,Y
LP006925,Male,Yes,0,Graduate,No,1806,1912.0,87.8,360.0,1.0,Urban,Y
LP006926,Male,Yes,2,Graduate,Yes,5852,0.0,149.6,84.0,,Rural,Y
LP006927,Male,No,0,Graduate,No,5266,0.0,127.1,,0.0,Rural,N
LP006928,Male,Yes,0,Graduate,No,2779,16.0,88.5,360.0,1.0,Rural,Y
LP006929,Male,Yes,2,Graduate,No,3062,1567.0,,360.0,1.0,Urban,N
LP006930,Male,Yes,2,Graduate,Yes,5785,0.0,146.0,84.0,,Rural,Y
LP006931,Male,No,0,Graduate,No,6478,4357.0,210.5,360.0,0.0,Rural,Y
LP006932,Female,Yes,0,Graduate,No,2497,483.0,132.3,360.0,1.0,Semiurban,Y
LP006933,Male,Yes,2,Graduate,No,8074,0.0,244.5,360.0,1.0,Semiurban,Y
LP006934,Female,No,0,Graduate,No,9610,0.0,219.9,360.0,1.0,Semiurban,N
LP006935,Male,Yes,0,Graduate,No,4028,2385.0,136.1,360.0,1.0,Semiurban,Y
LP006936,Female,Yes,1,Graduate,No,4449,2703.0,143.0,180.0,1.0,Semiurban,Y
LP006937,Male,Yes,1,Graduate,No,3536,1670.0,190.4,360.0,1.0,Urban,Y
LP006938,Female,Yes,0,Graduate,No,3237,0.0,34.8,360.0,1.0,Semiurban,Y
LP006939,Male,Yes,2,Graduate,No,6463,5373.0,181.3,180.0,1.0,Semiurban,Y
LP006940,Male,No,0,Graduate,Yes,5062,0.0,131.1,360.0,1.0,Semiurban,Y
LP006941,Female,Yes,2,Graduate,No,4204,2417.0,124.6,360.0,,Semiurban,Y
LP006942,Male,Yes,0,Graduate,No,8036,1817.0,181.2,360.0,1.0,Rural,Y
LP006943,Male,Yes,2,Not Graduate,No,2753,0.0,44.8,180.0,0.0,Urban,N
LP006944,Female,No,0,Graduate,No,1533,1763.0,99.1,360.0,0.0,Semiurban,N
LP006945,Male,Yes,2,Graduate,No,3265,480.0,104.0,84.0,1.0,Urban,Y
LP006946,Male,No,0,Graduate,No,2414,0.0,77.0,360.0,1.0,Urban,N
LP006947,Male,Yes,2,Graduate,No,8553,0.0,248.1,360.0,1.0,Semiurban,Y
LP006948,Male,Yes,0,Graduate,No,4192,2375.0,110.2,360.0,1.0,Urban,N
LP006949,Male,Yes,2,Not Graduate,No,6016,1607.0,193.6,480.0,1.0,Semiurban,N
LP006950,Male,Yes,0,Graduate,No,7680,8699.0,170.4,300.0,,Rural,Y
LP006951,Female,No,0,Graduate,,3584,0.0,132.4,360.0,1.0,Rural,N
LP006952,Male,Yes,2,Graduate,No,4713,1376.0,153.1,360.0,1.0,Semiurban,Y
LP006953,Male,Yes,2,Graduate,No,4816,0.0,137.0,360.0,1.0,Urban,N
LP006954,Male,Yes,1,Not Graduate,No,5297,1437.0,159.8,360.0,0.0,Semiurban,Y
LP006955,Female,No,0,Not Graduate,No,3329,0.0,98.4,360.0,1.0,Rural,N
LP006956,Male,Yes,1,Graduate,No,7891,2155.0,186.3,360.0,1.0,Urban,Y
LP006957,Male,No,0,Not Graduate,No,3908,1716.0,105.7,360.0,1.0,Semiurban,Y
LP006958,Male,Yes,0,Graduate,,5557,0.0,248.3,360.0,,Urban,N
LP006959,Male,No,1,Graduate,,3696,0.0,115.9,180.0,1.0,Urban,Y
LP006960,Male,Yes,0,Not Graduate,No,2413,3770.0,,180.0,1.0,Urban,N
LP006961,Male,Yes,1,Graduate,No,2062,3012.0,111.5,360.0,1.0,Urban,N
LP006962,Male,Yes,2,Graduate,No,3099,1365.0,109.3,360.0,1.0,Urban,Y
LP006963,Female,No,0,Graduate,No,3170,0.0,81.8,360.0,1.0,Urban,Y
LP006964,Male,Yes,,Graduate,Yes,5321,4455.0,69.7,,1.0,Semiurban,Y
LP006965,,No,3+,Graduate,Yes,9470,0.0,291.8,360.0,1.0,Semiurban,Y
LP006966,Male,Yes,0,Graduate,No,2176,6857.0,68.2,180.0,1.0,Semiurban,Y
LP006967,Male,Yes,3+,Graduate,No,5554,11835.0,501.4,360.0,0.0,Semiurban,Y
LP006968,Male,Yes,2,Graduate,No,3354,462.0,135.6,360.0,,Semiurban,Y
LP006969,Female,No,0,Graduate,Yes,15194,0.0,53.7,360.0,1.0,Semiurban,Y
LP006970,Male,Yes,0,Graduate,No,2136,2200.0,86.9,360.0,,Urban,Y
LP006971,Male,Yes,1,Graduate,No,6377,0.0,176.4,360.0,1.0,Semiurban,Y
LP006972,Male,No,0,Graduate,Yes,6899,0.0,132.4,360.0,1.0,Urban,Y
LP006973,Male,Yes,3+,Graduate,No,3017,0.0,102.3,360.0,1.0,Urban,Y
LP006974,Male,Yes,0,Not Graduate,No,3945,1453.0,121.9,300.0,1.0,Semiurban,Y
LP006975,Female,No,1,Graduate,No,3963,0.0,114.1,360.0,1.0,Rural,Y
LP006976,Male,No,0,Graduate,No,4092,0.0,122.6,360.0,1.0,Rural,Y
LP006977,Male,Yes,2,Graduate,No,4093,1725.0,118.9,360.0,1.0,Semiurban,Y
LP006978,Male,Yes,0,Graduate,No,2399,3716.0,120.7,360.0,1.0,Urban,Y
LP006979,Male,Yes,1,Graduate,Yes,10022,3893.0,153.7,180.0,0.0,Urban,Y
LP006980,Male,Yes,3+,Graduate,No,40240,0.0,612.6,180.0,0.0,Semiurban,Y
LP006981,Male,Yes,0,Graduate,No,4393,0.0,125.9,360.0,,Semiurban,Y
LP006982,Male,Yes,1,Graduate,No,4409,2956.0,166.7,84.0,1.0,Rural,N
LP006983,Male,No,0,Graduate,No,1895,1820.0,50.4,360.0,1.0,Semiurban,Y
LP006984,Female,No,0,Graduate,No,3083,0.0,83.1,360.0,1.0,Urban,Y
LP006985,Male,Yes,0,Not Graduate,No,3003,2991.0,,360.0,0.0,Urban,N
LP006986,Male,Yes,2,Graduate,No,2804,1546.0,,360.0,1.0,Urban,N
LP006987,Female,No,0,Graduate,No,3990,0.0,69.5,360.0,1.0,Semiurban,Y
LP006988,Female,No,0,Graduate,No,4087,0.0,71.8,360.0,1.0,Semiurban,Y
LP006989,Male,Yes,1,Not Graduate,No,3478,1128.0,132.9,360.0,1.0,Urban,Y
LP006990,Male,Yes,0,Not Graduate,No,1821,1092.0,101.1,360.0,1.0,Semiurban,Y
LP006991,Male,Yes,3+,Graduate,No,6469,0.0,158.2,180.0,1.0,Rural,Y
LP006992,Male,Yes,3+,Graduate,No,9081,0.0,268.6,360.0,1.0,Rural,Y
LP006993,Male,Yes,3+,Graduate,No,6178,0.0,147.1,360.0,1.0,Semiurban,N
LP006994,Male,No,1,Graduate,No,11469,0.0,194.9,360.0,,Semiurban,N
LP006995,Female,No,0,Graduate,No,4146,0.0,131.9,360.0,0.0,Semiurban,N
LP006996,Female,No,0,Graduate,Yes,7545,0.0,187.5,360.0,1.0,Rural,N
LP006997,Male,Yes,2,Not Graduate,No,3809,1450.0,159.3,360.0,1.0,Rural,Y
LP006998,Male,Yes,0,Graduate,No,2972,3343.0,55.6,180.0,1.0,Semiurban,Y
LP006999,Female,Yes,2,Graduate,No,1965,1616.0,115.0,480.0,1.0,Semiurban,Y
LP007000,Female,No,0,Graduate,No,10001,0.0,250.9,360.0,1.0,Urban,Y
LP007001,Male,Yes,0,Graduate,No,151,1843.0,136.2,360.0,1.0,Rural,N
LP007002,Male,Yes,2,Graduate,No,2823,1221.0,96.6,360.0,1.0,Semiurban,Y
LP007003,Male,No,0,Not Graduate,No,5939,0.0,128.3,360.0,1.0,Rural,N
LP007004,Male,Yes,1,Not Graduate,No,4018,5278.0,138.5,360.0,,Rural,Y
LP007005,Male,No,0,Graduate,Yes,7232,0.0,81.2,360.0,1.0,Semiurban,Y
LP007006,Male,Yes,0,Graduate,No,4634,3701.0,,360.0,1.0,Semiurban,Y
LP007007,Male,No,0,Graduate,No,3864,4975.0,180.6,360.0,1.0,Urban,Y
LP007008,Male,No,0,Graduate,Yes,6194,0.0,202.1,360.0,1.0,Rural,Y
LP007009,Male,Yes,3+,Graduate,No,5491,0.0,94.4,360.0,1.0,Urban,N
LP007010,Female,No,0,Graduate,No,7117,0.0,116.5,360.0,1.0,Rural,Y
LP007011,Male,No,1,Graduate,No,4314,1859.0,115.0,360.0,1.0,Urban,Y
LP007012,Male,No,0,Graduate,No,1987,4924.0,67.0,360.0,,Rural,Y
LP007013,Male,Yes,0,Graduate,No,2802,1916.0,111.2,360.0,1.0,Rural,Y
LP007014,Male,Yes,0,Graduate,No,2803,2251.0,118.9,360.0,1.0,Semiurban,Y
LP007015,Male,Yes,1,Graduate,No,2812,1847.0,110.5,360.0,1.0,Semiurban,Y
LP007016,Female,No,0,Graduate,No,5039,2465.0,149.1,480.0,1.0,Rural,N
LP007017,Male,Yes,0,Graduate,No,2858,2837.0,130.8,360.0,1.0,Semiurban,Y
LP007018,Male,Yes,2,Graduate,No,2998,1645.0,,360.0,1.0,Urban,N
LP007019,Male,Yes,2,Graduate,No,16055,0.0,268.1,360.0,1.0,Urban,Y
LP007020,Male,Yes,0,Graduate,No,3821,2561.0,172.9,360.0,1.0,Urban,N
LP007021,Male,Yes,2,Not Graduate,No,2422,1232.0,123.4,360.0,0.0,Rural,N
LP007022,Male,No,0,Graduate,Yes,6738,0.0,140.5,360.0,1.0,Rural,Y
LP007023,Male,Yes,0,Graduate,No,9032,0.0,225.2,360.0,1.0,Semiurban,Y
LP007024,Female,No,0,Graduate,No,1431,1822.0,104.1,360.0,0.0,Semiurban,N
LP007025,Male,No,0,Not Graduate,Yes,2457,2200.0,100.2,360.0,1.0,Rural,Y
LP007026,Male,No,2,Graduate,No,4537,0.0,132.4,360.0,1.0,Rural,Y
LP007027,Male,Yes,1,Graduate,Yes,2787,0.0,94.5,360.0,1.0,Semiurban,Y
LP007028,,No,0,Graduate,No,3563,0.0,94.9,360.0,1.0,Urban,N
LP007029,Male,Yes,1,Graduate,No,1676,1851.0,95.2,360.0,1.0,Urban,Y
LP007030,Female,No,0,Graduate,No,670,3556.0,115.7,480.0,1.0,Rural,Y
LP007031,Male,No,,Graduate,No,2992,0.0,90.7,360.0,0.0,Semiurban,N
LP007032,Male,Yes,0,Graduate,No,3731,3242.0,178.3,,1.0,Rural,Y
LP007033,Female,Yes,0,Not Graduate,No,2185,3269.0,182.8,360.0,0.0,Semiurban,N
LP007034,Male,Yes,3+,Graduate,No,8097,0.0,127.6,180.0,1.0,Urban,Y
LP007035,Female,No,1,Graduate,Yes,7527,0.0,,360.0,1.0,Semiurban,Y
LP007036,Male,No,0,Graduate,,12952,0.0,397.7,360.0,1.0,Semiurban,Y
LP007037,Female,No,,Graduate,No,3627,0.0,120.5,180.0,1.0,Urban,Y
LP007038,Female,No,0,Graduate,No,3108,0.0,82.1,360.0,1.0,Urban,Y
LP007039,Male,Yes,1,Graduate,No,3179,1700.0,145.5,360.0,1.0,Semiurban,Y
LP007040,Male,Yes,0,Graduate,No,8245,1883.0,175.2,360.0,1.0,Rural,Y
LP007041,Female,Yes,0,Graduate,No,2511,499.0,126.3,360.0,1.0,Semiurban,Y
LP007042,Male,No,0,Graduate,No,6095,3603.0,311.1,360.0,1.0,Rural,N
LP007043,Male,No,0,Not Graduate,No,3986,2517.0,55.6,360.0,1.0,Rural,Y
LP007044,Male,Yes,0,Not Graduate,No,4423,1983.0,188.9,360.0,1.0,Rural,Y
LP007045,Male,Yes,2,Graduate,Yes,3428,3443.0,90.5,360.0,1.0,Urban,Y
LP007046,Female,No,3+,Not Graduate,No,1857,0.0,,360.0,0.0,Urban,N
LP007047,Male,Yes,0,Graduate,No,6034,4026.0,324.8,360.0,1.0,Urban,Y
LP007048,Male,Yes,1,Graduate,No,10717,0.0,309.8,360.0,1.0,Urban,Y
LP007049,Male,Yes,2,Graduate,No,17262,0.0,277.2,360.0,1.0,Urban,Y
LP007050,Female,Yes,1,Graduate,No,4515,2738.0,141.5,180.0,1.0,Semiurban,Y
LP007051,Female,No,0,Graduate,No,6254,0.0,150.3,360.0,1.0,Urban,Y
LP007052,Male,Yes,0,Not Graduate,No,4754,0.0,138.3,360.0,1.0,Rural,N
LP007053,Male,No,1,Not Graduate,Yes,2838,1614.0,187.9,360.0,,Semiurban,N
LP007054,Male,Yes,3+,Not Graduate,No,4817,0.0,91.7,,0.0,Semiurban,N
LP007055,Male,Yes,2,Graduate,No,17081,0.0,282.8,360.0,1.0,Urban,Y
LP007056,Male,Yes,1,Graduate,No,2732,1852.0,119.5,360.0,1.0,Semiurban,Y
LP007057,Male,Yes,0,Graduate,No,6072,0.0,147.6,360.0,1.0,Urban,Y
LP007058,Female,No,0,Graduate,No,10132,0.0,220.0,360.0,1.0,Semiurban,N
LP007059,Male,Yes,3+,Graduate,No,6281,0.0,158.6,180.0,1.0,Rural,Y
LP007060,Male,No,0,Not Graduate,No,4952,0.0,49.6,360.0,1.0,Rural,Y
LP007061,,Yes,0,Graduate,No,2420,1784.0,153.1,360.0,1.0,Rural,N
LP007062,Male,Yes,0,Graduate,No,5800,1978.0,215.5,360.0,1.0,Rural,Y
LP007063,Female,Yes,1,Graduate,Yes,19288,0.0,608.2,360.0,1.0,Semiurban,Y
LP007064,Male,Yes,0,Not Graduate,No,3697,4151.0,146.5,,0.0,Rural,Y
LP007065,Male,Yes,2,Graduate,No,8000,0.0,200.7,360.0,1.0,Semiurban,Y
LP007066,,Yes,0,Graduate,No,16990,0.0,110.1,360.0,1.0,Semiurban,Y
LP007067,Male,No,0,Graduate,No,1832,2877.0,115.7,360.0,1.0,Rural,N
LP007068,Male,Yes,0,Graduate,No,3616,1910.0,115.9,360.0,1.0,Rural,Y
LP007069,,Yes,0,Graduate,Yes,704,5159.0,172.1,360.0,1.0,Rural,Y
LP007070,Male,No,0,Graduate,No,3287,0.0,48.6,360.0,1.0,Urban,Y
LP007071,Male,No,0,Graduate,No,3477,0.0,69.5,360.0,1.0,Urban,Y
LP007072,Male,Yes,1,Graduate,Yes,3347,2140.0,166.9,360.0,1.0,Semiurban,Y
LP007073,Male,Yes,3+,Graduate,Yes,5080,1694.0,187.9,360.0,1.0,Semiurban,Y
LP007074,Male,Yes,0,Graduate,No,4135,3390.0,205.0,360.0,1.0,Semiurban,Y
LP007075,Male,Yes,1,Not Graduate,No,4636,1248.0,152.3,360.0,1.0,Urban,Y
LP007076,Male,Yes,0,Graduate,No,14413,0.0,97.3,360.0,1.0,Semiurban,Y
LP007077,Male,Yes,1,Graduate,No,3338,1738.0,193.2,360.0,1.0,Urban,Y
LP007078,Male,No,0,Not Graduate,No,3706,1267.0,103.3,360.0,1.0,Rural,N
LP007079,Male,No,0,Graduate,No,1907,4819.0,68.2,360.0,,Rural,Y
LP007080,Male,Yes,0,Graduate,No,3771,2652.0,167.5,360.0,1.0,Urban,N
LP007081,Male,Yes,1,Graduate,No,4855,0.0,,360.0,0.0,Rural,N
LP007082,Male,Yes,3+,Not Graduate,No,4872,0.0,125.3,360.0,,Semiurban,N
LP007083,Male,Yes,0,Not Graduate,No,6329,0.0,156.0,360.0,1.0,Urban,N
LP007084,Female,No,0,Graduate,No,4432,0.0,113.7,360.0,1.0,Semiurban,Y
LP007085,Male,Yes,2,Not Graduate,No,3275,1754.0,79.3,360.0,1.0,Urban,Y
LP007086,Male,No,0,Not Graduate,No,2810,0.0,58.8,180.0,1.0,Urban,Y
LP007087,Male,Yes,0,Graduate,No,2361,2295.0,144.3,360.0,1.0,Semiurban,Y
LP007088,Female,No,0,Not Graduate,No,1946,0.0,52.2,360.0,1.0,Semiurban,Y
LP007089,Male,Yes,0,Graduate,No,2452,2356.0,145.0,360.0,1.0,Semiurban,Y
LP007090,Female,Yes,0,Graduate,,2923,2273.0,144.0,360.0,1.0,Semiurban,Y
LP007091,Female,No,0,Graduate,,2752,1458.0,111.2,360.0,1.0,Urban,Y
LP007092,Male,Yes,1,Graduate,No,7968,2319.0,183.6,360.0,1.0,Urban,Y
LP007093,Male,Yes,0,Graduate,No,2420,0.0,76.5,360.0,,Urban,Y
LP007094,Female,No,0,Graduate,No,3284,0.0,78.9,360.0,1.0,Urban,Y
LP007095,Male,Yes,3+,Graduate,,4483,1246.0,105.7,360.0,1.0,Urban,Y
LP007096,Male,Yes,1,Graduate,No,2118,1460.0,82.0,360.0,,Urban,Y
LP007097,Male,Yes,3+,Graduate,No,4337,0.0,98.3,360.0,1.0,Urban,Y
LP007098,Male,Yes,2,Graduate,No,4190,1776.0,117.8,360.0,1.0,Semiurban,Y
LP007099,Male,Yes,0,Graduate,No,3722,3113.0,187.9,,1.0,Rural,Y
LP007100,Male,Yes,3+,Graduate,No,40860,0.0,622.0,180.0,0.0,Semiurban,Y
LP007101,Male,Yes,1,Graduate,No,34038,0.0,250.1,360.0,1.0,Semiurban,N
LP007102,Male,Yes,0,Graduate,No,5897,4125.0,181.9,360.0,1.0,Semiurban,Y
LP007103,Male,No,0,Graduate,No,4310,0.0,120.3,360.0,1.0,Semiurban,Y
LP007104,Male,Yes,2,Graduate,No,2975,8043.0,205.5,360.0,1.0,Urban,Y
LP007105,Male,Yes,0,Graduate,No,2199,1139.0,,360.0,1.0,Urban,Y
LP007106,Male,No,2,Graduate,No,3578,0.0,104.3,360.0,1.0,Semiurban,Y
LP007107,Male,Yes,0,Graduate,No,2275,1489.0,100.4,360.0,1.0,Urban,Y
LP007108,Male,Yes,0,Graduate,No,4678,868.0,123.8,360.0,1.0,Semiurban,Y
LP007109,Male,Yes,3+,Graduate,No,3131,2531.0,162.5,360.0,0.0,Semiurban,N
LP007110,Male,No,0,Not Graduate,No,1375,0.0,34.2,360.0,1.0,Urban,N
LP007111,Male,Yes,3+,Graduate,,4428,1237.0,107.0,360.0,1.0,Urban,Y
LP007112,Female,No,0,Graduate,No,4227,0.0,73.3,360.0,1.0,Semiurban,Y
LP007113,Male,No,0,Graduate,Yes,10111,0.0,193.6,360.0,0.0,Urban,Y
LP007114,Male,Yes,0,Graduate,No,2807,2063.0,117.2,360.0,1.0,Semiurban,Y
LP007115,Male,No,0,Graduate,No,4841,1894.0,188.4,360.0,1.0,Semiurban,N
LP007116,Male,Yes,0,Not Graduate,Yes,4681,0.0,94.5,,1.0,Urban,Y
LP007117,Female,No,1,Graduate,No,3778,0.0,110.9,360.0,1.0,Rural,Y
LP007118,Male,No,0,Graduate,No,3168,0.0,49.9,360.0,1.0,Urban,Y
LP007119,Male,Yes,1,Graduate,No,6547,7480.0,178.9,360.0,0.0,Urban,Y
LP007120,Male,Yes,0,Graduate,No,3056,3041.0,137.2,360.0,1.0,Urban,Y
LP007121,Male,Yes,0,Graduate,No,2545,2020.0,104.7,360.0,1.0,Semiurban,Y
LP007122,Female,No,3+,Graduate,No,3188,0.0,254.3,360.0,1.0,Rural,Y
LP007123,Male,No,0,Not Graduate,No,3500,1245.0,101.6,360.0,1.0,Rural,N
LP007124,Male,No,0,Graduate,No,3628,0.0,82.4,300.0,1.0,Semiurban,Y
LP007125,Male,Yes,1,Graduate,No,3574,0.0,115.4,360.0,1.0,Semiurban,Y
LP007126,Male,Yes,3+,Graduate,No,3571,1295.0,124.3,360.0,0.0,Semiurban,N
LP007127,Female,No,0,Graduate,No,8014,0.0,283.2,360.0,1.0,Semiurban,Y
LP007128,Male,No,0,Graduate,No,4226,0.0,100.1,360.0,0.0,Semiurban,N
LP007129,Male,No,0,Graduate,No,2896,2808.0,145.6,360.0,1.0,Semiurban,Y
LP007130,Female,No,0,Graduate,No,7442,0.0,120.8,360.0,1.0,Rural,Y
LP007131,Female,No,0,Graduate,No,3247,0.0,78.3,360.0,1.0,Urban,Y
LP007132,Male,Yes,1,Graduate,No,3275,2612.0,175.0,360.0,1.0,Semiurban,Y
LP007133,Male,No,0,Not Graduate,No,6260,0.0,131.2,360.0,1.0,Rural,N
LP007134,Male,Yes,1,Graduate,No,2724,1763.0,118.9,360.0,1.0,Semiurban,Y
LP007135,Male,Yes,2,Graduate,No,5478,0.0,131.6,360.0,1.0,Urban,Y
LP007136,Male,No,0,Graduate,No,21005,0.0,471.5,360.0,1.0,Rural,N
LP007137,Male,Yes,3+,Graduate,No,4293,1773.0,159.7,360.0,0.0,Urban,Y
LP007138,Male,Yes,1,Graduate,No,4841,0.0,,360.0,0.0,Rural,N
LP007139,Male,Yes,0,Graduate,No,2497,6058.0,192.2,360.0,1.0,Rural,Y
LP007140,Female,No,0,Not Graduate,Yes,17392,0.0,222.0,360.0,1.0,Semiurban,Y
LP007141,Male,Yes,3+,Graduate,Yes,5621,1431.0,100.2,360.0,1.0,Rural,Y
LP007142,Male,Yes,0,Graduate,No,1952,985.0,50.7,360.0,1.0,Semiurban,Y
LP007143,Male,Yes,0,Graduate,No,3106,2960.0,175.5,360.0,1.0,Urban,Y
LP007144,Male,Yes,0,Graduate,No,2991,3076.0,92.5,300.0,,Urban,Y
LP007145,Male,Yes,0,Graduate,No,3319,2071.0,104.5,360.0,0.0,Urban,N
LP007146,Male,Yes,1,Graduate,No,2694,1800.0,118.8,360.0,1.0,Semiurban,Y
LP007147,Female,No,0,Graduate,No,4039,2270.0,149.4,360.0,1.0,Semiurban,Y
LP007148,Male,Yes,1,Graduate,No,3982,0.0,67.8,360.0,1.0,Urban,N
LP007149,Male,No,0,Not Graduate,Yes,5944,0.0,137.1,360.0,1.0,Semiurban,Y
LP007150,Male,Yes,2,Graduate,No,8190,0.0,247.4,360.0,1.0,Semiurban,Y
LP007151,Male,Yes,0,Graduate,No,6066,2305.0,263.8,360.0,,Semiurban,N
LP007152,Male,Yes,1,Graduate,No,1949,0.0,61.3,360.0,,Rural,N
LP007153,Male,Yes,3+,Graduate,,4202,1213.0,106.6,360.0,1.0,Urban,Y
LP007154,Male,Yes,1,Graduate,No,5464,1233.0,168.7,360.0,1.0,Rural,Y
LP007155,Male,Yes,2,Graduate,No,2633,1149.0,96.7,360.0,1.0,Semiurban,Y
LP007156,Male,Yes,3+,Graduate,No,5109,3245.0,205.6,360.0,1.0,Semiurban,Y
LP007157,Male,Yes,3+,Not Graduate,No,2053,780.0,95.9,480.0,1.0,Semiurban,Y
LP007158,Male,No,0,Graduate,No,12296,0.0,165.3,360.0,1.0,Semiurban,N
LP007159,Male,Yes,2,Not Graduate,No,3140,1797.0,80.0,360.0,1.0,Urban,Y
LP007160,Male,Yes,3+,Graduate,No,3404,2449.0,119.9,360.0,0.0,Rural,N
LP007161,Male,Yes,2,Not Graduate,No,3378,2970.0,142.2,360.0,1.0,Urban,Y
LP007162,Male,No,0,Graduate,No,4163,7570.0,186.6,360.0,1.0,Urban,Y
LP007163,Male,Yes,3+,Graduate,No,6565,0.0,154.0,180.0,1.0,Rural,Y
LP007164,Female,Yes,0,Graduate,No,2614,3498.0,119.3,360.0,0.0,Urban,N
LP007165,Male,Yes,0,Graduate,No,3390,1486.0,136.7,360.0,1.0,Semiurban,Y
LP007166,Male,Yes,2,Graduate,No,3067,8235.0,204.2,360.0,1.0,Urban,Y
LP007167,Male,Yes,0,Graduate,No,2291,2115.0,,360.0,1.0,Urban,Y
LP007168,Male,Yes,2,Not Graduate,No,4427,3226.0,137.1,180.0,1.0,Urban,Y
LP007169,Male,No,0,Graduate,No,2312,2514.0,138.2,360.0,1.0,Semiurban,Y
LP007170,Male,Yes,3+,Graduate,No,3318,3306.0,148.1,360.0,1.0,Rural,Y
LP007171,Male,No,0,Graduate,No,3032,2881.0,143.2,360.0,1.0,Semiurban,Y
LP007172,Male,Yes,2,Graduate,Yes,2495,4798.0,171.0,360.0,1.0,Rural,Y
LP007173,Male,Yes,0,Graduate,No,3853,3205.0,177.2,,1.0,Rural,Y
LP007174,Female,No,0,Graduate,No,6289,0.0,151.8,360.0,1.0,Urban,Y
LP007175,Male,Yes,0,Graduate,No,4768,908.0,116.5,180.0,1.0,Urban,Y
LP007176,Male,Yes,1,Graduate,Yes,3420,2007.0,157.8,360.0,1.0,Semiurban,Y
LP007177,Male,Yes,1,Graduate,,4127,3289.0,196.2,360.0,,Urban,N
LP007178,Female,No,0,Graduate,,2715,1423.0,106.6,360.0,1.0,Urban,Y
LP007179,Male,Yes,2,Graduate,No,3290,707.0,70.8,360.0,1.0,Urban,Y
LP007180,Male,Yes,,Not Graduate,No,2949,1827.0,109.1,360.0,1.0,Semiurban,Y
LP007181,Male,No,0,Graduate,,6767,0.0,,360.0,,Urban,N
LP007182,Male,Yes,0,Graduate,No,8903,0.0,193.7,180.0,1.0,Rural,Y
LP007183,Male,Yes,0,Graduate,No,3872,1654.0,143.6,360.0,0.0,Rural,N
LP007184,Male,No,0,Graduate,No,11750,0.0,163.0,360.0,1.0,Semiurban,N
LP007185,Male,Yes,1,Not Graduate,No,2018,2314.0,134.8,360.0,1.0,Rural,Y
LP007186,Male,No,0,Graduate,No,3926,3481.0,146.6,360.0,1.0,Rural,Y
LP007187,Male,Yes,1,Graduate,No,7471,1631.0,113.1,,0.0,Urban,Y
LP007188,Male,No,0,Graduate,No,3930,1702.0,,360.0,1.0,Rural,Y
LP007189,Female,No,0,Graduate,Yes,3543,0.0,122.9,360.0,,Urban,Y
LP007190,Female,Yes,0,Graduate,No,2406,496.0,134.5,360.0,1.0,Semiurban,Y
LP007191,Female,Yes,0,Graduate,,2981,2283.0,143.2,360.0,1.0,Semiurban,Y
LP007192,Male,Yes,1,Graduate,Yes,3503,1182.0,131.8,360.0,1.0,Rural,Y
LP007193,Male,Yes,1,Not Graduate,No,4676,1185.0,160.0,360.0,1.0,Urban,Y
LP007194,Male,Yes,2,Graduate,No,11694,0.0,182.7,180.0,1.0,Urban,Y
LP007195,Female,No,0,Graduate,No,4154,0.0,112.4,360.0,0.0,Semiurban,N
LP007196,Male,Yes,2,Graduate,No,9842,0.0,111.2,360.0,1.0,Urban,Y
LP007197,Male,No,0,Graduate,No,2339,0.0,73.1,360.0,1.0,Urban,N
LP007198,Male,No,0,Graduate,Yes,10349,0.0,181.1,360.0,0.0,Urban,Y
LP007199,Male,Yes,1,Graduate,No,3196,1038.0,98.4,360.0,1.0,Urban,Y
LP007200,Male,Yes,1,Graduate,No,6104,7009.0,185.2,360.0,0.0,Urban,Y
LP007201,Male,Yes,1,Graduate,No,33223,0.0,250.0,360.0,1.0,Semiurban,N
LP007202,Male,Yes,0,Graduate,No,3189,0.0,167.2,360.0,1.0,Rural,N
LP007203,Male,No,0,Graduate,No,8680,0.0,208.7,360.0,1.0,Urban,Y
LP007204,Male,No,0,Not Graduate,No,6515,0.0,130.1,360.0,1.0,Semiurban,Y
LP007205,Female,No,0,Graduate,Yes,15961,0.0,53.6,360.0,1.0,Semiurban,Y
LP007206,Male,No,0,Not Graduate,No,3743,1653.0,113.0,360.0,1.0,Rural,Y
LP007207,Male,Yes,1,Graduate,No,2928,1025.0,100.6,360.0,1.0,Urban,Y
LP007208,Female,No,0,Graduate,No,3310,0.0,30.1,360.0,1.0,Urban,Y
LP007209,Male,Yes,2,Graduate,No,4779,5354.0,199.8,360.0,1.0,Semiurban,Y
LP007210,Male,No,0,Graduate,No,4903,1986.0,,360.0,1.0,Semiurban,N
LP007211,Male,No,0,Graduate,No,3020,0.0,73.9,360.0,1.0,Urban,N
LP007212,Male,Yes,0,Graduate,No,2568,2119.0,123.2,360.0,,Urban,Y
LP007213,Male,No,0,Not Graduate,No,3603,1700.0,107.5,360.0,1.0,Semiurban,Y
LP007214,Male,Yes,0,Graduate,No,3671,1853.0,129.4,360.0,1.0,Semiurban,Y
LP007215,Male,Yes,1,Graduate,Yes,2514,0.0,,360.0,1.0,Semiurban,Y
LP007216,Male,Yes,1,Not Graduate,No,2701,2419.0,86.5,360.0,1.0,Semiurban,Y
LP007217,Male,Yes,2,Not Graduate,No,4441,0.0,114.2,360.0,1.0,Rural,Y
LP007218,Male,Yes,2,Graduate,No,5972,0.0,128.4,360.0,1.0,Semiurban,Y
LP007219,Female,Yes,0,Graduate,No,3721,1401.0,148.6,360.0,1.0,Semiurban,Y
LP007220,Female,No,0,Graduate,No,9709,0.0,210.8,360.0,1.0,Semiurban,N
LP007221,Male,No,1,Graduate,No,36380,0.0,153.1,360.0,1.0,Semiurban,Y
LP007222,Male,No,0,Graduate,No,5115,0.0,131.9,360.0,0.0,Rural,Y
LP007223,Male,Yes,,Not Graduate,Yes,4956,0.0,134.0,360.0,1.0,Urban,N
LP007224,Male,Yes,0,Graduate,No,6107,0.0,143.4,360.0,1.0,Urban,Y
LP007225,Female,No,0,Graduate,No,3611,0.0,74.9,360.0,0.0,Urban,N
LP007226,Male,No,0,Graduate,Yes,10586,0.0,180.4,360.0,0.0,Urban,Y
LP007227,Male,Yes,1,Graduate,Yes,2144,0.0,67.8,300.0,0.0,Rural,N
LP007228,Male,Yes,2,Graduate,,2498,2225.0,120.5,360.0,1.0,Rural,Y
LP007229,Male,Yes,0,Graduate,No,7258,1003.0,177.1,,1.0,Semiurban,Y
LP007230,Male,Yes,1,Graduate,No,18687,0.0,492.6,360.0,1.0,Urban,N
LP007231,Male,,,Graduate,No,4893,0.0,154.1,480.0,1.0,Semiurban,Y
LP007232,Male,Yes,0,Graduate,No,5667,0.0,126.7,360.0,1.0,Rural,Y
LP007233,,No,0,Graduate,No,4946,0.0,94.6,360.0,1.0,Semiurban,Y
LP007234,Male,Yes,0,Graduate,No,2473,2164.0,57.1,360.0,,Rural,Y
LP007235,Female,No,1,Graduate,No,3019,1613.0,90.1,360.0,1.0,Urban,Y
LP007236,Male,Yes,1,Graduate,No,3312,2545.0,169.5,360.0,1.0,Semiurban,Y
LP007237,Male,Yes,2,Not Graduate,No,7868,0.0,190.4,360.0,,Rural,Y
LP007238,Male,No,0,Graduate,No,2031,1872.0,72.9,360.0,1.0,Urban,Y
LP007239,Male,Yes,2,Graduate,Yes,6474,0.0,,360.0,0.0,Rural,Y
LP007240,Male,Yes,2,Not Graduate,Yes,1965,1867.0,95.0,360.0,1.0,Semiurban,Y
LP007241,Male,Yes,1,Graduate,Yes,2264,0.0,67.3,300.0,0.0,Rural,N
LP007242,Male,Yes,1,Not Graduate,No,1885,2535.0,125.9,360.0,1.0,Rural,Y
LP007243,Male,No,0,Not Graduate,No,4653,0.0,47.1,360.0,1.0,Rural,Y
LP007244,Female,No,0,Not Graduate,No,2771,0.0,79.2,,0.0,Urban,N
LP007245,Female,No,0,Graduate,No,10516,0.0,266.9,360.0,1.0,Urban,Y
LP007246,Female,Yes,2,Graduate,No,4469,2341.0,131.6,360.0,,Semiurban,Y
LP007247,Female,No,0,Graduate,No,4117,0.0,113.9,360.0,1.0,Semiurban,N
LP007248,Male,Yes,2,Not Graduate,No,2213,1254.0,124.9,360.0,0.0,Rural,N
LP007249,Male,Yes,0,Graduate,,6105,0.0,161.8,360.0,,Urban,Y
LP007250,Male,Yes,0,Graduate,,5469,0.0,253.2,360.0,,Urban,N
LP007251,Female,No,0,Graduate,No,4335,0.0,113.1,360.0,1.0,Semiurban,Y
LP007252,Male,Yes,2,Not Graduate,No,4152,1475.0,162.7,360.0,1.0,Rural,Y
LP007253,Female,No,0,Not Graduate,No,2679,0.0,77.5,,0.0,Urban,N
LP007254,Male,Yes,2,Graduate,No,9616,0.0,110.6,360.0,1.0,Urban,Y
LP007255,Male,Yes,2,Not Graduate,Yes,1784,1919.0,100.1,360.0,1.0,Semiurban,Y
LP007256,Female,Yes,0,Graduate,No,3541,0.0,109.9,360.0,1.0,Semiurban,Y
LP007257,Male,Yes,2,Graduate,Yes,5582,4299.0,256.9,360.0,1.0,Urban,Y
LP007258,Female,No,0,Not Graduate,No,4458,0.0,115.4,360.0,1.0,Semiurban,Y
LP007259,Male,Yes,1,Not Graduate,No,2295,2461.0,128.2,360.0,1.0,Urban,Y
LP007260,Male,Yes,3+,Graduate,No,4084,0.0,39.9,180.0,1.0,Rural,Y
LP007261,Male,No,0,Not Graduate,No,2301,1586.0,131.4,360.0,1.0,Semiurban,Y
LP007262,Male,No,0,Graduate,No,3743,0.0,111.2,480.0,1.0,Urban,N
LP007263,Male,Yes,2,Graduate,No,2008,1551.0,104.9,360.0,1.0,Rural,Y
LP007264,Male,Yes,0,Graduate,No,6547,4631.0,254.3,360.0,,Semiurban,Y
LP007265,Male,No,0,Graduate,Yes,15921,0.0,191.8,360.0,0.0,Urban,Y
LP007266,Female,No,0,Graduate,No,2438,1789.0,103.2,360.0,0.0,Urban,N
LP007267,Male,Yes,2,Graduate,,2489,2408.0,121.7,360.0,1.0,Rural,Y
LP007268,,Yes,3+,Graduate,No,24247,0.0,361.2,360.0,1.0,Rural,Y
LP007269,Female,No,0,Graduate,Yes,2707,1771.0,102.3,300.0,1.0,Semiurban,N
LP007270,Male,No,0,Not Graduate,No,3874,0.0,113.2,360.0,1.0,Rural,Y
LP007271,Male,No,2,Graduate,No,3568,0.0,78.1,360.0,0.0,Rural,N
LP007272,Female,No,0,Graduate,No,6276,0.0,160.7,360.0,1.0,Urban,Y
LP007273,Female,No,0,Graduate,No,4604,0.0,112.3,360.0,1.0,Semiurban,Y
LP007274,Male,Yes,0,Not Graduate,No,2937,3146.0,,360.0,0.0,Urban,N
LP007275,Male,No,0,Graduate,No,4582,2012.0,,360.0,1.0,Semiurban,N
LP007276,Female,No,0,Graduate,No,2721,1547.0,84.9,360.0,,Urban,Y
LP007277,Male,Yes,1,Graduate,No,2814,1896.0,111.1,360.0,1.0,Semiurban,Y
LP007278,Male,No,0,Graduate,No,6159,4460.0,215.4,360.0,0.0,Rural,Y
LP007279,Male,Yes,1,Graduate,,5168,702.0,154.3,360.0,1.0,Rural,Y
LP007280,Female,No,0,Not Graduate,No,4563,0.0,154.7,360.0,1.0,Rural,Y
LP007281,Male,No,0,Graduate,No,2720,1820.0,128.8,360.0,1.0,Rural,Y
LP007282,Male,Yes,0,Graduate,No,3333,2202.0,130.9,360.0,1.0,Rural,N
LP007283,Male,Yes,0,Graduate,Yes,5563,2213.0,182.6,360.0,1.0,Semiurban,Y
LP007284,Male,Yes,2,Graduate,No,3922,3586.0,208.1,360.0,0.0,Urban,N
LP007285,Male,Yes,0,Graduate,No,13988,0.0,442.4,360.0,1.0,Semiurban,Y
LP007286,Male,Yes,0,Graduate,Yes,5919,2181.0,181.2,360.0,1.0,Semiurban,Y
LP007287,,Yes,0,Graduate,No,2363,1896.0,159.8,360.0,1.0,Rural,N
LP007288,Female,No,0,Graduate,Yes,2543,0.0,96.2,360.0,,Urban,Y
LP007289,Male,No,0,Graduate,No,5498,0.0,133.9,360.0,1.0,Urban,Y
LP007290,Male,,,Graduate,No,4709,0.0,152.3,480.0,1.0,Semiurban,Y
LP007291,Male,Yes,0,Not Graduate,No,2605,1651.0,108.5,360.0,1.0,Rural,Y
LP007292,Male,Yes,3+,Graduate,No,39605,0.0,613.8,180.0,0.0,Semiurban,Y
LP007293,Male,Yes,3+,Graduate,No,4597,0.0,103.7,360.0,1.0,Semiurban,Y
LP007294,Male,Yes,0,Graduate,No,11484,0.0,132.3,360.0,1.0,Urban,Y
LP007295,Male,Yes,1,Graduate,No,4478,1442.0,126.9,360.0,1.0,Rural,N
LP007296,Male,No,0,Not Graduate,No,3678,1291.0,102.8,360.0,1.0,Rural,N
LP007297,Male,No,0,Graduate,No,3065,2919.0,91.2,360.0,1.0,Rural,Y
LP007298,Male,Yes,2,Graduate,No,2996,8322.0,202.0,360.0,1.0,Urban,Y
LP007299,Male,Yes,2,Not Graduate,No,3921,1441.0,154.1,360.0,1.0,Rural,Y
LP007300,Male,Yes,0,Graduate,No,4666,2966.0,109.1,12.0,,Urban,Y
LP007301,Female,No,0,Graduate,Yes,3447,0.0,118.3,360.0,,Urban,Y
LP007302,Male,No,0,Graduate,No,4234,0.0,126.1,360.0,1.0,Semiurban,Y
LP007303,Male,Yes,2,Graduate,Yes,2428,4664.0,171.4,360.0,1.0,Rural,Y
LP007304,Male,Yes,0,Not Graduate,,1730,1692.0,95.6,360.0,1.0,Rural,Y
LP007305,Male,Yes,0,Not Graduate,No,2466,3706.0,,180.0,1.0,Urban,N
LP007306,Male,No,0,Graduate,No,3440,0.0,70.5,360.0,1.0,Urban,Y
LP007307,Male,Yes,3+,Not Graduate,No,2817,1715.0,69.3,180.0,0.0,Urban,N
LP007308,Male,No,0,Graduate,Yes,7027,0.0,172.9,180.0,1.0,Semiurban,Y
LP007309,Male,Yes,1,Not Graduate,No,2568,2416.0,91.2,360.0,1.0,Semiurban,Y
LP007310,Male,No,0,Not Graduate,No,2401,1479.0,101.1,480.0,0.0,Urban,N
LP007311,Male,Yes,0,Graduate,No,3125,3118.0,93.1,300.0,,Urban,Y
LP007312,Male,Yes,1,Graduate,Yes,17252,2211.0,85.3,360.0,1.0,Semiurban,Y
LP007313,Male,Yes,2,Graduate,No,9042,0.0,264.4,360.0,0.0,Urban,Y
LP007314,Male,Yes,1,Graduate,Yes,3370,2042.0,168.0,360.0,1.0,Semiurban,Y
LP007315,Male,No,0,Graduate,Yes,7390,0.0,129.4,360.0,1.0,Urban,Y
LP007316,Female,No,1,Graduate,No,2608,0.0,163.6,360.0,1.0,Urban,N
LP007317,Female,No,0,Graduate,No,2292,1873.0,104.3,360.0,0.0,Urban,N
LP007318,Male,No,0,Graduate,No,2489,0.0,97.0,480.0,1.0,Semiurban,N
LP007319,Male,No,0,Graduate,No,6107,0.0,,360.0,1.0,Urban,Y
LP007320,Male,Yes,0,Graduate,No,4093,2420.0,139.2,360.0,1.0,Semiurban,Y
LP007321,Male,Yes,0,Graduate,No,1898,969.0,49.8,360.0,1.0,Semiurban,Y
LP007322,Male,No,0,Graduate,Yes,5292,0.0,123.6,360.0,1.0,Semiurban,Y
LP007323,Male,Yes,2,Not Graduate,No,4328,1493.0,133.7,360.0,1.0,Rural,N
LP007324,Female,No,0,Not Graduate,No,4250,0.0,157.6,360.0,1.0,Rural,Y
LP007325,Male,Yes,0,Graduate,,5729,0.0,252.9,360.0,,Urban,N
LP007326,Male,Yes,2,Not Graduate,Yes,1914,1893.0,100.7,360.0,1.0,Semiurban,Y
LP007327,Male,Yes,0,Graduate,No,9271,0.0,185.7,180.0,1.0,Rural,Y
LP007328,Male,Yes,3+,Graduate,No,4165,1900.0,158.4,360.0,0.0,Urban,Y
LP007329,Male,Yes,0,Graduate,No,2449,2078.0,116.0,360.0,1.0,Semiurban,Y
LP007330,Male,Yes,2,Graduate,No,11886,1083.0,220.9,360.0,1.0,Urban,Y
LP007331,Male,Yes,0,Graduate,,3772,0.0,42.7,180.0,1.0,Rural,Y
LP007332,Male,No,0,Graduate,No,1849,1252.0,45.7,360.0,1.0,Urban,Y
LP007333,Male,No,0,Graduate,No,14786,0.0,234.4,360.0,0.0,Semiurban,Y
LP007334,Male,No,0,Graduate,No,2743,1924.0,126.4,360.0,1.0,Rural,Y
LP007335,Female,No,0,Not Graduate,No,4412,0.0,154.7,360.0,1.0,Rural,Y
LP007336,Female,No,0,Graduate,No,2943,0.0,58.1,360.0,1.0,Urban,Y
LP007337,Male,Yes,2,Graduate,No,3636,4391.0,252.0,360.0,1.0,Rural,Y
LP007338,Male,Yes,1,Graduate,No,6976,1702.0,110.6,,0.0,Urban,Y
LP007339,Male,Yes,0,Not Graduate,No,2152,2488.0,111.8,360.0,1.0,Urban,Y
LP007340,Male,Yes,3+,Graduate,No,3364,2385.0,121.1,360.0,0.0,Rural,N
LP007341,Male,Yes,0,Graduate,No,5728,0.0,128.0,360.0,1.0,Rural,Y
LP007342,Female,No,0,Graduate,No,2295,0.0,46.1,360.0,1.0,Rural,N
LP007343,Female,No,0,Graduate,Yes,4358,0.0,129.7,360.0,0.0,Semiurban,N
LP007344,Male,No,0,Not Graduate,No,3594,0.0,106.5,360.0,1.0,Rural,Y
LP007345,Male,No,0,Graduate,No,12384,0.0,163.1,360.0,1.0,Semiurban,N
LP007346,Male,Yes,1,Graduate,Yes,2810,0.0,93.8,360.0,1.0,Semiurban,Y
LP007347,Male,No,0,Not Graduate,No,3106,2617.0,121.5,,1.0,Rural,Y
LP007348,Male,Yes,,Not Graduate,Yes,4559,0.0,142.7,360.0,1.0,Urban,N
LP007349,Female,No,0,Graduate,Yes,16098,0.0,53.9,360.0,1.0,Semiurban,Y
LP007350,Male,No,0,Graduate,No,14352,0.0,248.9,360.0,0.0,Semiurban,Y
LP007351,Female,No,0,Graduate,No,9831,1724.0,232.6,360.0,1.0,Rural,N
LP007352,Male,No,0,Graduate,,4940,0.0,121.8,360.0,1.0,Semiurban,Y
LP007353,Male,No,1,Not Graduate,Yes,2784,1526.0,196.9,360.0,,Semiurban,N
LP007354,Male,Yes,0,Not Graduate,Yes,2669,3380.0,169.5,180.0,0.0,Rural,N
LP007355,Male,Yes,0,Graduate,No,4667,3688.0,,360.0,1.0,Semiurban,Y
LP007356,Male,No,0,Graduate,No,2955,1826.0,126.9,360.0,1.0,Rural,Y
LP007357,Male,Yes,2,Graduate,Yes,5661,3987.0,265.1,360.0,1.0,Urban,Y
LP007358,Female,Yes,2,Graduate,No,14660,0.0,70.0,360.0,1.0,Urban,Y
LP007359,Male,Yes,1,Graduate,No,34785,0.0,267.8,360.0,1.0,Semiurban,N
LP007360,Male,Yes,2,Not Graduate,No,4326,1087.0,108.3,360.0,1.0,Urban,Y
LP007361,Male,Yes,0,Graduate,No,2894,2034.0,107.0,360.0,1.0,Rural,Y
LP007362,Male,Yes,0,Graduate,No,5539,2210.0,170.0,360.0,1.0,Rural,N
LP007363,Male,Yes,2,Graduate,No,3162,1610.0,137.5,360.0,1.0,Urban,Y
LP007364,Female,No,0,Graduate,Yes,15626,0.0,56.2,360.0,1.0,Semiurban,Y
LP007365,Male,Yes,2,Graduate,Yes,6468,1243.0,108.0,360.0,1.0,Rural,Y
LP007366,Male,No,0,Graduate,,3095,2820.0,158.1,360.0,1.0,Urban,Y
LP007367,Male,Yes,0,Graduate,No,3629,1741.0,132.9,360.0,1.0,Semiurban,Y
LP007368,Male,Yes,2,Graduate,No,2018,1589.0,97.3,360.0,1.0,Rural,Y
LP007369,Female,No,0,Graduate,No,4865,2581.0,151.8,480.0,1.0,Rural,N
LP007370,Male,Yes,0,Graduate,No,3386,2227.0,133.9,360.0,1.0,Rural,N
LP007371,Female,No,0,Graduate,,3293,0.0,140.2,360.0,1.0,Rural,N
LP007372,Female,No,0,Graduate,No,2356,1861.0,104.1,360.0,0.0,Urban,N
LP007373,Male,Yes,0,Graduate,No,3296,2004.0,104.4,360.0,0.0,Urban,N
LP007374,Male,Yes,0,Graduate,No,3670,1976.0,122.0,360.0,1.0,Rural,Y
LP007375,Male,,,Graduate,No,3910,757.0,159.8,360.0,1.0,Urban,Y
LP007376,Male,Yes,2,Graduate,No,6008,1689.0,205.4,360.0,1.0,Semiurban,Y
LP007377,Male,Yes,2,Graduate,No,9458,0.0,112.3,360.0,1.0,Urban,Y
LP007378,Female,No,0,Not Graduate,Yes,17793,0.0,233.0,360.0,1.0,Semiurban,Y
LP007379,Female,Yes,2,Graduate,No,1414,1810.0,165.8,360.0,1.0,Urban,N
LP007380,Male,Yes,0,Graduate,Yes,38701,4821.0,121.7,360.0,1.0,Semiurban,Y
LP007381,Female,No,2,Graduate,No,3582,0.0,143.3,360.0,1.0,Urban,N
LP007382,Female,Yes,0,Graduate,No,2522,483.0,133.4,360.0,1.0,Semiurban,Y
LP007383,Male,No,0,Graduate,No,3576,0.0,128.6,360.0,1.0,Semiurban,N
LP007384,Male,Yes,0,Graduate,No,3208,1926.0,110.0,360.0,1.0,Rural,Y
LP007385,Male,Yes,2,Not Graduate,No,4511,0.0,113.8,360.0,1.0,Rural,Y
